profile_id,event_ts,event_name,purchased_7d
728,2025-01-22T16:16:11,Blotout Viewed Product Xyz,0
479,2025-03-15T21:18:31,Active on Site,0
231,2025-02-20T07:24:18,Opened Email,0
2610,2025-04-15T19:34:39,SMS Sent,0
697,2025-04-26T01:33:41,Viewed Product XYZ   ,0
2136,2025-04-14T12:47:14,Clicked email link,0
617,2025-02-28T12:59:51,Active on Site,0
2831,2025-03-02T05:19:35,Email Open,0
806,2025-02-08T01:54:58,Clicked email to unsubscribe,0
2847,2025-03-22T13:13:07,Black Crow Identified,0
1080,2025-01-22T23:42:55,Clicked email to unsubscribe,0
375,2025-03-27T13:20:17,Active on Site,0
1825,2025-03-17T17:28:21,Blotout Viewed Product Xyz,0
1552,2025-03-12T15:49:53,Octane: Quiz Completed: Find The Perfect Eye Shadow   .,0
2637,2025-04-08T08:23:26,Viewed Product XYZ   ,0
1818,2025-01-25T00:05:43,Placed Order,1
2476,2025-03-30T19:41:23,Email Open,0
1609,2025-03-30T02:47:38,Order Placed,1
1952,2025-02-02T19:21:32,Octane: Quiz Completed: Find The Perfect Eye Shadow   .,0
725,2025-01-07T14:47:45,Clicked email to unsubscribe,0
205,2025-01-21T22:33:48,Email Open,0
499,2025-03-23T00:30:43,Viewed Product XYZ   ,0
2662,2025-01-18T19:18:10,Order Placed,1
1677,2025-03-07T21:03:39,Clicked email link,0
1288,2025-04-24T03:02:07,SMS Delivered,0
1650,2025-04-16T19:08:19,Viewed Product XYZ   ,0
1470,2025-01-06T00:51:01,Viewed Product.,0
2037,2025-03-22T10:51:16,Order Placed,1
2612,2025-03-28T15:17:46,Viewed Product.,0
1791,2025-03-14T02:18:30,Clicked email link,0
1682,2025-04-10T00:40:40,Placed Order,1
780,2025-03-22T00:51:42,Blotout Viewed Product Xyz,0
651,2025-04-18T08:48:15,Black Crow Identified,0
2641,2025-02-15T15:03:36,Email Open,0
2293,2025-02-25T09:37:07,Active on Site,0
2323,2025-04-02T00:29:12,Active on Site,0
803,2025-04-09T09:32:19,Viewed Product XYZ   ,0
1155,2025-01-11T12:18:59,Octane: Quiz Completed: Find The Perfect Eye Shadow   .,0
1893,2025-04-28T15:38:49,Viewed Product.,0
2545,2025-01-23T09:58:04,Order Placed,1
2316,2025-03-22T12:24:27,Order Placed,1
196,2025-03-21T10:15:21,Clicked email link,0
1523,2025-03-29T10:42:19,Viewed Product.,1
2250,2025-02-06T16:21:28,Clicked Email,0
508,2025-01-08T01:20:48,Viewed Product XYZ   ,0
717,2025-02-06T02:42:05,Placed Order,1
1377,2025-02-08T23:58:41,Clicked Email,0
660,2025-02-11T16:57:48,Viewed Product XYZ   ,0
1337,2025-02-08T18:04:10,Octane: Quiz Completed: Find The Perfect Eye Shadow   .,1
150,2025-04-20T12:07:53,Unsubscribed,0
667,2025-03-23T16:01:17,Email Open,0
483,2025-04-01T21:16:53,SMS Sent,0
2915,2025-03-21T14:55:07,SMS Sent,0
2153,2025-02-01T08:26:40,Order Placed,1
2921,2025-01-20T16:59:54,Clicked Email,0
1949,2025-01-21T15:48:53,Clicked Email,0
518,2025-03-06T13:41:01,Opened Email,0
621,2025-04-04T09:15:17,Clicked email link,0
1701,2025-03-18T03:37:03,SMS Delivered,0
1699,2025-01-19T05:04:43,Placed Order,1
960,2025-03-05T04:00:26,Clicked email to unsubscribe,0
2965,2025-01-10T06:21:24,Clicked Email,0
1183,2025-02-04T18:07:16,Order Placed,1
2645,2025-03-19T04:12:12,Viewed Product.,0
2981,2025-04-16T12:28:30,Viewed Product.,0
2392,2025-02-14T06:38:33,Email Open,0
1398,2025-02-14T22:26:30,Active on Site,0
2252,2025-01-06T02:44:47,Viewed Product.,0
840,2025-01-11T15:50:31,Viewed Product.,0
2989,2025-03-21T17:10:19,SMS Delivered,0
408,2025-04-07T05:46:10,Unsubscribed,0
467,2025-03-27T05:36:30,Email Open,0
1797,2025-04-04T08:47:57,Viewed Product.,0
2810,2025-02-19T14:48:22,SMS Delivered,0
2665,2025-03-02T01:47:25,SMS Sent,0
1457,2025-03-11T06:19:29,Placed Order,1
703,2025-03-30T02:04:02,Opened Email,1
2142,2025-03-25T08:40:39,Clicked email link,0
309,2025-02-12T21:33:23,Blotout Viewed Product Xyz,0
2730,2025-03-20T22:18:56,Octane: Quiz Completed: Find The Perfect Eye Shadow   .,0
2448,2025-04-01T06:20:46,Clicked email link,0
1010,2025-03-23T17:03:09,Placed Order,1
2945,2025-02-11T18:16:55,Clicked email to unsubscribe,0
1358,2025-01-03T19:41:55,Order Placed,1
2221,2025-03-17T09:25:57,SMS Sent,0
562,2025-03-09T19:48:17,Order Placed,1
2730,2025-03-12T02:04:27,Opened Email,0
2093,2025-01-28T11:28:18,Viewed Product.,0
1974,2025-03-23T03:18:24,Clicked Email,0
1682,2025-04-17T12:09:09,Order Placed,1
1681,2025-01-05T12:31:08,Viewed Product.,0
1788,2025-02-26T23:55:53,Octane: Quiz Completed: Find The Perfect Eye Shadow   .,0
2755,2025-03-30T01:26:53,Active on Site,0
608,2025-03-07T23:53:15,Clicked email to unsubscribe,0
1817,2025-01-18T14:14:25,Active on Site,0
1915,2025-01-12T20:09:19,Blotout Viewed Product Xyz,0
1407,2025-04-26T06:47:16,Order Placed,1
2986,2025-03-28T08:05:53,Placed Order,1
2189,2025-02-26T17:34:03,Clicked email to unsubscribe,0
1604,2025-01-18T06:21:30,SMS Sent,0
2137,2025-01-29T07:23:14,Email Open,0
1308,2025-04-03T01:54:11,Clicked email link,0
1334,2025-03-04T15:33:24,Blotout Viewed Product Xyz,0
2814,2025-01-28T12:20:47,Placed Order,1
955,2025-03-04T19:37:47,Clicked email to unsubscribe,0
400,2025-03-24T05:43:05,Blotout Viewed Product Xyz,0
2301,2025-03-13T23:03:47,Clicked email link,0
699,2025-01-13T10:38:22,Viewed Product XYZ   ,0
602,2025-01-17T07:23:17,Placed Order,1
893,2025-03-25T11:18:24,Blotout Viewed Product Xyz,0
1213,2025-01-26T14:06:08,Viewed Product.,0
433,2025-04-05T11:03:21,Octane: Quiz Completed: Find The Perfect Eye Shadow   .,0
1157,2025-01-05T07:28:30,Order Placed,1
2561,2025-02-09T03:16:27,Black Crow Identified,0
532,2025-01-17T11:09:33,Opened Email,1
2070,2025-01-05T20:38:25,Email Open,0
136,2025-04-11T08:55:58,Clicked Email,0
2583,2025-04-09T03:22:10,Black Crow Identified,0
2690,2025-03-23T11:57:52,Opened Email,1
1415,2025-04-02T11:22:46,Octane: Quiz Completed: Find The Perfect Eye Shadow   .,0
2595,2025-01-21T16:57:58,Blotout Viewed Product Xyz,0
2626,2025-02-14T06:28:21,Blotout Viewed Product Xyz,0
1979,2025-03-04T02:23:10,Active on Site,0
2112,2025-04-07T22:24:43,Clicked email to unsubscribe,0
1034,2025-04-21T10:07:28,Viewed Product XYZ   ,0
2981,2025-01-21T14:27:32,SMS Sent,0
1057,2025-03-16T03:02:40,Clicked Email,0
2495,2025-01-18T19:01:52,Blotout Viewed Product Xyz,0
1681,2025-01-08T06:51:10,Viewed Product.,0
2344,2025-04-08T14:54:59,Clicked Email,0
1091,2025-02-01T12:59:42,Clicked email link,0
2736,2025-01-13T02:46:16,SMS Delivered,0
1780,2025-03-09T06:56:52,SMS Delivered,0
99,2025-02-24T00:39:23,Clicked Email,0
1929,2025-01-01T19:34:23,Clicked Email,0
2380,2025-03-17T23:07:43,SMS Sent,0
2159,2025-04-30T13:40:01,Order Placed,1
2353,2025-04-04T21:27:19,Order Placed,1
1274,2025-04-09T00:48:46,Black Crow Identified,1
73,2025-01-03T00:54:17,Viewed Product XYZ   ,0
34,2025-04-09T08:14:23,Email Open,0
1477,2025-02-09T03:48:54,Opened Email,0
2831,2025-01-29T11:05:52,Opened Email,0
2647,2025-03-10T04:41:31,Viewed Product.,0
1212,2025-03-10T18:32:52,Clicked email link,0
1848,2025-04-11T07:30:38,Placed Order,1
843,2025-02-22T18:57:05,Black Crow Identified,0
356,2025-02-07T15:12:19,Active on Site,0
797,2025-02-14T23:20:26,Email Open,0
2319,2025-02-28T21:12:01,Viewed Product.,0
1747,2025-01-01T00:43:59,SMS Delivered,0
2208,2025-02-20T23:55:49,Placed Order,1
1550,2025-04-25T20:11:36,Octane: Quiz Completed: Find The Perfect Eye Shadow   .,0
1740,2025-03-30T09:09:35,Blotout Viewed Product Xyz,0
1550,2025-03-16T18:42:33,Clicked email to unsubscribe,0
2466,2025-04-14T00:51:57,Active on Site,0
951,2025-03-18T03:52:34,Viewed Product XYZ   ,0
1149,2025-01-15T10:59:41,Email Open,0
2363,2025-03-29T04:19:26,Order Placed,1
1927,2025-04-13T18:26:31,Clicked email to unsubscribe,0
35,2025-03-01T07:59:08,Placed Order,1
330,2025-02-04T06:50:26,SMS Sent,0
1531,2025-03-02T23:07:53,Viewed Product XYZ   ,0
1209,2025-01-19T09:22:59,Opened Email,0
2308,2025-01-23T03:47:53,Active on Site,0
1536,2025-02-16T12:03:29,Clicked email link,0
2886,2025-02-18T14:44:35,SMS Delivered,0
527,2025-04-22T05:54:23,Active on Site,0
296,2025-01-23T16:29:12,Active on Site,0
143,2025-01-23T22:32:31,SMS Delivered,0
2896,2025-01-06T08:16:11,Octane: Quiz Completed: Find The Perfect Eye Shadow   .,0
1966,2025-03-24T05:04:36,Opened Email,0
2978,2025-01-05T03:12:45,Placed Order,1
666,2025-01-13T02:28:51,Unsubscribed,0
2316,2025-04-13T09:59:33,Viewed Product.,0
2648,2025-03-30T16:18:53,SMS Delivered,0
1824,2025-04-19T00:49:35,Active on Site,0
2,2025-02-13T11:55:44,SMS Sent,0
1832,2025-03-17T01:35:26,Unsubscribed,0
932,2025-03-28T04:36:12,Email Open,0
2474,2025-01-21T20:23:20,Clicked email link,0
603,2025-04-01T11:05:44,Unsubscribed,0
2276,2025-04-29T16:51:15,Black Crow Identified,0
107,2025-02-02T23:59:37,Octane: Quiz Completed: Find The Perfect Eye Shadow   .,0
1690,2025-03-28T00:00:06,Black Crow Identified,0
557,2025-02-28T19:55:57,Clicked Email,0
897,2025-04-03T12:47:54,Clicked Email,0
759,2025-04-28T12:01:19,Clicked email to unsubscribe,0
2339,2025-04-24T21:34:03,Email Open,0
1931,2025-01-25T04:35:54,Order Placed,1
2924,2025-01-05T16:23:26,Octane: Quiz Completed: Find The Perfect Eye Shadow   .,0
1665,2025-02-25T03:14:14,SMS Delivered,0
462,2025-03-30T17:00:00,Order Placed,1
10,2025-03-16T04:10:09,Unsubscribed,0
2591,2025-01-15T14:02:18,Blotout Viewed Product Xyz,1
1763,2025-02-25T23:30:25,Black Crow Identified,0
849,2025-02-28T22:34:31,Opened Email,0
1326,2025-01-24T10:25:07,Email Open,0
1460,2025-04-08T11:28:19,Unsubscribed,0
1510,2025-03-17T15:11:40,Opened Email,0
1506,2025-04-21T23:52:56,Opened Email,0
1723,2025-01-27T21:28:05,Unsubscribed,0
2204,2025-04-02T19:40:40,SMS Sent,1
1129,2025-01-26T21:35:31,Clicked email link,0
2491,2025-04-29T11:05:40,Email Open,0
2095,2025-01-25T03:31:00,Viewed Product XYZ   ,0
2797,2025-01-04T12:08:26,Clicked email to unsubscribe,0
1003,2025-04-28T23:21:48,Octane: Quiz Completed: Find The Perfect Eye Shadow   .,0
415,2025-04-14T04:43:54,Clicked email link,1
1918,2025-01-28T23:28:40,Opened Email,0
2680,2025-01-21T21:25:01,SMS Sent,0
1569,2025-03-25T13:20:33,SMS Sent,0
349,2025-03-25T01:26:00,SMS Sent,0
1478,2025-02-05T14:52:00,Opened Email,1
2490,2025-01-18T09:52:53,Active on Site,0
1299,2025-01-18T10:24:25,SMS Sent,0
1000,2025-02-11T12:08:04,Placed Order,1
1466,2025-04-02T05:50:18,Clicked Email,0
1457,2025-01-23T21:06:42,Active on Site,0
1785,2025-03-15T22:45:58,Black Crow Identified,0
2961,2025-03-25T12:19:46,SMS Sent,0
1675,2025-03-23T03:12:18,Unsubscribed,0
1413,2025-03-26T23:35:12,SMS Delivered,0
2569,2025-01-22T08:10:57,SMS Delivered,0
2465,2025-01-24T10:32:07,Placed Order,1
2267,2025-03-04T20:16:25,Order Placed,1
2411,2025-04-06T20:00:27,Octane: Quiz Completed: Find The Perfect Eye Shadow   .,0
2416,2025-04-16T23:08:55,Opened Email,0
2324,2025-03-05T15:43:40,Clicked Email,0
1352,2025-02-03T03:04:03,SMS Sent,0
2663,2025-01-10T10:11:16,Viewed Product.,0
2428,2025-02-14T19:01:28,Opened Email,0
1517,2025-03-09T21:56:02,Email Open,0
596,2025-03-09T09:31:33,Blotout Viewed Product Xyz,0
2559,2025-03-18T12:04:16,Clicked email to unsubscribe,0
416,2025-03-16T18:30:58,Clicked email to unsubscribe,0
2600,2025-01-13T16:32:14,Email Open,0
750,2025-02-10T03:48:03,Viewed Product.,0
922,2025-03-05T06:51:52,SMS Sent,0
2190,2025-03-10T09:57:10,Email Open,0
1781,2025-04-25T20:16:31,Viewed Product.,0
2517,2025-04-07T19:43:19,Opened Email,0
398,2025-01-25T07:36:59,Blotout Viewed Product Xyz,0
1150,2025-02-07T01:57:30,Clicked email link,0
1830,2025-03-20T08:51:53,Black Crow Identified,0
1578,2025-03-11T16:44:07,Clicked email link,0
350,2025-02-21T00:16:32,Placed Order,1
1389,2025-01-25T16:09:29,Clicked email to unsubscribe,0
1740,2025-01-11T12:04:33,Clicked email to unsubscribe,0
223,2025-01-14T11:50:37,Email Open,0
565,2025-02-26T01:35:20,Opened Email,0
2565,2025-03-23T00:45:12,SMS Delivered,0
1562,2025-03-16T01:18:36,Unsubscribed,0
832,2025-03-02T20:10:32,Clicked Email,0
1159,2025-02-17T15:56:49,Opened Email,1
160,2025-02-27T13:28:10,Order Placed,1
2983,2025-03-05T04:03:50,Black Crow Identified,0
117,2025-03-18T20:06:01,Opened Email,0
2047,2025-02-28T22:52:07,Unsubscribed,1
2049,2025-02-13T19:11:27,Clicked email to unsubscribe,0
2360,2025-01-24T14:32:48,Clicked Email,0
2655,2025-01-05T08:44:13,Viewed Product XYZ   ,0
2755,2025-01-17T16:41:56,Order Placed,1
2186,2025-04-30T05:46:36,SMS Delivered,0
947,2025-03-17T21:15:23,Octane: Quiz Completed: Find The Perfect Eye Shadow   .,0
106,2025-02-02T05:24:50,Order Placed,1
1807,2025-04-25T21:41:29,SMS Sent,0
1018,2025-04-27T17:29:05,Clicked email to unsubscribe,0
2390,2025-04-17T05:28:41,Unsubscribed,0
1812,2025-04-11T00:51:02,Black Crow Identified,0
2271,2025-03-22T08:21:56,Placed Order,1
2176,2025-03-12T08:19:25,Opened Email,0
787,2025-03-12T13:03:11,Order Placed,1
1693,2025-03-11T19:47:26,Blotout Viewed Product Xyz,0
2156,2025-02-18T11:47:39,Black Crow Identified,0
591,2025-04-05T11:59:35,Octane: Quiz Completed: Find The Perfect Eye Shadow   .,0
1746,2025-03-24T01:24:11,Viewed Product.,0
334,2025-02-13T12:03:41,Clicked email to unsubscribe,0
1113,2025-02-13T23:26:33,Viewed Product.,0
50,2025-02-21T00:31:22,Active on Site,0
947,2025-04-30T10:22:08,Unsubscribed,1
902,2025-01-05T23:38:01,Octane: Quiz Completed: Find The Perfect Eye Shadow   .,0
2406,2025-01-23T02:22:42,SMS Delivered,0
1779,2025-02-21T15:15:22,SMS Sent,0
2930,2025-03-17T19:41:39,Email Open,0
2031,2025-01-30T12:22:58,Active on Site,0
1460,2025-02-07T13:44:21,SMS Delivered,0
195,2025-03-31T10:55:24,Clicked email to unsubscribe,0
2693,2025-03-09T16:23:34,Black Crow Identified,0
463,2025-02-09T17:08:27,Clicked email link,0
1058,2025-04-27T08:30:34,Active on Site,0
1250,2025-04-30T14:46:42,Unsubscribed,0
983,2025-01-25T03:30:08,Email Open,0
612,2025-03-07T09:42:56,Clicked email to unsubscribe,0
2778,2025-04-03T20:12:33,Clicked email link,0
1190,2025-03-07T08:45:55,Clicked Email,1
1653,2025-01-28T16:58:51,Unsubscribed,0
230,2025-03-03T08:49:28,Black Crow Identified,0
967,2025-04-03T10:58:28,Active on Site,0
154,2025-03-12T18:39:26,Clicked Email,0
1793,2025-04-20T20:48:09,Clicked Email,0
880,2025-03-16T12:44:39,Email Open,0
2029,2025-03-22T22:28:25,Unsubscribed,0
451,2025-04-09T06:56:23,Order Placed,1
579,2025-03-26T01:17:27,Octane: Quiz Completed: Find The Perfect Eye Shadow   .,0
15,2025-04-28T14:53:34,SMS Sent,0
2490,2025-01-26T05:08:19,Email Open,0
489,2025-03-02T12:27:02,Unsubscribed,0
77,2025-02-24T05:30:22,Viewed Product.,0
1688,2025-03-18T13:07:05,Blotout Viewed Product Xyz,0
32,2025-01-28T04:31:20,SMS Sent,0
1755,2025-03-08T11:17:19,Blotout Viewed Product Xyz,0
1410,2025-01-07T13:41:53,Email Open,0
610,2025-03-31T12:50:56,SMS Delivered,0
2455,2025-01-07T07:41:56,Viewed Product.,0
232,2025-03-17T13:12:28,Placed Order,1
2221,2025-04-26T11:36:45,Order Placed,1
1853,2025-02-17T03:18:40,Order Placed,1
1314,2025-02-23T08:09:03,Email Open,0
1358,2025-03-12T04:32:04,SMS Sent,0
1093,2025-03-27T05:32:06,Email Open,0
1003,2025-04-08T15:04:54,Clicked Email,0
1746,2025-04-11T22:11:01,Email Open,0
1391,2025-04-30T12:15:00,Active on Site,0
161,2025-03-03T17:04:35,Octane: Quiz Completed: Find The Perfect Eye Shadow   .,0
415,2025-02-27T14:01:30,Placed Order,1
82,2025-02-23T07:42:08,Email Open,0
642,2025-02-17T01:04:13,Unsubscribed,1
329,2025-04-27T07:46:51,Octane: Quiz Completed: Find The Perfect Eye Shadow   .,0
1179,2025-04-02T17:13:13,Viewed Product XYZ   ,0
2535,2025-03-28T18:29:49,Viewed Product XYZ   ,0
2429,2025-03-01T14:10:09,Email Open,1
2478,2025-02-24T21:48:54,Opened Email,0
2297,2025-01-27T13:15:58,Black Crow Identified,0
2252,2025-04-18T08:01:58,SMS Sent,0
1714,2025-03-01T22:10:33,Order Placed,1
2395,2025-04-30T23:37:35,Viewed Product XYZ   ,0
1462,2025-04-05T12:58:32,Octane: Quiz Completed: Find The Perfect Eye Shadow   .,0
1037,2025-04-13T08:40:46,Clicked email to unsubscribe,0
1035,2025-01-28T11:17:52,Black Crow Identified,0
244,2025-03-18T09:15:26,Order Placed,1
2228,2025-03-24T10:43:38,Viewed Product XYZ   ,0
1406,2025-01-02T02:00:18,SMS Delivered,0
2886,2025-02-05T11:34:07,Viewed Product.,0
403,2025-04-11T13:02:50,Clicked email to unsubscribe,1
2864,2025-02-16T22:06:15,Clicked Email,0
1184,2025-04-16T15:02:40,Email Open,0
195,2025-04-17T19:42:43,Unsubscribed,0
1918,2025-04-26T04:13:51,Email Open,0
789,2025-04-06T04:52:59,Blotout Viewed Product Xyz,0
843,2025-02-28T07:48:16,Unsubscribed,0
2429,2025-04-02T14:50:11,Placed Order,1
624,2025-02-27T20:03:24,Viewed Product XYZ   ,0
1423,2025-02-18T08:43:46,Blotout Viewed Product Xyz,0
167,2025-04-06T02:22:29,Placed Order,1
1393,2025-02-24T16:42:31,Black Crow Identified,0
1754,2025-03-03T13:07:31,Placed Order,1
2653,2025-01-08T14:43:20,Order Placed,1
165,2025-01-04T07:40:42,SMS Sent,0
681,2025-04-03T00:26:53,Viewed Product XYZ   ,0
2930,2025-02-28T02:19:52,Active on Site,0
11,2025-04-20T23:33:23,Clicked email to unsubscribe,0
218,2025-03-04T13:38:48,Viewed Product.,0
2683,2025-01-29T05:02:47,Email Open,0
106,2025-02-08T20:13:49,Viewed Product XYZ   ,0
2512,2025-03-25T16:30:41,Order Placed,1
2414,2025-02-03T17:30:35,Black Crow Identified,0
1451,2025-03-09T14:54:40,Clicked email to unsubscribe,0
2151,2025-03-06T11:57:00,SMS Sent,0
168,2025-01-02T12:53:30,Order Placed,1
27,2025-01-13T09:15:51,Unsubscribed,0
2562,2025-03-17T01:25:57,Email Open,0
2961,2025-02-26T14:02:33,Active on Site,1
2909,2025-01-14T14:43:47,Octane: Quiz Completed: Find The Perfect Eye Shadow   .,0
2267,2025-04-23T07:08:45,Clicked email to unsubscribe,0
2926,2025-02-01T22:57:02,Blotout Viewed Product Xyz,0
2049,2025-02-28T19:25:26,SMS Sent,0
2881,2025-01-09T20:33:33,Black Crow Identified,0
724,2025-04-26T13:51:36,Clicked email to unsubscribe,1
1727,2025-02-26T12:41:54,SMS Sent,0
176,2025-04-26T01:39:50,Octane: Quiz Completed: Find The Perfect Eye Shadow   .,0
1569,2025-04-05T16:21:53,Placed Order,1
1337,2025-02-06T17:09:28,Opened Email,0
1365,2025-02-15T16:31:49,SMS Sent,0
1176,2025-01-18T17:19:32,Unsubscribed,0
2468,2025-01-22T16:04:55,Order Placed,1
2120,2025-02-27T05:42:12,Placed Order,1
627,2025-04-20T01:39:27,Blotout Viewed Product Xyz,0
154,2025-02-27T14:35:28,Unsubscribed,0
1536,2025-02-17T16:56:11,Unsubscribed,0
273,2025-01-02T22:40:35,Clicked Email,0
2376,2025-04-12T00:57:59,Black Crow Identified,0
856,2025-03-15T09:31:50,Order Placed,1
198,2025-04-27T20:47:49,Viewed Product XYZ   ,0
745,2025-01-06T00:44:54,Black Crow Identified,0
97,2025-02-16T17:29:02,Octane: Quiz Completed: Find The Perfect Eye Shadow   .,0
1900,2025-03-20T11:07:54,Black Crow Identified,0
1231,2025-01-29T14:22:24,SMS Delivered,0
584,2025-02-04T20:01:49,Viewed Product XYZ   ,0
1003,2025-04-13T20:38:42,Active on Site,0
1267,2025-01-29T00:53:49,Active on Site,0
1187,2025-01-04T13:24:43,Email Open,0
1190,2025-03-01T10:26:13,Placed Order,1
738,2025-04-16T11:19:36,Clicked Email,0
1438,2025-01-08T09:44:17,Clicked Email,0
1135,2025-03-04T16:06:51,Viewed Product XYZ   ,0
567,2025-04-05T07:41:51,SMS Delivered,0
748,2025-01-16T08:38:16,Octane: Quiz Completed: Find The Perfect Eye Shadow   .,0
2705,2025-03-19T19:22:30,Order Placed,1
2301,2025-03-14T17:59:48,Black Crow Identified,0
1620,2025-02-15T18:27:47,Octane: Quiz Completed: Find The Perfect Eye Shadow   .,0
198,2025-03-31T07:27:05,Order Placed,1
2455,2025-01-14T22:51:56,Black Crow Identified,0
430,2025-03-27T13:30:18,Unsubscribed,0
595,2025-01-28T12:49:16,Opened Email,0
1698,2025-01-13T04:07:19,Octane: Quiz Completed: Find The Perfect Eye Shadow   .,1
2635,2025-02-06T17:35:41,Clicked email link,0
195,2025-04-12T10:55:23,Clicked email link,0
1181,2025-02-08T05:39:11,Viewed Product XYZ   ,0
71,2025-03-01T15:16:10,Email Open,0
335,2025-03-04T21:34:09,Blotout Viewed Product Xyz,0
1858,2025-04-10T04:29:38,Viewed Product.,0
2648,2025-03-03T01:51:26,Clicked email link,0
2617,2025-03-26T17:24:21,Viewed Product.,0
2803,2025-01-12T03:39:28,Octane: Quiz Completed: Find The Perfect Eye Shadow   .,0
1973,2025-03-04T00:26:39,Clicked email link,0
964,2025-03-04T19:20:23,Email Open,0
1054,2025-04-20T21:28:46,Clicked email to unsubscribe,0
2938,2025-02-18T00:13:26,Active on Site,0
1433,2025-01-02T16:18:08,Blotout Viewed Product Xyz,0
151,2025-02-08T12:35:18,Placed Order,1
2425,2025-04-17T12:51:40,Clicked Email,0
530,2025-03-21T00:34:24,Opened Email,0
414,2025-01-11T05:13:08,Black Crow Identified,0
2164,2025-03-26T03:23:40,Viewed Product.,0
8,2025-04-08T01:27:21,Black Crow Identified,0
2822,2025-02-19T20:02:53,Black Crow Identified,0
957,2025-04-08T11:42:34,Order Placed,1
2495,2025-01-15T23:05:51,SMS Sent,0
1427,2025-01-11T17:20:33,Octane: Quiz Completed: Find The Perfect Eye Shadow   .,0
1775,2025-01-20T22:57:52,Viewed Product.,0
1655,2025-03-25T16:47:34,Viewed Product XYZ   ,0
1154,2025-01-01T21:18:16,Clicked Email,0
1832,2025-01-12T20:43:42,Unsubscribed,0
2094,2025-04-12T01:38:23,Unsubscribed,0
2814,2025-03-11T13:28:21,Viewed Product.,1
837,2025-01-30T08:40:17,Unsubscribed,0
2723,2025-03-21T01:25:13,Clicked email link,0
2949,2025-02-13T10:52:06,Active on Site,0
1153,2025-03-02T07:26:17,Viewed Product.,0
560,2025-01-23T04:41:33,Black Crow Identified,0
1483,2025-04-21T09:58:41,Black Crow Identified,0
2507,2025-01-31T17:36:48,Viewed Product XYZ   ,0
2317,2025-03-25T02:34:48,Order Placed,1
386,2025-04-24T07:41:51,Placed Order,1
2018,2025-01-28T12:01:33,Active on Site,0
2191,2025-04-07T02:59:39,Opened Email,0
1355,2025-02-12T16:49:59,Viewed Product.,0
1208,2025-02-06T06:11:08,Clicked email link,0
1775,2025-04-08T08:06:46,Placed Order,1
2752,2025-02-17T04:03:09,Opened Email,0
1844,2025-01-07T01:13:45,Order Placed,1
634,2025-03-26T18:00:53,Viewed Product.,1
1212,2025-03-11T00:50:25,Blotout Viewed Product Xyz,0
2568,2025-04-22T23:25:42,Clicked Email,0
2798,2025-03-14T04:50:45,Active on Site,0
745,2025-02-03T19:12:41,Opened Email,0
2559,2025-01-07T13:43:54,Placed Order,1
176,2025-01-02T03:03:22,Black Crow Identified,0
149,2025-02-19T09:01:23,Placed Order,1
2483,2025-04-27T20:14:21,Viewed Product.,0
1556,2025-01-11T11:08:10,Placed Order,1
2177,2025-01-28T03:57:23,Clicked email link,0
631,2025-01-18T22:24:49,Clicked email link,0
2493,2025-04-09T23:08:32,Unsubscribed,0
244,2025-02-04T09:06:38,SMS Delivered,0
748,2025-04-11T07:44:36,Email Open,0
1886,2025-01-29T20:59:30,SMS Delivered,0
47,2025-01-08T17:01:52,Viewed Product XYZ   ,1
217,2025-04-21T07:30:48,Clicked email to unsubscribe,0
1543,2025-02-25T14:25:24,Placed Order,1
1210,2025-03-13T09:18:45,Order Placed,1
1174,2025-03-22T23:56:15,SMS Delivered,0
2644,2025-01-03T19:52:35,Clicked Email,0
2347,2025-01-12T10:05:52,Email Open,0
1329,2025-01-06T17:09:05,Email Open,0
1715,2025-04-06T02:54:31,Black Crow Identified,0
2833,2025-02-15T21:15:27,Placed Order,1
344,2025-03-27T18:29:52,Clicked Email,0
1199,2025-03-17T11:57:28,Viewed Product XYZ   ,0
238,2025-01-16T01:20:50,Viewed Product.,0
1974,2025-01-23T02:09:04,Placed Order,1
621,2025-02-20T00:14:23,Viewed Product XYZ   ,0
2510,2025-01-01T15:46:46,Clicked email to unsubscribe,0
241,2025-03-09T07:04:27,Clicked email to unsubscribe,0
802,2025-02-06T13:40:03,SMS Delivered,0
2392,2025-01-29T18:37:01,Opened Email,0
117,2025-01-28T08:30:34,SMS Delivered,0
2512,2025-04-23T22:52:55,Active on Site,0
229,2025-01-14T18:02:37,Blotout Viewed Product Xyz,0
876,2025-02-17T00:39:46,SMS Delivered,0
1514,2025-04-21T02:12:10,Clicked Email,1
410,2025-04-12T12:44:43,Viewed Product XYZ   ,0
1892,2025-03-16T03:14:55,Clicked email link,0
1473,2025-02-04T18:47:21,Octane: Quiz Completed: Find The Perfect Eye Shadow   .,0
1016,2025-03-10T03:05:07,Viewed Product XYZ   ,0
2450,2025-03-22T04:01:17,SMS Sent,0
406,2025-01-08T07:21:31,Clicked email to unsubscribe,0
963,2025-01-15T16:15:42,Clicked email to unsubscribe,0
2814,2025-04-16T10:50:13,Order Placed,1
87,2025-01-08T22:30:48,Octane: Quiz Completed: Find The Perfect Eye Shadow   .,0
2751,2025-01-03T20:26:55,Viewed Product.,0
2494,2025-02-12T22:45:23,SMS Delivered,0
2904,2025-03-16T16:03:00,Blotout Viewed Product Xyz,0
1982,2025-01-26T23:03:18,Unsubscribed,0
925,2025-02-09T08:28:10,SMS Sent,0
1346,2025-02-24T19:24:15,Viewed Product XYZ   ,0
29,2025-01-16T21:02:05,Order Placed,1
1749,2025-02-22T14:44:34,SMS Delivered,1
1193,2025-04-30T01:36:25,Placed Order,1
393,2025-03-20T06:04:10,Email Open,0
820,2025-02-03T20:11:07,Viewed Product XYZ   ,0
2546,2025-01-24T10:00:56,Viewed Product XYZ   ,0
2255,2025-03-04T00:58:45,Active on Site,0
2539,2025-04-05T21:24:37,Blotout Viewed Product Xyz,0
1117,2025-03-07T16:46:50,Order Placed,1
992,2025-01-13T00:00:04,Clicked Email,0
1064,2025-03-25T03:10:25,Viewed Product XYZ   ,0
1217,2025-03-28T01:57:58,Email Open,0
380,2025-02-14T03:29:01,Black Crow Identified,0
1237,2025-02-21T23:06:33,Octane: Quiz Completed: Find The Perfect Eye Shadow   .,0
2380,2025-02-18T19:06:27,Clicked Email,0
2696,2025-03-17T21:50:09,Placed Order,1
2105,2025-01-09T23:08:49,Unsubscribed,0
243,2025-01-14T05:21:09,Viewed Product.,0
2102,2025-03-20T09:30:32,SMS Sent,0
687,2025-02-12T20:12:40,Placed Order,1
1678,2025-02-06T00:39:10,Order Placed,1
1122,2025-04-18T05:33:16,Blotout Viewed Product Xyz,0
2839,2025-01-13T02:36:19,Opened Email,0
2222,2025-02-02T21:04:30,Clicked Email,0
1321,2025-02-10T00:44:44,Viewed Product XYZ   ,0
1259,2025-02-06T16:27:25,SMS Sent,0
2750,2025-03-18T22:48:17,Blotout Viewed Product Xyz,0
123,2025-02-12T09:33:12,Viewed Product XYZ   ,0
2922,2025-04-07T02:38:19,SMS Sent,0
699,2025-01-13T05:20:05,Black Crow Identified,0
1610,2025-02-24T18:51:40,Opened Email,0
769,2025-03-28T14:18:51,Viewed Product.,0
725,2025-02-07T13:40:17,Clicked email link,0
2895,2025-02-05T08:05:00,Octane: Quiz Completed: Find The Perfect Eye Shadow   .,0
293,2025-04-27T18:40:36,Clicked email to unsubscribe,0
218,2025-02-11T21:09:07,Order Placed,1
2209,2025-02-10T12:48:37,Octane: Quiz Completed: Find The Perfect Eye Shadow   .,0
2058,2025-02-09T20:37:07,Clicked email link,0
641,2025-02-17T11:30:46,Placed Order,1
184,2025-04-13T21:23:21,Active on Site,1
2054,2025-03-26T04:12:20,Black Crow Identified,0
1508,2025-02-22T17:58:02,Viewed Product.,0
2668,2025-02-22T04:23:30,Unsubscribed,0
1531,2025-03-18T15:17:07,Viewed Product XYZ   ,0
1712,2025-01-14T00:50:27,Viewed Product XYZ   ,0
275,2025-01-06T11:21:01,Placed Order,1
1253,2025-01-26T12:14:16,SMS Sent,0
1320,2025-02-28T10:29:23,Opened Email,0
132,2025-04-01T22:47:42,Viewed Product.,0
1020,2025-01-21T16:01:25,Blotout Viewed Product Xyz,0
172,2025-03-07T01:15:44,Unsubscribed,0
1968,2025-02-24T22:30:04,Viewed Product XYZ   ,0
272,2025-03-09T08:48:31,Clicked Email,0
767,2025-01-14T01:19:15,Order Placed,1
1737,2025-02-06T17:19:50,SMS Sent,0
1163,2025-04-11T17:59:28,SMS Sent,0
2681,2025-01-14T08:04:38,SMS Sent,0
2556,2025-01-11T23:22:53,Viewed Product.,0
780,2025-02-13T14:08:15,Active on Site,0
2116,2025-04-22T00:15:52,Viewed Product.,0
2209,2025-03-14T01:38:41,Blotout Viewed Product Xyz,0
1332,2025-03-17T08:54:16,SMS Sent,0
1407,2025-02-15T20:07:12,Email Open,0
1946,2025-03-17T20:25:51,SMS Sent,0
1811,2025-02-21T11:52:11,Blotout Viewed Product Xyz,0
2307,2025-04-05T20:37:49,Active on Site,0
2949,2025-04-30T01:24:22,Viewed Product XYZ   ,0
239,2025-04-07T03:28:55,SMS Delivered,1
943,2025-01-19T17:30:39,Clicked Email,0
640,2025-04-11T03:01:41,Email Open,0
299,2025-01-15T12:57:50,Clicked email to unsubscribe,0
2557,2025-04-10T13:06:26,Order Placed,1
1452,2025-01-27T00:09:15,Viewed Product.,0
850,2025-03-08T08:49:27,Order Placed,1
2414,2025-01-12T07:26:35,Opened Email,0
2677,2025-02-10T18:04:51,Opened Email,0
1591,2025-02-21T17:10:13,Unsubscribed,1
2171,2025-01-28T11:27:42,Email Open,0
2220,2025-02-21T01:36:03,SMS Delivered,0
310,2025-03-17T03:09:45,Opened Email,0
1533,2025-04-22T09:10:46,Clicked email to unsubscribe,0
332,2025-04-17T03:20:49,SMS Sent,0
1617,2025-01-15T12:07:52,SMS Sent,0
1322,2025-04-26T00:21:15,Clicked email link,0
1744,2025-03-02T09:47:14,SMS Delivered,0
2553,2025-01-10T21:50:32,Octane: Quiz Completed: Find The Perfect Eye Shadow   .,0
616,2025-03-07T15:38:18,Clicked email to unsubscribe,0
2623,2025-03-17T14:45:11,Clicked email to unsubscribe,1
2226,2025-03-15T14:12:33,Viewed Product XYZ   ,0
1080,2025-03-18T00:44:57,Black Crow Identified,0
1319,2025-04-16T17:07:09,Clicked email to unsubscribe,0
1477,2025-02-24T17:20:34,Viewed Product.,0
1747,2025-04-30T07:40:58,Opened Email,0
2143,2025-02-19T12:44:54,Octane: Quiz Completed: Find The Perfect Eye Shadow   .,0
660,2025-04-24T12:21:07,Blotout Viewed Product Xyz,0
1186,2025-04-01T05:00:43,SMS Sent,0
2315,2025-01-07T21:48:36,Octane: Quiz Completed: Find The Perfect Eye Shadow   .,0
1939,2025-03-17T03:00:08,SMS Delivered,0
1044,2025-03-03T20:02:32,Email Open,0
72,2025-01-05T08:11:12,SMS Sent,0
1529,2025-03-08T21:49:25,SMS Sent,0
761,2025-04-08T17:01:11,Octane: Quiz Completed: Find The Perfect Eye Shadow   .,0
120,2025-01-10T23:27:48,Viewed Product.,0
1110,2025-02-05T10:24:39,Octane: Quiz Completed: Find The Perfect Eye Shadow   .,0
1592,2025-02-25T02:07:16,Viewed Product.,0
661,2025-02-25T03:29:54,SMS Sent,0
2912,2025-03-27T03:29:27,Active on Site,0
2819,2025-01-28T06:21:35,Order Placed,1
2057,2025-01-05T05:53:00,Clicked Email,0
1009,2025-01-23T23:01:31,Clicked email to unsubscribe,0
2406,2025-02-21T19:44:59,Order Placed,1
179,2025-01-11T03:04:38,Blotout Viewed Product Xyz,0
301,2025-03-20T22:44:44,Viewed Product.,0
1504,2025-03-17T04:20:29,Clicked email link,0
1427,2025-02-05T23:56:29,SMS Delivered,0
1688,2025-04-22T16:36:55,Clicked Email,0
1516,2025-02-15T15:38:46,Clicked email to unsubscribe,0
301,2025-03-17T19:03:11,Placed Order,1
122,2025-02-01T12:51:56,Clicked email to unsubscribe,0
1440,2025-01-15T23:20:52,Black Crow Identified,0
2634,2025-03-24T02:33:18,Clicked email to unsubscribe,0
419,2025-04-25T08:00:43,Order Placed,1
1496,2025-04-11T17:25:21,Blotout Viewed Product Xyz,0
1601,2025-02-28T14:06:40,SMS Delivered,0
1143,2025-01-03T12:38:55,Clicked email link,0
617,2025-04-17T23:24:18,Opened Email,0
2370,2025-01-23T14:11:16,Viewed Product XYZ   ,0
2697,2025-02-03T10:03:18,Clicked email link,0
2927,2025-04-02T19:41:38,SMS Sent,0
235,2025-03-25T12:12:28,Black Crow Identified,0
2190,2025-02-05T16:05:26,Order Placed,1
2331,2025-01-26T11:03:53,Order Placed,1
974,2025-02-26T19:17:48,Octane: Quiz Completed: Find The Perfect Eye Shadow   .,0
289,2025-03-23T05:30:56,Placed Order,1
1301,2025-02-27T10:06:56,Placed Order,1
181,2025-02-07T06:02:28,Clicked Email,0
278,2025-03-30T10:26:02,SMS Sent,1
2336,2025-03-06T19:12:17,Blotout Viewed Product Xyz,0
1218,2025-04-26T16:13:24,Placed Order,1
303,2025-02-08T11:03:13,Active on Site,1
2833,2025-04-29T19:51:45,SMS Delivered,0
1556,2025-02-09T13:47:57,Black Crow Identified,0
730,2025-02-27T01:51:08,Email Open,0
2760,2025-01-26T21:57:40,Clicked email link,0
218,2025-04-21T08:47:15,SMS Sent,0
853,2025-02-25T13:33:39,Clicked email link,0
1090,2025-01-12T23:33:08,Active on Site,0
2931,2025-01-14T11:10:22,Placed Order,1
129,2025-02-03T08:40:38,SMS Delivered,0
1291,2025-02-11T14:47:09,Black Crow Identified,0
757,2025-01-16T22:30:38,Clicked email to unsubscribe,0
2749,2025-04-21T19:09:01,SMS Delivered,0
283,2025-03-25T18:01:59,Opened Email,1
617,2025-04-17T09:38:05,Octane: Quiz Completed: Find The Perfect Eye Shadow   .,0
2074,2025-02-21T04:46:34,Placed Order,1
1237,2025-02-14T15:54:45,Blotout Viewed Product Xyz,0
2090,2025-04-07T14:47:15,Clicked Email,0
220,2025-04-08T18:06:38,Octane: Quiz Completed: Find The Perfect Eye Shadow   .,0
55,2025-01-21T21:11:51,Opened Email,0
2494,2025-01-03T09:03:53,Order Placed,1
1937,2025-02-27T20:22:32,Clicked email link,0
3000,2025-02-28T20:47:38,Opened Email,0
1363,2025-01-03T18:45:02,Clicked email link,0
2783,2025-03-21T04:34:12,Email Open,0
1779,2025-03-08T06:27:40,Viewed Product XYZ   ,1
1003,2025-03-25T07:19:12,Clicked email to unsubscribe,0
2015,2025-01-15T15:08:51,Black Crow Identified,0
632,2025-01-25T12:43:25,Clicked Email,0
1904,2025-03-24T20:57:43,Clicked email to unsubscribe,0
1038,2025-01-03T22:56:26,Active on Site,0
471,2025-02-17T23:02:46,SMS Sent,0
2376,2025-02-02T10:16:19,Viewed Product.,0
2081,2025-01-02T22:53:02,Order Placed,1
2012,2025-01-25T22:37:08,Clicked Email,0
1298,2025-03-09T21:17:35,SMS Delivered,0
409,2025-02-14T03:02:24,Unsubscribed,0
2527,2025-03-01T19:08:38,Clicked Email,0
2275,2025-04-17T10:21:29,Active on Site,0
2505,2025-03-08T23:32:21,Clicked email to unsubscribe,0
327,2025-03-15T14:54:38,SMS Delivered,0
2345,2025-03-18T20:44:44,Active on Site,0
1897,2025-04-20T11:48:30,Clicked email to unsubscribe,1
2264,2025-04-02T04:07:44,SMS Delivered,0
399,2025-01-30T11:42:48,Clicked email to unsubscribe,0
2450,2025-02-17T17:35:43,Clicked email to unsubscribe,0
1631,2025-04-16T19:15:01,Clicked email to unsubscribe,0
2197,2025-01-06T05:02:31,Order Placed,1
927,2025-04-03T01:57:03,SMS Delivered,0
2597,2025-04-11T02:18:51,Clicked email link,0
821,2025-03-06T00:56:56,Active on Site,0
2383,2025-03-06T21:35:54,Clicked email to unsubscribe,0
1170,2025-02-17T22:41:35,Active on Site,0
2314,2025-03-17T04:37:03,Clicked email to unsubscribe,0
2795,2025-03-23T08:52:52,Viewed Product XYZ   ,0
1020,2025-03-28T03:26:45,Clicked email to unsubscribe,0
2097,2025-03-12T05:55:01,Clicked email to unsubscribe,0
2652,2025-03-19T12:46:46,Active on Site,0
598,2025-01-09T23:45:57,Blotout Viewed Product Xyz,0
2221,2025-03-08T18:55:33,Email Open,0
2839,2025-04-25T02:52:30,Blotout Viewed Product Xyz,0
1931,2025-01-10T12:30:13,Email Open,0
1877,2025-01-20T16:48:24,Clicked email link,0
2597,2025-03-06T13:38:40,Order Placed,1
1825,2025-02-25T15:12:13,Octane: Quiz Completed: Find The Perfect Eye Shadow   .,0
1515,2025-04-14T19:58:36,Clicked email link,0
2312,2025-04-07T23:21:19,Clicked Email,0
2626,2025-01-11T23:08:31,Active on Site,0
1808,2025-02-04T09:43:57,Unsubscribed,0
1395,2025-03-04T09:42:51,Clicked Email,0
2565,2025-02-10T00:44:54,Opened Email,0
2417,2025-02-22T13:04:52,Opened Email,0
904,2025-04-05T06:36:31,Viewed Product.,0
1687,2025-04-12T20:34:56,Blotout Viewed Product Xyz,0
2465,2025-02-02T14:56:14,Placed Order,1
803,2025-04-14T02:51:25,Unsubscribed,0
2668,2025-01-18T20:02:36,Octane: Quiz Completed: Find The Perfect Eye Shadow   .,0
873,2025-04-11T08:03:35,Clicked email link,0
2724,2025-01-27T05:22:21,Active on Site,0
1701,2025-04-05T05:45:50,Black Crow Identified,0
1131,2025-01-22T03:19:12,Active on Site,0
107,2025-01-27T15:30:37,Active on Site,0
2019,2025-03-04T10:33:55,Blotout Viewed Product Xyz,0
1576,2025-04-10T02:53:13,Placed Order,1
2035,2025-02-13T03:56:51,Blotout Viewed Product Xyz,0
933,2025-03-03T19:06:46,Blotout Viewed Product Xyz,0
2044,2025-02-10T16:44:12,Octane: Quiz Completed: Find The Perfect Eye Shadow   .,0
2535,2025-03-18T16:24:32,SMS Delivered,0
2879,2025-04-08T23:27:40,Black Crow Identified,0
94,2025-01-23T17:33:34,Octane: Quiz Completed: Find The Perfect Eye Shadow   .,0
2552,2025-03-08T23:31:58,Octane: Quiz Completed: Find The Perfect Eye Shadow   .,0
227,2025-02-10T07:59:04,Clicked Email,0
1424,2025-04-24T14:58:12,Black Crow Identified,0
186,2025-03-26T17:17:57,Opened Email,0
376,2025-01-01T10:09:09,Octane: Quiz Completed: Find The Perfect Eye Shadow   .,0
2080,2025-03-12T03:50:21,Opened Email,0
1891,2025-01-21T14:46:56,Clicked email to unsubscribe,0
2434,2025-04-18T22:01:30,Octane: Quiz Completed: Find The Perfect Eye Shadow   .,0
489,2025-02-23T11:42:37,Clicked Email,0
1751,2025-03-25T10:37:51,Active on Site,0
60,2025-04-12T00:49:59,Order Placed,1
2799,2025-03-04T14:17:29,Viewed Product.,0
2150,2025-02-04T18:57:22,Clicked Email,0
1337,2025-04-16T12:23:31,SMS Sent,0
1729,2025-04-08T16:39:54,SMS Sent,0
550,2025-02-13T16:38:54,Viewed Product.,0
1739,2025-02-25T15:13:03,Black Crow Identified,0
2006,2025-04-19T16:50:28,Clicked Email,0
2319,2025-02-20T08:14:45,SMS Delivered,0
2130,2025-04-08T19:29:54,SMS Sent,0
832,2025-04-07T11:50:26,Blotout Viewed Product Xyz,0
409,2025-04-08T18:15:53,Email Open,0
1454,2025-01-07T14:19:06,Active on Site,0
1699,2025-01-12T19:22:43,Blotout Viewed Product Xyz,0
1535,2025-02-04T10:43:55,Viewed Product.,0
2151,2025-03-04T12:06:22,Blotout Viewed Product Xyz,0
1420,2025-04-29T23:46:05,Active on Site,0
2444,2025-04-20T00:33:02,Email Open,0
2952,2025-03-14T08:45:04,SMS Sent,0
1143,2025-04-19T16:18:32,Octane: Quiz Completed: Find The Perfect Eye Shadow   .,1
914,2025-03-22T08:53:55,SMS Delivered,0
432,2025-04-01T18:56:07,Clicked email to unsubscribe,0
2247,2025-03-12T09:45:35,Active on Site,0
584,2025-01-14T22:40:42,Blotout Viewed Product Xyz,0
713,2025-01-01T15:40:03,Octane: Quiz Completed: Find The Perfect Eye Shadow   .,0
2976,2025-04-19T19:52:28,Black Crow Identified,0
1818,2025-03-29T09:13:08,SMS Sent,0
2970,2025-01-29T03:12:38,Black Crow Identified,0
1092,2025-03-08T02:43:32,SMS Sent,0
2238,2025-02-03T08:20:15,Clicked email to unsubscribe,0
908,2025-04-09T17:13:54,Blotout Viewed Product Xyz,0
1956,2025-01-30T08:17:06,Email Open,0
2388,2025-04-02T17:27:04,Clicked Email,0
880,2025-04-18T04:26:43,Clicked email to unsubscribe,0
1268,2025-02-16T15:17:02,Clicked email link,0
1899,2025-04-01T09:13:11,SMS Delivered,0
1933,2025-02-26T13:37:57,Active on Site,0
303,2025-03-12T06:04:56,Blotout Viewed Product Xyz,0
1723,2025-03-18T20:22:39,Active on Site,0
162,2025-03-09T20:22:28,Clicked email link,0
2215,2025-03-23T09:08:07,SMS Sent,0
1951,2025-03-24T12:29:42,Active on Site,0
2647,2025-01-09T02:04:36,Active on Site,0
1778,2025-04-01T10:44:59,Order Placed,1
1862,2025-01-15T20:44:14,Viewed Product.,0
745,2025-04-15T19:21:14,Viewed Product XYZ   ,0
2507,2025-03-27T19:59:59,Order Placed,1
2796,2025-03-05T19:41:41,Email Open,0
1996,2025-01-18T15:32:19,SMS Delivered,0
2130,2025-02-05T19:35:25,Clicked email link,0
81,2025-01-23T18:12:42,Viewed Product XYZ   ,0
2447,2025-02-13T00:13:33,SMS Delivered,1
794,2025-01-12T04:54:53,Active on Site,0
371,2025-04-12T03:06:05,Opened Email,0
2426,2025-01-16T09:18:27,Placed Order,1
681,2025-01-09T13:06:45,Octane: Quiz Completed: Find The Perfect Eye Shadow   .,0
1345,2025-03-22T04:28:02,Order Placed,1
1649,2025-02-26T06:28:53,Placed Order,1
1972,2025-02-16T10:24:25,Active on Site,0
2995,2025-01-21T06:58:37,Clicked Email,0
2001,2025-01-04T06:27:44,Viewed Product XYZ   ,0
2438,2025-01-01T07:43:20,Viewed Product.,0
1881,2025-01-04T22:29:04,Clicked Email,0
2073,2025-04-20T00:23:33,Email Open,0
2454,2025-01-01T13:24:40,Order Placed,1
2403,2025-04-03T04:54:12,Black Crow Identified,0
2329,2025-04-12T02:26:12,Viewed Product XYZ   ,0
393,2025-03-01T12:07:32,Active on Site,0
1267,2025-03-24T11:49:11,SMS Delivered,0
31,2025-03-19T00:57:05,Clicked email to unsubscribe,0
2475,2025-03-07T21:11:07,Clicked email link,0
1453,2025-02-27T20:20:00,Active on Site,0
470,2025-04-01T14:14:21,Unsubscribed,0
1124,2025-04-15T19:58:11,Order Placed,1
494,2025-01-30T20:12:21,Clicked email to unsubscribe,0
2692,2025-01-28T17:07:58,Blotout Viewed Product Xyz,0
1742,2025-04-29T09:52:55,Email Open,0
1922,2025-02-13T20:22:10,Black Crow Identified,0
1242,2025-02-17T05:52:48,Viewed Product XYZ   ,0
2544,2025-02-18T09:22:15,SMS Sent,0
2158,2025-04-05T02:26:45,Viewed Product.,0
2775,2025-03-22T07:04:56,Clicked email link,1
121,2025-02-21T16:52:56,Viewed Product XYZ   ,0
103,2025-01-27T03:04:35,Octane: Quiz Completed: Find The Perfect Eye Shadow   .,0
926,2025-01-12T19:30:22,Clicked email link,0
2142,2025-01-27T18:04:34,Black Crow Identified,0
2641,2025-03-02T07:04:26,SMS Delivered,0
1569,2025-03-02T04:39:50,Black Crow Identified,0
2290,2025-03-18T07:58:29,Active on Site,0
51,2025-04-01T11:59:17,Clicked email link,0
963,2025-01-10T17:11:24,Order Placed,1
2376,2025-04-08T19:20:08,Order Placed,1
2785,2025-01-10T10:38:37,Blotout Viewed Product Xyz,1
2137,2025-01-23T08:55:46,Octane: Quiz Completed: Find The Perfect Eye Shadow   .,0
958,2025-01-11T12:33:45,SMS Sent,0
1489,2025-01-16T16:06:54,Viewed Product XYZ   ,0
1228,2025-01-27T05:37:46,Blotout Viewed Product Xyz,0
442,2025-04-06T17:40:55,SMS Sent,0
68,2025-01-06T06:51:40,Clicked Email,0
1197,2025-01-11T17:54:12,Clicked email to unsubscribe,0
333,2025-01-18T03:47:24,Placed Order,1
831,2025-01-26T09:10:12,Viewed Product XYZ   ,0
2872,2025-01-02T05:17:24,Viewed Product XYZ   ,0
59,2025-02-22T15:45:05,Blotout Viewed Product Xyz,0
2311,2025-01-03T14:23:50,Clicked email link,0
414,2025-04-04T13:52:10,Placed Order,1
1240,2025-02-26T03:50:52,SMS Delivered,0
295,2025-03-26T07:50:00,Black Crow Identified,0
1117,2025-04-28T09:30:09,Clicked Email,0
501,2025-01-16T13:27:17,Opened Email,0
2841,2025-03-02T18:07:17,Opened Email,0
388,2025-01-18T17:46:46,Unsubscribed,0
1102,2025-03-27T20:39:13,Viewed Product.,0
2777,2025-01-18T06:26:10,Viewed Product.,1
2966,2025-04-12T13:15:11,Order Placed,1
2931,2025-03-25T10:54:29,Active on Site,0
1210,2025-04-15T04:36:05,Opened Email,0
2079,2025-04-17T02:46:12,Active on Site,0
465,2025-03-22T18:58:25,Clicked Email,0
1987,2025-03-03T06:13:22,SMS Delivered,0
496,2025-01-30T15:35:15,Octane: Quiz Completed: Find The Perfect Eye Shadow   .,0
2377,2025-04-08T14:48:26,Clicked email link,0
204,2025-02-28T22:34:12,Placed Order,1
624,2025-02-22T13:27:03,Viewed Product.,0
538,2025-01-05T07:39:57,Viewed Product XYZ   ,0
1821,2025-04-01T12:27:57,Active on Site,0
1411,2025-03-24T19:46:34,SMS Delivered,0
1701,2025-01-28T19:07:25,Email Open,0
2468,2025-03-11T07:03:32,Active on Site,0
2528,2025-01-15T19:43:58,Active on Site,0
163,2025-01-27T08:54:36,Email Open,0
1658,2025-04-01T20:15:22,Octane: Quiz Completed: Find The Perfect Eye Shadow   .,0
654,2025-03-27T14:55:09,Opened Email,0
1567,2025-01-04T18:59:03,Blotout Viewed Product Xyz,0
601,2025-04-23T15:13:43,Email Open,0
18,2025-03-01T16:47:51,SMS Sent,0
1919,2025-01-25T08:21:13,Octane: Quiz Completed: Find The Perfect Eye Shadow   .,0
2420,2025-02-06T13:46:02,Clicked Email,0
2100,2025-01-07T15:10:06,Black Crow Identified,0
2753,2025-04-11T21:34:14,Viewed Product.,0
858,2025-01-08T15:09:39,Viewed Product XYZ   ,0
1588,2025-03-29T03:34:01,Email Open,0
152,2025-03-24T01:34:16,Placed Order,1
1139,2025-01-09T17:09:08,Clicked Email,0
1359,2025-01-07T04:35:38,SMS Sent,0
1716,2025-02-06T17:01:39,Order Placed,1
1608,2025-01-12T14:32:37,Unsubscribed,0
450,2025-04-12T21:15:13,Clicked email to unsubscribe,0
2384,2025-02-28T14:33:44,Viewed Product.,0
1790,2025-04-03T06:34:41,Blotout Viewed Product Xyz,0
351,2025-03-08T01:23:09,Email Open,0
2002,2025-04-13T15:49:13,SMS Sent,0
2463,2025-03-09T18:54:49,Clicked email link,0
811,2025-02-24T05:25:34,Placed Order,1
236,2025-04-12T10:54:29,Active on Site,0
99,2025-02-10T18:14:01,Placed Order,1
1589,2025-03-21T04:05:19,Email Open,0
2638,2025-03-13T10:45:55,Placed Order,1
2163,2025-02-12T19:36:00,Octane: Quiz Completed: Find The Perfect Eye Shadow   .,0
1584,2025-01-03T22:35:04,Active on Site,0
245,2025-01-29T01:29:33,Blotout Viewed Product Xyz,0
2200,2025-01-07T07:57:56,Viewed Product.,0
1628,2025-03-02T14:46:48,Viewed Product.,0
1396,2025-02-17T14:25:39,Viewed Product XYZ   ,0
1948,2025-03-20T08:46:15,Clicked email link,0
2036,2025-02-10T05:02:24,Octane: Quiz Completed: Find The Perfect Eye Shadow   .,0
791,2025-03-24T00:17:13,Placed Order,1
263,2025-04-29T23:29:49,Viewed Product XYZ   ,0
807,2025-04-14T10:50:02,Viewed Product.,0
1252,2025-01-18T16:04:00,Placed Order,1
2233,2025-03-09T17:21:54,Clicked Email,1
2464,2025-03-21T22:17:20,Unsubscribed,0
1269,2025-01-03T23:07:31,SMS Sent,0
1710,2025-04-20T15:30:01,Viewed Product.,0
2674,2025-02-10T01:20:39,Opened Email,0
8,2025-03-07T18:53:46,Clicked email link,0
105,2025-01-21T23:00:31,Black Crow Identified,0
290,2025-03-09T00:29:13,Order Placed,1
1156,2025-03-20T06:07:19,Email Open,0
871,2025-03-02T06:41:49,SMS Delivered,0
1682,2025-04-15T08:18:35,SMS Delivered,0
2068,2025-04-08T22:23:19,Placed Order,1
636,2025-03-18T10:38:57,Viewed Product.,0
1703,2025-01-25T08:35:35,Clicked email to unsubscribe,1
1683,2025-04-25T18:45:31,Blotout Viewed Product Xyz,0
153,2025-02-18T16:22:32,Viewed Product.,0
1670,2025-01-09T16:18:36,SMS Delivered,0
2614,2025-01-12T22:09:01,Black Crow Identified,0
2504,2025-03-20T13:53:34,Unsubscribed,0
698,2025-01-19T16:50:26,Unsubscribed,0
1799,2025-01-22T23:45:27,Placed Order,1
1186,2025-02-19T19:05:57,Opened Email,1
2248,2025-03-05T13:56:42,Clicked Email,0
2806,2025-04-28T05:52:23,Unsubscribed,0
2298,2025-03-19T14:39:49,Viewed Product XYZ   ,0
2734,2025-01-29T05:30:13,Viewed Product.,0
2980,2025-01-05T06:23:41,Viewed Product.,0
743,2025-04-24T23:15:51,Clicked email link,0
130,2025-03-17T07:20:10,Clicked email to unsubscribe,0
1520,2025-01-02T03:35:23,Blotout Viewed Product Xyz,0
1423,2025-01-06T18:22:17,Viewed Product XYZ   ,0
2576,2025-02-26T21:37:59,Opened Email,0
836,2025-01-28T08:12:27,Octane: Quiz Completed: Find The Perfect Eye Shadow   .,1
1862,2025-02-14T18:35:48,Unsubscribed,0
2315,2025-01-23T20:00:37,Clicked email to unsubscribe,0
311,2025-01-15T12:49:41,Opened Email,0
2716,2025-01-05T17:38:30,SMS Sent,0
1131,2025-03-08T23:51:18,Viewed Product.,0
2076,2025-01-25T16:45:50,Clicked email link,0
1027,2025-02-19T02:27:45,Viewed Product.,1
2564,2025-02-14T21:58:33,Viewed Product XYZ   ,0
2106,2025-04-16T23:55:04,Email Open,0
2384,2025-02-02T08:28:53,Unsubscribed,0
1928,2025-03-21T02:27:35,Black Crow Identified,0
1832,2025-01-28T20:30:15,Clicked Email,0
161,2025-02-16T08:00:40,Clicked email to unsubscribe,0
21,2025-02-16T21:40:04,Clicked Email,0
2849,2025-03-16T05:20:01,Unsubscribed,0
421,2025-02-19T17:38:41,Email Open,0
1403,2025-03-10T17:43:21,Email Open,0
2822,2025-01-16T07:26:30,Clicked Email,0
2884,2025-04-22T18:23:08,Order Placed,1
2999,2025-03-09T01:26:16,Email Open,0
2850,2025-04-26T03:59:55,Order Placed,1
1880,2025-01-22T19:01:50,Order Placed,1
1308,2025-02-27T15:16:12,Order Placed,1
2943,2025-01-12T18:17:34,SMS Sent,0
403,2025-04-05T07:27:22,Viewed Product.,0
2271,2025-01-06T15:48:10,Viewed Product.,0
974,2025-03-17T11:32:37,Octane: Quiz Completed: Find The Perfect Eye Shadow   .,0
2459,2025-02-15T00:49:44,Black Crow Identified,1
1292,2025-03-27T08:31:34,Active on Site,0
2944,2025-03-11T18:30:49,Black Crow Identified,0
1757,2025-02-03T11:21:00,Viewed Product.,0
1701,2025-03-31T15:15:12,Clicked Email,0
1535,2025-02-02T01:07:39,Placed Order,1
1417,2025-03-05T18:32:38,Octane: Quiz Completed: Find The Perfect Eye Shadow   .,0
2655,2025-04-19T12:38:50,Clicked email to unsubscribe,0
594,2025-01-04T01:53:32,Placed Order,1
2213,2025-01-16T23:50:53,Placed Order,1
886,2025-04-23T13:34:33,Unsubscribed,0
441,2025-02-17T05:18:02,Viewed Product.,0
2676,2025-02-23T12:59:38,Octane: Quiz Completed: Find The Perfect Eye Shadow   .,0
1723,2025-03-05T21:32:23,Viewed Product.,0
580,2025-01-18T20:32:56,Viewed Product XYZ   ,0
2212,2025-03-25T10:28:44,Unsubscribed,0
2072,2025-04-07T12:21:50,Viewed Product.,0
1431,2025-04-05T03:33:16,SMS Sent,0
1402,2025-02-08T23:58:43,Placed Order,1
353,2025-03-15T22:45:14,Viewed Product.,0
2126,2025-04-20T09:02:39,Viewed Product XYZ   ,0
2484,2025-03-25T19:22:15,Black Crow Identified,0
1937,2025-02-12T17:19:28,Unsubscribed,0
943,2025-03-15T07:27:56,Octane: Quiz Completed: Find The Perfect Eye Shadow   .,0
2208,2025-02-09T12:26:11,Clicked email link,0
1766,2025-03-23T17:52:50,Viewed Product XYZ   ,0
1611,2025-04-01T16:23:11,Octane: Quiz Completed: Find The Perfect Eye Shadow   .,0
2932,2025-02-28T18:20:26,Order Placed,1
1729,2025-02-22T16:40:19,Black Crow Identified,0
976,2025-02-23T07:04:23,Clicked email link,0
1905,2025-02-18T13:32:29,Viewed Product.,0
2217,2025-03-28T23:03:12,Unsubscribed,0
678,2025-01-30T13:54:33,Order Placed,1
1928,2025-03-10T14:09:40,Blotout Viewed Product Xyz,0
2995,2025-02-10T07:03:34,Email Open,0
364,2025-02-08T13:30:44,Opened Email,0
516,2025-04-15T14:34:50,Viewed Product XYZ   ,0
1691,2025-03-29T03:14:14,Order Placed,1
500,2025-03-29T02:30:14,Clicked email link,0
1817,2025-03-18T19:24:16,SMS Delivered,0
2999,2025-01-26T13:27:02,Unsubscribed,0
957,2025-02-19T12:36:56,Order Placed,1
1472,2025-03-25T17:19:54,Viewed Product.,0
259,2025-04-22T18:37:33,SMS Sent,0
2065,2025-04-01T08:55:33,Unsubscribed,0
1500,2025-03-30T20:14:03,Unsubscribed,1
882,2025-02-04T21:02:47,Active on Site,0
1744,2025-03-12T10:15:31,Octane: Quiz Completed: Find The Perfect Eye Shadow   .,0
829,2025-03-27T06:40:42,Clicked Email,0
1706,2025-02-19T16:02:58,Black Crow Identified,0
1877,2025-01-10T22:56:47,Black Crow Identified,0
2550,2025-03-06T22:34:36,Active on Site,0
176,2025-03-18T01:01:55,SMS Sent,0
1999,2025-04-04T00:23:32,Clicked email link,0
2174,2025-04-23T21:05:27,Clicked Email,1
532,2025-04-19T15:50:26,SMS Sent,0
2838,2025-01-10T22:00:32,SMS Delivered,0
1868,2025-01-31T21:14:10,Email Open,0
1483,2025-02-14T01:38:26,Opened Email,0
1450,2025-01-29T06:38:12,Active on Site,0
1098,2025-03-20T07:55:37,Opened Email,0
718,2025-02-23T20:56:36,Clicked Email,0
2202,2025-04-22T04:30:00,Octane: Quiz Completed: Find The Perfect Eye Shadow   .,0
116,2025-03-04T03:14:13,Active on Site,0
1440,2025-04-17T14:18:37,Unsubscribed,0
1538,2025-03-14T06:02:37,SMS Sent,0
460,2025-01-18T00:55:07,Opened Email,0
2444,2025-01-17T04:00:35,Octane: Quiz Completed: Find The Perfect Eye Shadow   .,1
2882,2025-02-27T03:44:34,SMS Sent,0
2033,2025-03-20T02:04:57,Octane: Quiz Completed: Find The Perfect Eye Shadow   .,0
484,2025-02-15T15:26:52,Blotout Viewed Product Xyz,0
695,2025-04-03T03:56:11,Octane: Quiz Completed: Find The Perfect Eye Shadow   .,0
310,2025-02-08T08:20:54,SMS Delivered,0
495,2025-04-02T19:38:23,SMS Sent,0
1348,2025-04-07T17:43:49,Viewed Product.,0
2449,2025-01-06T21:16:29,Clicked Email,0
1804,2025-01-23T00:55:23,Black Crow Identified,0
518,2025-01-31T09:03:00,Octane: Quiz Completed: Find The Perfect Eye Shadow   .,0
259,2025-03-19T03:39:07,Viewed Product XYZ   ,0
2583,2025-01-16T16:02:44,Blotout Viewed Product Xyz,0
524,2025-03-22T07:03:32,Blotout Viewed Product Xyz,0
258,2025-04-11T00:59:14,Black Crow Identified,0
873,2025-04-05T20:46:09,Blotout Viewed Product Xyz,0
1106,2025-01-27T08:20:37,Email Open,0
2040,2025-02-06T22:14:36,Black Crow Identified,0
1885,2025-01-22T18:20:53,Opened Email,0
405,2025-02-06T08:48:26,Email Open,0
2372,2025-04-05T16:04:05,Viewed Product.,0
1579,2025-02-21T21:13:13,Opened Email,0
2049,2025-04-24T07:10:02,Email Open,0
2246,2025-04-07T11:26:35,Black Crow Identified,0
322,2025-03-01T20:13:59,Placed Order,1
2779,2025-01-18T06:10:44,Unsubscribed,0
2078,2025-01-01T09:19:04,Viewed Product XYZ   ,0
2489,2025-02-20T03:17:29,Active on Site,0
2931,2025-02-18T08:34:33,Placed Order,1
1790,2025-02-10T14:21:18,Octane: Quiz Completed: Find The Perfect Eye Shadow   .,1
2123,2025-04-03T22:55:45,Email Open,0
1546,2025-02-13T07:34:13,Viewed Product.,0
157,2025-02-01T13:19:43,Clicked email to unsubscribe,0
438,2025-01-20T13:46:58,Opened Email,0
1202,2025-01-12T13:26:44,Clicked email to unsubscribe,0
2943,2025-03-09T06:29:59,Blotout Viewed Product Xyz,0
2723,2025-04-06T19:33:32,Order Placed,1
1909,2025-03-20T05:10:55,Unsubscribed,0
321,2025-02-04T08:13:18,Opened Email,0
2962,2025-03-20T12:17:32,Placed Order,1
2163,2025-03-01T03:55:21,Black Crow Identified,0
1402,2025-01-08T08:39:31,Active on Site,0
2159,2025-02-15T05:28:48,Clicked Email,0
131,2025-03-29T18:34:41,Order Placed,1
659,2025-04-13T15:00:19,Blotout Viewed Product Xyz,0
2883,2025-04-03T14:49:16,Email Open,0
852,2025-04-14T20:50:19,Octane: Quiz Completed: Find The Perfect Eye Shadow   .,0
2746,2025-02-26T18:04:24,SMS Sent,0
688,2025-03-12T18:57:50,Email Open,0
2333,2025-02-21T22:26:21,Active on Site,0
545,2025-04-05T12:10:32,Clicked email link,0
534,2025-04-30T08:00:22,Order Placed,1
2792,2025-02-24T02:16:56,Unsubscribed,0
122,2025-01-03T04:53:21,Viewed Product XYZ   ,0
1893,2025-02-02T03:43:40,Opened Email,0
147,2025-02-17T12:32:42,SMS Delivered,0
974,2025-04-14T08:12:11,Viewed Product.,0
148,2025-01-02T01:00:52,Opened Email,0
2959,2025-03-27T03:17:44,Blotout Viewed Product Xyz,0
2452,2025-02-26T09:42:58,Opened Email,0
417,2025-04-26T15:07:07,Unsubscribed,0
2502,2025-02-01T06:13:58,Unsubscribed,1
993,2025-04-30T07:18:47,Order Placed,1
819,2025-02-21T09:24:27,Placed Order,1
682,2025-01-03T22:21:01,Order Placed,1
2141,2025-04-02T17:34:12,Clicked Email,0
2735,2025-03-10T11:43:04,Viewed Product.,0
511,2025-01-12T09:05:18,SMS Delivered,0
2793,2025-02-09T05:09:15,Octane: Quiz Completed: Find The Perfect Eye Shadow   .,0
613,2025-01-31T05:41:13,Clicked email to unsubscribe,1
1375,2025-04-14T11:28:16,Placed Order,1
1836,2025-04-13T20:05:12,Active on Site,0
2612,2025-02-02T11:55:03,Opened Email,0
530,2025-03-27T00:33:28,Unsubscribed,0
1999,2025-02-18T23:47:23,Placed Order,1
1388,2025-04-10T06:12:04,SMS Delivered,0
1361,2025-02-27T12:06:17,Clicked email link,0
1581,2025-02-15T04:03:03,Order Placed,1
2273,2025-04-07T17:27:59,Blotout Viewed Product Xyz,0
60,2025-04-08T15:38:25,SMS Sent,0
1094,2025-01-11T23:42:02,Octane: Quiz Completed: Find The Perfect Eye Shadow   .,0
191,2025-03-17T23:50:57,Placed Order,1
44,2025-01-07T05:14:19,Octane: Quiz Completed: Find The Perfect Eye Shadow   .,1
2698,2025-01-06T13:52:42,SMS Delivered,0
2677,2025-04-02T14:02:48,Black Crow Identified,0
834,2025-02-01T05:07:10,Octane: Quiz Completed: Find The Perfect Eye Shadow   .,0
2835,2025-04-01T00:25:36,Order Placed,1
2149,2025-02-24T10:44:58,Unsubscribed,0
2847,2025-04-12T06:47:54,Black Crow Identified,0
2352,2025-03-29T02:04:23,Blotout Viewed Product Xyz,0
1080,2025-02-12T19:21:57,Order Placed,1
892,2025-01-30T01:17:22,Black Crow Identified,0
10,2025-01-07T15:31:27,SMS Sent,0
535,2025-02-17T07:58:33,SMS Delivered,1
280,2025-03-02T14:13:23,Active on Site,0
227,2025-01-19T00:06:03,Opened Email,0
278,2025-03-05T05:33:09,Viewed Product XYZ   ,0
1779,2025-03-17T07:21:00,Placed Order,1
1008,2025-04-25T12:17:30,Clicked Email,0
1195,2025-03-07T00:19:52,Viewed Product XYZ   ,0
1421,2025-03-23T08:04:14,Active on Site,0
1168,2025-01-18T11:17:15,Placed Order,1
758,2025-01-23T02:45:30,SMS Sent,0
2867,2025-04-20T22:05:23,Clicked email link,0
1786,2025-01-08T09:24:39,Unsubscribed,0
658,2025-01-21T21:27:43,Active on Site,0
331,2025-03-03T03:54:53,SMS Sent,0
1325,2025-03-02T10:44:12,Opened Email,0
1210,2025-03-18T17:28:38,Order Placed,1
1907,2025-02-23T23:11:39,Blotout Viewed Product Xyz,0
2895,2025-04-03T12:43:19,Viewed Product.,0
397,2025-03-26T05:28:59,Active on Site,0
2018,2025-03-31T04:31:44,Opened Email,0
2122,2025-03-10T19:01:22,Octane: Quiz Completed: Find The Perfect Eye Shadow   .,0
314,2025-01-10T04:33:19,Black Crow Identified,0
369,2025-03-31T21:24:44,Order Placed,1
1700,2025-04-08T20:54:24,Placed Order,1
735,2025-01-25T06:31:51,Clicked email to unsubscribe,0
291,2025-01-05T14:17:51,Clicked Email,0
1666,2025-01-11T14:28:05,Clicked email link,0
894,2025-03-25T12:35:34,Active on Site,0
2276,2025-01-21T19:03:06,Clicked email link,0
1582,2025-02-01T01:12:22,Email Open,0
1935,2025-03-17T18:20:27,Black Crow Identified,0
649,2025-02-21T17:13:49,SMS Delivered,0
2382,2025-04-01T08:28:35,Viewed Product.,0
540,2025-02-24T21:44:07,Active on Site,0
1825,2025-03-18T09:46:59,Placed Order,1
1101,2025-03-04T12:11:05,Active on Site,0
2385,2025-03-02T06:22:00,Black Crow Identified,0
2094,2025-04-02T17:01:23,Email Open,0
2116,2025-02-02T16:33:15,SMS Delivered,1
2081,2025-03-15T17:08:55,Clicked email to unsubscribe,0
616,2025-03-20T04:27:05,Black Crow Identified,0
1817,2025-02-27T00:38:23,Viewed Product.,0
2616,2025-02-16T13:15:22,Blotout Viewed Product Xyz,0
344,2025-04-21T09:52:02,Clicked email link,0
2169,2025-01-13T00:30:28,Unsubscribed,0
391,2025-04-10T15:23:01,Clicked email to unsubscribe,0
1360,2025-04-21T06:40:21,Viewed Product XYZ   ,1
1767,2025-03-08T21:40:45,SMS Sent,0
2452,2025-02-07T01:45:08,SMS Delivered,0
1392,2025-03-02T00:34:00,SMS Delivered,0
2914,2025-01-06T20:17:51,Clicked email to unsubscribe,0
1249,2025-04-17T01:05:10,Clicked email to unsubscribe,0
2003,2025-04-05T09:33:50,Opened Email,0
2582,2025-02-16T20:11:11,Octane: Quiz Completed: Find The Perfect Eye Shadow   .,0
87,2025-02-25T05:25:58,SMS Sent,0
645,2025-01-15T08:12:10,SMS Sent,0
1174,2025-02-22T00:58:15,Unsubscribed,0
489,2025-02-08T08:24:11,Octane: Quiz Completed: Find The Perfect Eye Shadow   .,0
1248,2025-03-07T15:38:02,Viewed Product.,0
263,2025-02-05T21:41:16,Email Open,0
542,2025-02-05T21:13:18,Order Placed,1
462,2025-03-31T21:48:21,SMS Sent,0
2262,2025-02-10T09:21:26,Blotout Viewed Product Xyz,0
2627,2025-02-28T12:01:23,Order Placed,1
511,2025-04-19T05:35:46,Black Crow Identified,0
1168,2025-02-11T14:37:32,Order Placed,1
1019,2025-02-11T11:16:32,Placed Order,1
2218,2025-04-11T11:35:44,Clicked email link,0
826,2025-01-23T22:06:34,Email Open,0
1741,2025-03-30T22:06:12,Order Placed,1
2299,2025-03-08T07:26:41,Octane: Quiz Completed: Find The Perfect Eye Shadow   .,0
2562,2025-03-11T00:20:00,Clicked email link,0
1840,2025-03-07T04:25:22,Clicked Email,0
580,2025-04-23T22:33:26,Clicked email link,0
2850,2025-01-29T06:33:28,Placed Order,1
2410,2025-02-10T17:05:57,SMS Sent,0
2505,2025-03-14T07:09:49,Clicked email link,0
790,2025-04-07T07:23:18,SMS Delivered,0
2148,2025-03-10T03:28:58,Placed Order,1
2144,2025-02-25T00:00:10,Placed Order,1
1872,2025-01-01T16:50:38,SMS Sent,0
144,2025-03-27T00:18:06,Active on Site,0
2606,2025-04-13T02:02:59,SMS Sent,0
2200,2025-02-13T03:24:37,Viewed Product.,0
2568,2025-03-10T18:32:30,Octane: Quiz Completed: Find The Perfect Eye Shadow   .,0
2711,2025-02-23T04:51:04,Blotout Viewed Product Xyz,0
2006,2025-01-02T13:55:41,Clicked email link,0
2496,2025-02-27T00:25:30,Opened Email,0
990,2025-03-11T03:38:15,SMS Delivered,0
1213,2025-04-26T06:26:00,Email Open,0
2857,2025-04-10T07:52:09,Placed Order,1
1208,2025-03-11T08:30:44,Viewed Product XYZ   ,0
1338,2025-03-17T11:59:49,Unsubscribed,0
2083,2025-02-16T00:36:17,Blotout Viewed Product Xyz,0
1981,2025-01-19T11:54:44,Clicked email to unsubscribe,0
1984,2025-03-08T19:11:46,Blotout Viewed Product Xyz,0
511,2025-04-06T20:10:22,Octane: Quiz Completed: Find The Perfect Eye Shadow   .,0
2078,2025-04-12T18:10:42,Clicked email to unsubscribe,1
235,2025-03-26T15:29:15,Clicked email to unsubscribe,0
1164,2025-01-10T18:23:17,Black Crow Identified,0
2056,2025-02-25T07:45:38,Black Crow Identified,0
160,2025-01-22T02:12:22,SMS Sent,0
2130,2025-04-12T21:46:54,Order Placed,1
613,2025-03-13T07:02:30,Octane: Quiz Completed: Find The Perfect Eye Shadow   .,0
2052,2025-01-26T07:04:17,Blotout Viewed Product Xyz,1
775,2025-03-13T22:35:22,SMS Sent,0
371,2025-01-03T21:14:22,Black Crow Identified,0
1785,2025-02-01T00:52:38,Viewed Product.,0
2454,2025-04-24T19:31:45,Opened Email,0
571,2025-03-15T10:02:41,Blotout Viewed Product Xyz,0
1007,2025-01-24T14:24:31,Blotout Viewed Product Xyz,0
296,2025-02-24T21:41:01,Octane: Quiz Completed: Find The Perfect Eye Shadow   .,0
557,2025-02-20T21:25:02,Unsubscribed,0
120,2025-04-15T03:05:20,Email Open,0
141,2025-02-05T18:36:24,Opened Email,0
886,2025-02-14T02:08:40,Active on Site,0
1974,2025-03-10T13:24:02,Clicked Email,0
2085,2025-04-20T10:03:54,Clicked Email,0
2181,2025-04-16T17:50:20,SMS Sent,0
154,2025-04-26T12:06:26,Order Placed,1
463,2025-01-25T04:18:08,Clicked email to unsubscribe,0
1384,2025-02-13T19:54:29,Unsubscribed,0
1425,2025-02-26T12:20:42,Opened Email,0
663,2025-02-23T02:55:24,Order Placed,1
1274,2025-04-14T10:38:34,Octane: Quiz Completed: Find The Perfect Eye Shadow   .,0
882,2025-02-23T14:45:46,Clicked email link,0
491,2025-03-31T09:45:58,Clicked email to unsubscribe,0
35,2025-01-28T20:08:21,Viewed Product XYZ   ,0
1377,2025-03-07T03:29:57,Order Placed,1
2601,2025-01-01T14:43:35,Opened Email,0
198,2025-02-28T22:47:21,Email Open,0
747,2025-03-01T08:52:19,Opened Email,0
1194,2025-03-22T03:45:09,Clicked email to unsubscribe,0
1521,2025-02-05T14:08:19,Viewed Product XYZ   ,0
1029,2025-03-22T14:55:27,Email Open,0
220,2025-04-21T05:02:16,Placed Order,1
2079,2025-03-14T20:43:14,Black Crow Identified,0
2004,2025-03-29T02:59:24,Viewed Product XYZ   ,1
2839,2025-04-19T12:28:46,SMS Sent,0
2932,2025-03-30T18:55:42,Unsubscribed,0
2591,2025-04-22T18:37:00,Black Crow Identified,0
1733,2025-04-22T18:40:47,Order Placed,1
1316,2025-02-11T15:48:28,SMS Delivered,1
157,2025-02-13T13:22:11,Viewed Product XYZ   ,0
956,2025-01-20T10:20:00,Clicked email to unsubscribe,0
484,2025-01-15T08:23:38,Order Placed,1
2501,2025-02-07T07:00:16,Placed Order,1
567,2025-03-05T06:06:40,Black Crow Identified,0
1462,2025-03-20T09:08:54,Active on Site,0
2581,2025-02-02T07:17:11,Blotout Viewed Product Xyz,0
1366,2025-01-14T17:09:33,SMS Delivered,0
2681,2025-01-15T08:40:22,Viewed Product XYZ   ,0
1889,2025-02-20T19:17:08,Order Placed,1
2944,2025-04-03T19:11:24,Unsubscribed,0
204,2025-04-02T03:46:23,Active on Site,0
2466,2025-04-12T06:27:15,Black Crow Identified,0
685,2025-03-17T10:26:50,SMS Sent,0
1067,2025-01-04T08:48:40,Active on Site,0
680,2025-04-25T09:53:21,Viewed Product.,0
1362,2025-01-27T22:41:22,Clicked Email,0
1705,2025-01-28T20:07:45,Octane: Quiz Completed: Find The Perfect Eye Shadow   .,0
2592,2025-01-07T03:18:43,Viewed Product XYZ   ,0
1955,2025-04-17T05:44:58,Viewed Product XYZ   ,0
1061,2025-04-28T06:30:45,Placed Order,1
339,2025-01-16T09:47:33,Viewed Product.,0
997,2025-02-04T07:30:50,Active on Site,1
1433,2025-04-17T13:07:58,SMS Delivered,0
1824,2025-04-30T23:13:48,Clicked email to unsubscribe,0
1940,2025-03-21T22:52:48,SMS Sent,0
2218,2025-03-21T18:46:46,Placed Order,1
2416,2025-01-13T06:29:27,Black Crow Identified,0
2462,2025-02-01T10:02:38,Black Crow Identified,0
512,2025-02-19T06:03:28,Email Open,0
2022,2025-03-12T06:52:17,Viewed Product.,0
2070,2025-04-01T14:11:32,Order Placed,1
2948,2025-02-06T23:01:30,Blotout Viewed Product Xyz,0
2137,2025-03-26T08:58:34,Email Open,1
2468,2025-02-06T04:54:19,Active on Site,0
1975,2025-03-26T08:52:10,Clicked Email,0
1636,2025-03-16T15:45:57,Active on Site,0
1538,2025-02-07T18:22:21,Viewed Product XYZ   ,0
576,2025-03-12T00:57:24,Order Placed,1
1446,2025-04-22T22:55:18,Placed Order,1
678,2025-02-06T08:34:19,Unsubscribed,0
709,2025-02-09T22:51:28,Placed Order,1
995,2025-01-16T03:24:27,Octane: Quiz Completed: Find The Perfect Eye Shadow   .,0
1812,2025-01-28T06:33:05,Active on Site,0
238,2025-01-09T04:40:05,Clicked email to unsubscribe,1
459,2025-03-07T10:43:33,Opened Email,0
979,2025-04-10T10:20:56,Placed Order,1
824,2025-02-05T01:25:26,Octane: Quiz Completed: Find The Perfect Eye Shadow   .,0
1314,2025-03-16T18:38:27,Opened Email,0
2713,2025-01-03T16:22:07,Unsubscribed,0
1208,2025-04-03T00:38:21,SMS Delivered,0
2422,2025-02-19T18:29:07,Clicked Email,0
2589,2025-02-13T19:04:04,Viewed Product XYZ   ,0
2145,2025-02-27T18:10:29,SMS Sent,1
2996,2025-01-27T00:18:06,Unsubscribed,0
2687,2025-02-11T19:55:56,Order Placed,1
1472,2025-01-25T18:21:59,Viewed Product.,0
217,2025-04-25T01:49:32,Blotout Viewed Product Xyz,0
702,2025-02-03T16:05:38,Active on Site,0
1738,2025-04-11T17:07:55,Clicked Email,0
2584,2025-03-11T04:39:55,Opened Email,0
437,2025-01-23T17:41:50,Order Placed,1
518,2025-03-31T15:23:42,SMS Delivered,0
2005,2025-02-18T10:02:36,Black Crow Identified,0
2673,2025-04-28T14:51:04,Clicked email to unsubscribe,0
441,2025-04-19T01:31:24,Active on Site,0
1676,2025-03-10T09:48:09,Email Open,1
790,2025-03-16T00:05:03,Order Placed,1
247,2025-01-07T09:41:03,Order Placed,1
1934,2025-01-29T05:36:08,Viewed Product.,0
835,2025-02-17T19:34:06,Octane: Quiz Completed: Find The Perfect Eye Shadow   .,0
979,2025-03-02T07:42:29,Clicked Email,0
642,2025-01-12T13:48:35,Clicked email link,0
310,2025-03-09T01:17:01,Black Crow Identified,0
2795,2025-01-12T15:44:55,Order Placed,1
536,2025-03-23T03:09:23,Viewed Product.,0
698,2025-04-03T18:33:45,Clicked email to unsubscribe,0
2717,2025-04-05T15:35:47,Octane: Quiz Completed: Find The Perfect Eye Shadow   .,0
236,2025-01-10T22:44:53,Clicked Email,0
808,2025-01-08T01:51:45,Octane: Quiz Completed: Find The Perfect Eye Shadow   .,0
43,2025-01-02T17:09:16,SMS Sent,0
336,2025-01-28T18:06:35,Active on Site,0
242,2025-03-31T00:40:36,Order Placed,1
1496,2025-04-19T05:09:27,Order Placed,1
1020,2025-01-14T13:15:43,Octane: Quiz Completed: Find The Perfect Eye Shadow   .,1
1372,2025-01-24T17:11:24,Unsubscribed,0
2150,2025-04-05T15:48:37,Placed Order,1
2382,2025-04-14T04:37:16,Unsubscribed,0
1715,2025-01-13T01:00:40,Placed Order,1
2358,2025-01-26T09:50:28,Opened Email,0
394,2025-01-01T09:36:35,Opened Email,0
2698,2025-02-09T09:49:01,Clicked email link,0
820,2025-02-28T19:23:12,SMS Sent,0
1005,2025-03-28T18:15:32,Clicked email to unsubscribe,0
1802,2025-01-12T02:40:11,Clicked email to unsubscribe,0
2724,2025-04-25T05:59:03,Unsubscribed,0
148,2025-01-08T20:14:30,Blotout Viewed Product Xyz,0
416,2025-04-14T23:44:07,SMS Sent,0
1870,2025-01-23T01:56:33,SMS Delivered,0
1413,2025-03-27T00:30:03,Active on Site,0
559,2025-04-20T21:08:16,Unsubscribed,0
189,2025-04-12T18:35:01,SMS Delivered,0
1736,2025-04-06T21:27:44,Order Placed,1
1974,2025-03-16T03:32:29,Active on Site,0
2895,2025-02-11T10:17:57,Email Open,0
929,2025-03-14T15:42:20,Email Open,0
2575,2025-03-08T18:04:09,Black Crow Identified,0
1187,2025-03-02T09:10:53,Email Open,0
2844,2025-01-29T17:10:45,Clicked email link,0
2539,2025-02-11T15:12:55,Clicked Email,0
1933,2025-04-22T02:15:41,Viewed Product.,0
891,2025-04-25T06:03:37,Order Placed,1
1946,2025-03-26T11:28:21,Active on Site,0
1774,2025-01-27T02:18:24,Blotout Viewed Product Xyz,0
1702,2025-02-27T08:46:19,Black Crow Identified,0
1165,2025-01-18T19:23:23,Black Crow Identified,1
1882,2025-01-31T03:50:52,Octane: Quiz Completed: Find The Perfect Eye Shadow   .,0
2764,2025-02-02T21:52:18,Octane: Quiz Completed: Find The Perfect Eye Shadow   .,0
302,2025-03-27T23:27:32,Active on Site,0
2622,2025-03-02T19:41:47,Opened Email,0
2016,2025-04-18T15:09:12,Clicked Email,0
1020,2025-02-08T01:20:51,Clicked email to unsubscribe,0
151,2025-04-14T07:08:23,Viewed Product XYZ   ,0
2740,2025-04-05T21:50:52,Clicked Email,0
1257,2025-04-14T14:18:27,Octane: Quiz Completed: Find The Perfect Eye Shadow   .,0
628,2025-02-24T21:14:27,Order Placed,1
2810,2025-04-07T11:37:51,Blotout Viewed Product Xyz,1
1001,2025-03-01T00:51:23,Viewed Product XYZ   ,0
736,2025-02-12T15:31:44,SMS Sent,0
2427,2025-04-18T18:33:28,Unsubscribed,0
2813,2025-03-29T10:18:29,Opened Email,0
1835,2025-03-22T05:25:11,SMS Sent,0
2054,2025-02-27T03:23:29,Active on Site,0
984,2025-03-31T15:49:29,Clicked email to unsubscribe,0
1718,2025-01-27T03:18:54,Blotout Viewed Product Xyz,0
2696,2025-03-14T08:01:42,Clicked email to unsubscribe,0
416,2025-04-23T22:40:10,Clicked Email,0
974,2025-01-15T00:40:38,Opened Email,0
1464,2025-01-30T17:55:49,Active on Site,0
1525,2025-02-04T04:32:34,Clicked email link,0
874,2025-03-01T08:23:11,Octane: Quiz Completed: Find The Perfect Eye Shadow   .,0
1092,2025-03-09T13:26:10,Placed Order,1
1516,2025-02-20T19:06:05,Placed Order,1
2319,2025-03-13T02:31:35,SMS Sent,0
1362,2025-03-19T09:08:46,Order Placed,1
350,2025-04-19T19:51:35,SMS Delivered,0
2899,2025-04-20T11:45:46,Octane: Quiz Completed: Find The Perfect Eye Shadow   .,0
2705,2025-02-04T04:35:19,SMS Delivered,0
587,2025-04-16T00:16:43,Unsubscribed,0
1709,2025-02-04T10:44:13,Placed Order,1
530,2025-04-02T03:00:35,Viewed Product XYZ   ,0
413,2025-01-05T05:58:56,Octane: Quiz Completed: Find The Perfect Eye Shadow   .,0
1411,2025-03-30T17:04:09,Viewed Product.,0
1835,2025-02-01T18:23:29,Email Open,0
1078,2025-01-01T02:33:03,Clicked email to unsubscribe,0
107,2025-03-24T09:22:35,SMS Delivered,0
166,2025-04-20T21:45:51,Viewed Product.,0
1810,2025-03-03T12:42:35,Clicked email link,0
1691,2025-02-26T14:40:47,Viewed Product.,0
1404,2025-02-20T09:00:30,Clicked Email,0
1818,2025-01-01T17:25:25,Opened Email,0
366,2025-03-30T06:26:00,Viewed Product XYZ   ,0
2758,2025-03-13T14:33:23,Unsubscribed,0
2040,2025-01-30T07:52:17,Clicked email to unsubscribe,0
1783,2025-03-19T17:13:24,Octane: Quiz Completed: Find The Perfect Eye Shadow   .,0
544,2025-01-26T16:37:11,SMS Sent,0
2457,2025-02-16T12:15:19,Opened Email,0
37,2025-04-07T02:16:11,SMS Sent,0
2858,2025-01-23T19:42:14,Email Open,0
1548,2025-03-18T12:36:12,Placed Order,1
2526,2025-01-17T19:19:28,Active on Site,0
1115,2025-04-30T17:31:27,Placed Order,1
537,2025-01-11T20:11:07,Blotout Viewed Product Xyz,0
2320,2025-04-28T10:51:01,Clicked email to unsubscribe,0
1001,2025-03-20T22:24:06,Placed Order,1
2336,2025-03-02T01:43:17,Clicked Email,0
438,2025-03-15T16:14:45,Viewed Product XYZ   ,0
840,2025-03-29T08:20:29,Viewed Product.,0
413,2025-02-05T04:46:20,SMS Delivered,0
1777,2025-01-23T18:05:34,Order Placed,1
2522,2025-02-19T16:09:04,Clicked Email,0
886,2025-01-30T23:16:13,Order Placed,1
966,2025-02-15T12:35:05,Black Crow Identified,0
2430,2025-02-19T05:59:23,Clicked email link,0
1911,2025-02-14T05:58:01,Order Placed,1
1415,2025-01-17T14:28:41,Opened Email,0
2091,2025-01-02T07:16:48,Opened Email,0
1189,2025-02-02T14:01:10,SMS Sent,0
1016,2025-04-27T10:38:18,SMS Sent,0
34,2025-02-15T15:32:20,Clicked email to unsubscribe,0
2429,2025-01-02T13:26:47,Unsubscribed,0
2933,2025-02-09T03:11:45,Black Crow Identified,0
1788,2025-02-05T18:57:01,Opened Email,0
1846,2025-03-14T12:55:13,Clicked Email,0
658,2025-04-20T07:17:17,Black Crow Identified,0
2554,2025-03-16T19:54:40,Blotout Viewed Product Xyz,0
1181,2025-01-25T01:52:28,Viewed Product XYZ   ,0
1980,2025-01-07T15:19:49,Viewed Product.,0
259,2025-02-23T16:01:56,SMS Delivered,0
1190,2025-03-16T03:37:14,Black Crow Identified,0
2904,2025-03-13T17:10:29,Opened Email,0
538,2025-01-24T01:22:26,SMS Sent,0
1019,2025-03-11T12:37:28,Viewed Product.,0
1035,2025-02-02T22:19:00,SMS Sent,0
675,2025-02-03T00:37:02,SMS Delivered,0
2260,2025-02-10T15:50:15,Blotout Viewed Product Xyz,0
1236,2025-04-09T15:24:30,Blotout Viewed Product Xyz,0
79,2025-04-18T12:37:08,Active on Site,0
2310,2025-03-06T08:12:28,Clicked email link,0
2009,2025-04-09T16:37:54,SMS Sent,0
2280,2025-04-22T03:04:07,SMS Delivered,1
2790,2025-04-16T02:41:39,Order Placed,1
1147,2025-03-12T15:03:34,SMS Sent,0
253,2025-04-25T13:08:51,Placed Order,1
790,2025-04-20T14:11:45,Active on Site,0
2740,2025-03-15T07:39:48,Blotout Viewed Product Xyz,0
2688,2025-01-21T00:17:38,Placed Order,1
104,2025-02-23T04:22:08,Black Crow Identified,0
1159,2025-01-29T23:31:42,Black Crow Identified,0
1540,2025-02-16T18:24:15,Opened Email,0
1178,2025-02-23T11:52:18,Black Crow Identified,0
1830,2025-01-24T07:04:57,Unsubscribed,0
2698,2025-02-10T06:14:47,Blotout Viewed Product Xyz,0
2124,2025-02-28T06:32:00,Viewed Product XYZ   ,0
2010,2025-02-20T20:58:00,Viewed Product XYZ   ,0
1177,2025-04-12T22:59:29,Black Crow Identified,0
624,2025-04-14T18:13:09,Order Placed,1
525,2025-04-10T17:17:24,SMS Delivered,0
221,2025-04-09T06:20:42,Clicked email to unsubscribe,0
2188,2025-03-18T18:49:53,Unsubscribed,0
323,2025-01-15T01:06:28,Opened Email,0
1939,2025-01-12T01:32:04,Blotout Viewed Product Xyz,0
2906,2025-01-05T00:44:12,Blotout Viewed Product Xyz,0
1903,2025-04-07T21:33:04,SMS Sent,0
1340,2025-03-29T01:52:07,Opened Email,0
305,2025-02-26T22:54:20,Email Open,0
747,2025-01-06T05:35:35,Viewed Product XYZ   ,0
2663,2025-04-09T23:28:02,Active on Site,0
1064,2025-02-03T01:20:07,Unsubscribed,0
540,2025-01-15T11:51:45,Clicked email link,0
2848,2025-02-04T06:11:08,Viewed Product.,0
115,2025-02-26T20:00:47,Opened Email,0
898,2025-03-23T11:34:55,Order Placed,1
2343,2025-04-21T22:35:31,Black Crow Identified,0
568,2025-04-30T18:14:26,Active on Site,0
1168,2025-01-13T06:47:57,Blotout Viewed Product Xyz,0
1497,2025-04-09T03:50:52,Order Placed,1
240,2025-01-21T08:50:15,SMS Sent,0
113,2025-01-15T22:15:36,Active on Site,0
1095,2025-04-03T04:19:25,Active on Site,0
2496,2025-04-15T02:21:48,SMS Delivered,0
1283,2025-03-15T09:39:26,Black Crow Identified,0
1361,2025-02-22T13:14:47,Black Crow Identified,0
2204,2025-02-08T23:26:41,Black Crow Identified,0
1055,2025-01-30T19:39:18,SMS Delivered,0
1393,2025-03-20T04:30:00,Clicked email to unsubscribe,0
214,2025-01-25T06:01:47,Black Crow Identified,0
1408,2025-02-16T18:29:37,Opened Email,0
2014,2025-03-09T09:11:17,Placed Order,1
2868,2025-02-05T04:42:30,Clicked email link,0
2483,2025-03-12T19:54:49,Opened Email,0
1580,2025-03-13T21:48:08,SMS Delivered,0
2469,2025-02-05T21:19:21,Opened Email,0
2034,2025-03-18T15:20:25,Clicked email link,0
1971,2025-01-25T03:42:49,Blotout Viewed Product Xyz,0
2366,2025-03-23T12:52:46,Clicked Email,0
2727,2025-01-27T16:34:17,Opened Email,0
200,2025-04-23T23:37:22,SMS Delivered,0
1601,2025-03-01T01:09:39,Blotout Viewed Product Xyz,0
1974,2025-04-23T19:32:02,Viewed Product.,0
9,2025-03-19T15:56:58,SMS Delivered,0
1117,2025-02-20T14:56:00,Octane: Quiz Completed: Find The Perfect Eye Shadow   .,0
215,2025-04-28T02:24:40,Active on Site,0
981,2025-04-04T16:52:43,Clicked email link,0
508,2025-02-15T14:16:42,Clicked email link,0
1018,2025-03-31T10:37:47,Placed Order,1
891,2025-02-16T19:15:30,Active on Site,0
2327,2025-01-11T06:10:09,Octane: Quiz Completed: Find The Perfect Eye Shadow   .,0
2909,2025-04-17T21:55:18,Viewed Product XYZ   ,1
1722,2025-01-06T23:19:21,Clicked Email,0
1546,2025-03-16T15:11:38,Viewed Product.,0
2727,2025-03-11T02:04:23,Viewed Product.,0
2684,2025-02-09T10:03:36,Octane: Quiz Completed: Find The Perfect Eye Shadow   .,0
600,2025-01-02T07:38:02,Black Crow Identified,0
2239,2025-01-12T05:18:25,SMS Delivered,0
161,2025-04-15T07:06:17,SMS Delivered,0
2842,2025-01-27T02:10:09,Viewed Product XYZ   ,0
424,2025-03-30T11:36:18,Clicked email to unsubscribe,0
2722,2025-01-10T03:17:00,Octane: Quiz Completed: Find The Perfect Eye Shadow   .,0
503,2025-02-10T05:36:03,SMS Sent,0
870,2025-04-04T22:55:12,Viewed Product.,0
946,2025-01-18T20:22:21,SMS Sent,0
455,2025-02-22T08:35:35,Unsubscribed,0
1082,2025-04-04T17:25:11,Email Open,0
928,2025-01-27T06:20:01,Email Open,0
548,2025-04-06T12:34:51,Email Open,0
2449,2025-04-04T12:46:05,Blotout Viewed Product Xyz,0
1979,2025-01-08T20:06:47,Viewed Product.,0
2911,2025-03-10T12:43:35,Clicked email link,0
136,2025-04-08T04:58:03,Clicked email to unsubscribe,0
684,2025-01-16T21:01:30,Active on Site,0
1550,2025-01-01T15:08:41,Opened Email,0
1311,2025-01-10T18:37:36,Clicked email link,0
1366,2025-01-28T12:21:47,Clicked Email,0
121,2025-02-10T00:24:00,Viewed Product XYZ   ,0
1262,2025-01-09T15:37:47,Blotout Viewed Product Xyz,0
2318,2025-02-08T05:08:43,Order Placed,1
1667,2025-01-06T19:01:07,Octane: Quiz Completed: Find The Perfect Eye Shadow   .,0
2121,2025-01-07T12:15:17,Order Placed,1
1419,2025-03-27T13:30:54,Email Open,0
908,2025-03-15T02:42:09,Black Crow Identified,0
1103,2025-04-15T12:10:30,Placed Order,1
2890,2025-02-21T20:07:07,SMS Delivered,0
974,2025-01-31T23:50:30,Email Open,0
1178,2025-02-01T12:21:04,Clicked email link,1
2593,2025-02-07T05:11:48,SMS Sent,0
793,2025-03-31T14:54:58,Email Open,0
1808,2025-04-27T18:08:15,Unsubscribed,0
1634,2025-03-21T15:55:56,Clicked email link,0
2899,2025-04-21T00:36:54,Octane: Quiz Completed: Find The Perfect Eye Shadow   .,0
238,2025-03-07T16:09:16,Clicked email link,1
2334,2025-01-07T20:31:39,Opened Email,0
1136,2025-02-05T17:17:07,Order Placed,1
370,2025-01-30T14:10:33,Email Open,0
154,2025-01-20T10:50:43,SMS Delivered,0
1027,2025-03-13T00:59:19,Clicked email to unsubscribe,0
336,2025-03-19T21:32:07,Clicked email to unsubscribe,0
2730,2025-01-18T11:29:31,Clicked email to unsubscribe,0
1101,2025-01-09T14:04:43,Viewed Product.,0
2401,2025-03-14T02:18:14,Viewed Product.,0
451,2025-04-24T23:17:33,Unsubscribed,0
1177,2025-03-15T04:20:36,Clicked email to unsubscribe,0
2863,2025-01-11T05:16:47,Octane: Quiz Completed: Find The Perfect Eye Shadow   .,0
1323,2025-03-01T14:27:32,SMS Sent,0
1536,2025-03-22T04:55:54,Email Open,0
2326,2025-02-25T08:40:10,Active on Site,0
1957,2025-02-02T13:04:33,Placed Order,1
2590,2025-03-01T23:14:37,SMS Sent,0
2705,2025-03-14T21:46:13,Clicked email link,0
91,2025-04-01T20:21:03,Clicked email to unsubscribe,1
2227,2025-01-28T06:42:36,Opened Email,0
1834,2025-01-21T04:23:24,Clicked email to unsubscribe,0
437,2025-01-02T10:44:15,Placed Order,1
1054,2025-04-18T10:54:22,Active on Site,0
1155,2025-03-20T13:34:53,Black Crow Identified,0
2127,2025-03-04T02:21:59,SMS Delivered,0
2187,2025-01-26T08:10:31,Active on Site,0
1622,2025-01-17T04:43:31,Viewed Product.,0
1066,2025-02-17T15:16:47,SMS Sent,0
2568,2025-02-20T06:47:46,Active on Site,1
2056,2025-01-22T04:17:10,Viewed Product XYZ   ,1
2638,2025-01-20T12:17:13,Email Open,0
154,2025-02-04T04:20:23,Blotout Viewed Product Xyz,0
2363,2025-03-14T09:28:50,SMS Sent,0
1774,2025-02-10T18:32:32,Viewed Product XYZ   ,0
983,2025-03-06T05:13:04,Clicked email link,0
2192,2025-04-21T23:15:26,SMS Sent,0
2688,2025-03-13T05:24:23,Opened Email,0
709,2025-02-17T22:27:47,SMS Sent,0
2749,2025-03-14T06:19:29,Blotout Viewed Product Xyz,0
1423,2025-04-16T18:32:42,Blotout Viewed Product Xyz,0
1853,2025-01-03T15:46:13,Clicked Email,0
2925,2025-02-24T04:33:26,Octane: Quiz Completed: Find The Perfect Eye Shadow   .,0
1495,2025-03-22T03:07:25,SMS Sent,0
2325,2025-01-09T12:19:58,Blotout Viewed Product Xyz,0
2032,2025-03-22T21:35:37,SMS Delivered,0
1596,2025-01-04T21:55:31,Black Crow Identified,0
740,2025-01-30T13:39:55,SMS Sent,0
1864,2025-02-15T14:06:54,Order Placed,1
2394,2025-03-11T07:46:20,Email Open,0
1628,2025-01-28T23:40:49,Active on Site,0
1424,2025-02-03T04:17:30,Clicked email to unsubscribe,0
2911,2025-04-12T17:37:54,Viewed Product XYZ   ,0
2850,2025-02-20T18:54:08,Order Placed,1
956,2025-01-01T14:15:58,SMS Delivered,1
668,2025-04-28T14:26:35,Opened Email,0
1862,2025-04-11T05:37:09,Clicked Email,0
1735,2025-02-17T05:31:20,Opened Email,0
364,2025-03-13T14:41:28,Clicked Email,0
112,2025-01-27T07:14:33,Blotout Viewed Product Xyz,0
1817,2025-02-08T18:16:18,Octane: Quiz Completed: Find The Perfect Eye Shadow   .,0
2243,2025-04-27T03:16:05,Clicked Email,0
1409,2025-02-06T22:24:53,SMS Delivered,0
83,2025-03-15T12:08:52,Clicked email link,0
25,2025-03-21T23:30:39,Clicked Email,0
1655,2025-02-22T06:05:19,Email Open,0
162,2025-02-14T03:10:21,Black Crow Identified,0
176,2025-03-07T07:51:34,SMS Delivered,0
2834,2025-01-24T23:00:53,Unsubscribed,0
356,2025-02-07T13:08:03,Blotout Viewed Product Xyz,0
1386,2025-03-04T22:46:05,Viewed Product.,0
1318,2025-04-11T15:44:31,Blotout Viewed Product Xyz,0
640,2025-03-11T03:39:51,Order Placed,1
746,2025-02-08T09:02:29,Blotout Viewed Product Xyz,0
392,2025-02-21T11:55:51,Clicked email link,0
504,2025-04-15T06:12:44,SMS Delivered,0
2128,2025-03-05T23:40:55,Clicked email to unsubscribe,0
941,2025-02-19T17:52:33,Order Placed,1
2715,2025-03-19T15:57:11,Black Crow Identified,0
679,2025-03-15T11:55:00,Blotout Viewed Product Xyz,0
1894,2025-03-17T06:56:40,Opened Email,0
2624,2025-01-14T01:32:10,SMS Sent,0
135,2025-04-16T08:13:56,Placed Order,1
105,2025-02-08T13:27:41,Viewed Product XYZ   ,0
1211,2025-02-03T06:14:20,Blotout Viewed Product Xyz,0
1775,2025-01-08T12:17:39,Opened Email,0
633,2025-03-03T22:50:49,Octane: Quiz Completed: Find The Perfect Eye Shadow   .,0
1891,2025-03-12T06:27:36,Unsubscribed,0
2081,2025-02-28T20:14:24,SMS Sent,0
340,2025-01-22T17:55:14,Clicked email to unsubscribe,0
490,2025-04-22T01:53:44,Placed Order,1
1376,2025-03-22T05:33:44,Opened Email,0
525,2025-02-10T06:39:07,Clicked email to unsubscribe,0
568,2025-03-17T03:08:57,Active on Site,0
605,2025-02-27T10:13:04,Clicked Email,0
575,2025-03-29T14:37:56,SMS Sent,0
1131,2025-01-06T13:27:34,Clicked email to unsubscribe,0
1008,2025-02-09T14:24:38,Clicked Email,1
301,2025-02-28T08:23:24,Order Placed,1
195,2025-01-31T11:30:27,SMS Sent,0
2069,2025-03-16T07:57:55,Clicked email to unsubscribe,0
427,2025-03-25T06:17:42,Clicked email link,0
2638,2025-03-26T19:46:34,Octane: Quiz Completed: Find The Perfect Eye Shadow   .,0
1045,2025-01-23T01:20:17,Black Crow Identified,0
1150,2025-01-27T15:45:30,Blotout Viewed Product Xyz,0
2715,2025-02-04T16:39:36,Unsubscribed,0
1741,2025-03-25T11:53:12,Placed Order,1
1613,2025-04-14T19:39:45,Viewed Product XYZ   ,0
1000,2025-04-18T04:38:18,SMS Sent,0
2432,2025-03-12T22:06:11,SMS Delivered,0
2161,2025-03-01T06:00:41,Active on Site,0
2222,2025-02-23T00:20:15,SMS Sent,0
1164,2025-01-28T05:56:52,Viewed Product XYZ   ,0
2628,2025-03-23T22:16:25,SMS Sent,0
2332,2025-03-28T07:27:05,Clicked email link,0
2522,2025-02-03T00:53:17,Viewed Product XYZ   ,1
497,2025-01-25T09:36:21,Viewed Product XYZ   ,0
228,2025-02-12T17:36:50,SMS Delivered,0
562,2025-04-11T15:24:32,Opened Email,0
322,2025-01-08T01:43:48,Order Placed,1
1551,2025-03-11T08:24:19,Opened Email,0
2837,2025-04-13T03:10:26,Email Open,0
1684,2025-03-29T12:38:06,Viewed Product XYZ   ,0
352,2025-03-26T09:09:23,SMS Delivered,0
2786,2025-03-25T04:08:52,Placed Order,1
2289,2025-04-09T02:00:13,Clicked Email,0
1423,2025-02-26T01:35:54,Placed Order,1
1719,2025-04-24T02:37:34,Viewed Product XYZ   ,1
2118,2025-01-16T15:13:55,Octane: Quiz Completed: Find The Perfect Eye Shadow   .,0
2229,2025-04-16T06:44:43,Viewed Product XYZ   ,0
446,2025-04-16T07:53:20,Viewed Product.,0
306,2025-03-28T21:08:54,Clicked email to unsubscribe,0
2492,2025-01-17T16:36:03,Viewed Product XYZ   ,0
1662,2025-03-02T00:35:04,Clicked email to unsubscribe,0
223,2025-04-17T10:36:19,Clicked email link,0
2601,2025-03-20T22:10:02,Viewed Product XYZ   ,0
2045,2025-04-13T23:39:23,Octane: Quiz Completed: Find The Perfect Eye Shadow   .,0
798,2025-03-22T18:29:19,Blotout Viewed Product Xyz,0
106,2025-02-02T02:19:02,SMS Sent,0
303,2025-02-17T08:34:27,Viewed Product XYZ   ,0
161,2025-03-15T14:57:02,Clicked email link,0
1269,2025-01-08T00:30:06,Octane: Quiz Completed: Find The Perfect Eye Shadow   .,0
1526,2025-01-13T22:01:34,Unsubscribed,0
1077,2025-03-27T04:02:29,Active on Site,0
2935,2025-04-23T06:13:12,Active on Site,0
2218,2025-02-05T17:28:00,SMS Sent,0
54,2025-02-21T04:05:02,Email Open,0
187,2025-04-21T18:03:58,SMS Delivered,0
2695,2025-04-19T01:29:44,Clicked Email,0
411,2025-04-02T23:56:07,Blotout Viewed Product Xyz,0
2290,2025-02-04T02:45:32,Clicked email link,0
1705,2025-01-30T19:56:38,Unsubscribed,0
2114,2025-01-31T14:17:11,Clicked Email,0
2978,2025-04-06T09:09:54,Clicked email to unsubscribe,0
977,2025-01-15T14:55:58,Placed Order,1
931,2025-01-22T21:28:20,Opened Email,0
2977,2025-03-27T03:44:50,Active on Site,0
2978,2025-04-27T17:57:48,Email Open,0
2593,2025-03-09T13:59:47,Octane: Quiz Completed: Find The Perfect Eye Shadow   .,0
2706,2025-04-15T03:28:37,Viewed Product XYZ   ,0
2359,2025-02-22T14:02:35,Email Open,0
1226,2025-03-21T03:46:19,SMS Delivered,0
2566,2025-02-01T01:33:17,Blotout Viewed Product Xyz,0
2396,2025-04-10T09:42:02,Opened Email,0
974,2025-04-03T10:58:32,Active on Site,1
993,2025-01-25T15:35:04,Viewed Product XYZ   ,0
1909,2025-04-25T20:32:20,Clicked email link,0
1657,2025-01-30T11:52:00,SMS Sent,0
966,2025-03-31T23:39:54,Clicked email link,0
236,2025-01-01T22:08:26,Viewed Product.,0
810,2025-01-12T05:27:33,Placed Order,1
1176,2025-02-02T00:13:28,Black Crow Identified,0
958,2025-02-17T10:52:27,Viewed Product XYZ   ,0
2759,2025-04-23T23:50:00,Viewed Product XYZ   ,0
443,2025-03-23T12:34:34,Clicked email link,0
2988,2025-02-26T04:52:24,Octane: Quiz Completed: Find The Perfect Eye Shadow   .,0
2883,2025-02-07T13:19:47,Unsubscribed,0
1674,2025-03-19T06:17:40,Black Crow Identified,0
812,2025-04-15T09:37:59,Viewed Product XYZ   ,0
1989,2025-03-13T11:12:37,Octane: Quiz Completed: Find The Perfect Eye Shadow   .,0
2727,2025-01-03T11:15:52,Clicked email link,0
1486,2025-03-16T05:08:18,Black Crow Identified,0
1165,2025-04-12T22:51:40,SMS Delivered,0
447,2025-03-19T14:45:58,Unsubscribed,0
1233,2025-01-15T09:41:19,Viewed Product XYZ   ,0
1000,2025-04-22T19:41:15,Octane: Quiz Completed: Find The Perfect Eye Shadow   .,0
1782,2025-01-26T20:43:51,Clicked email to unsubscribe,0
956,2025-01-16T22:35:14,Clicked Email,0
2683,2025-02-05T18:49:42,Viewed Product XYZ   ,0
2455,2025-03-26T15:55:20,Blotout Viewed Product Xyz,0
2295,2025-02-20T06:44:37,SMS Delivered,1
1874,2025-01-06T15:51:56,Placed Order,1
2308,2025-04-02T00:50:02,SMS Delivered,0
188,2025-02-07T01:22:11,Unsubscribed,0
561,2025-03-05T14:32:00,Clicked Email,0
768,2025-04-27T02:41:26,Octane: Quiz Completed: Find The Perfect Eye Shadow   .,0
2962,2025-01-28T16:17:51,Unsubscribed,0
967,2025-04-27T15:01:09,Email Open,0
2131,2025-04-25T08:29:29,Clicked Email,0
868,2025-02-23T18:23:19,Viewed Product XYZ   ,0
2481,2025-04-01T00:31:30,Viewed Product.,0
2545,2025-02-08T13:59:07,Clicked email to unsubscribe,0
1334,2025-02-17T21:16:06,Email Open,0
2484,2025-04-28T23:54:48,SMS Delivered,0
1648,2025-03-18T11:31:59,Clicked Email,1
2081,2025-01-07T01:56:29,Placed Order,1
2763,2025-03-21T08:06:19,Clicked email link,0
1903,2025-02-17T19:24:29,Viewed Product XYZ   ,0
1603,2025-04-23T06:26:08,Blotout Viewed Product Xyz,0
958,2025-01-02T18:34:40,Unsubscribed,0
2418,2025-01-16T02:40:40,Unsubscribed,0
2683,2025-01-12T07:30:09,Viewed Product.,0
2024,2025-01-16T08:31:20,Viewed Product.,0
190,2025-04-02T17:15:39,Viewed Product XYZ   ,0
415,2025-03-20T02:00:38,Clicked email to unsubscribe,0
2292,2025-03-08T20:46:14,Email Open,0
2820,2025-01-27T20:30:54,Viewed Product.,0
2331,2025-03-16T11:13:16,Viewed Product XYZ   ,0
748,2025-04-27T03:50:52,Black Crow Identified,0
39,2025-02-27T22:05:25,Clicked Email,0
1591,2025-03-07T11:21:40,Opened Email,0
1425,2025-04-30T11:01:06,SMS Sent,0
2560,2025-01-01T11:03:23,Clicked email to unsubscribe,0
2417,2025-03-18T10:44:54,Clicked email link,0
2896,2025-03-29T16:53:54,Unsubscribed,0
363,2025-04-29T02:50:32,Octane: Quiz Completed: Find The Perfect Eye Shadow   .,0
1530,2025-02-27T06:09:45,Black Crow Identified,1
2569,2025-04-04T22:14:49,Opened Email,0
148,2025-02-12T14:13:53,Placed Order,1
897,2025-04-23T02:20:57,Clicked email to unsubscribe,0
2833,2025-03-12T22:50:03,Active on Site,0
1406,2025-01-04T03:29:03,Clicked Email,0
1685,2025-01-04T22:50:39,Email Open,0
2776,2025-03-01T06:19:53,Placed Order,1
1960,2025-02-08T12:03:47,Octane: Quiz Completed: Find The Perfect Eye Shadow   .,0
1966,2025-02-03T10:32:33,Clicked Email,0
886,2025-02-10T21:15:25,Unsubscribed,0
1747,2025-04-07T09:41:28,Active on Site,0
1624,2025-04-24T10:19:32,Clicked Email,0
540,2025-03-09T09:07:07,Viewed Product.,0
1082,2025-02-17T16:34:08,Clicked email to unsubscribe,0
751,2025-04-24T22:58:00,Viewed Product.,0
2773,2025-02-09T16:30:15,Email Open,0
1960,2025-03-26T07:01:12,Order Placed,1
1267,2025-01-17T03:42:14,Black Crow Identified,0
1789,2025-04-26T06:20:03,Clicked email to unsubscribe,0
1733,2025-02-04T13:23:47,Email Open,0
2253,2025-02-18T21:48:51,Blotout Viewed Product Xyz,0
1315,2025-04-10T01:36:14,Clicked email link,0
48,2025-04-02T17:28:09,SMS Sent,0
1051,2025-04-11T06:38:28,Clicked email to unsubscribe,1
1428,2025-01-13T19:46:53,Octane: Quiz Completed: Find The Perfect Eye Shadow   .,0
2493,2025-01-27T04:30:19,Unsubscribed,0
1249,2025-02-16T10:42:24,Clicked email to unsubscribe,0
792,2025-01-09T12:30:37,Order Placed,1
569,2025-01-23T11:59:30,Octane: Quiz Completed: Find The Perfect Eye Shadow   .,0
713,2025-03-03T09:14:03,Octane: Quiz Completed: Find The Perfect Eye Shadow   .,0
1980,2025-01-03T08:23:24,Clicked email link,0
657,2025-01-03T14:02:54,Octane: Quiz Completed: Find The Perfect Eye Shadow   .,0
633,2025-02-25T18:38:11,Viewed Product.,0
763,2025-04-11T19:54:32,Placed Order,1
2783,2025-03-02T05:33:59,SMS Delivered,1
1943,2025-01-16T09:53:06,Clicked email to unsubscribe,0
2677,2025-02-06T23:45:34,SMS Delivered,0
1553,2025-02-04T13:30:46,Octane: Quiz Completed: Find The Perfect Eye Shadow   .,0
738,2025-01-25T04:55:52,SMS Delivered,0
2372,2025-04-23T08:50:11,SMS Sent,0
698,2025-02-23T20:30:37,Order Placed,1
2695,2025-01-30T13:03:08,Opened Email,0
766,2025-04-30T10:59:52,Clicked Email,0
2170,2025-02-25T05:27:57,Clicked email to unsubscribe,0
2855,2025-04-30T21:02:18,Clicked email link,0
851,2025-04-15T21:34:42,Placed Order,1
628,2025-03-16T02:23:38,Viewed Product XYZ   ,0
1778,2025-04-11T21:20:35,SMS Delivered,0
1427,2025-01-07T06:08:20,SMS Delivered,0
197,2025-02-15T08:04:10,Placed Order,1
738,2025-03-04T22:49:28,Viewed Product.,0
1404,2025-01-07T18:02:14,Placed Order,1
1273,2025-02-21T07:43:13,Order Placed,1
2466,2025-01-28T03:29:18,Clicked email link,0
2286,2025-01-01T16:24:35,Clicked Email,0
1982,2025-03-27T21:29:26,Opened Email,0
781,2025-02-01T04:44:14,SMS Sent,0
2700,2025-01-19T21:04:17,SMS Delivered,0
2395,2025-04-28T10:12:56,Clicked email to unsubscribe,0
2979,2025-03-13T18:06:19,Black Crow Identified,0
2985,2025-03-18T00:57:45,Unsubscribed,0
916,2025-01-15T02:14:05,SMS Sent,0
770,2025-04-10T12:34:02,Blotout Viewed Product Xyz,0
42,2025-02-22T20:25:13,SMS Sent,0
2742,2025-03-09T22:27:05,Placed Order,1
1887,2025-02-01T07:40:14,Order Placed,1
975,2025-02-24T07:59:29,Email Open,0
2032,2025-03-19T11:34:00,Opened Email,0
1898,2025-04-14T03:27:22,Octane: Quiz Completed: Find The Perfect Eye Shadow   .,0
2279,2025-04-30T19:44:16,Email Open,0
2571,2025-03-01T15:47:46,Clicked Email,0
2512,2025-04-21T22:51:03,SMS Sent,0
147,2025-04-19T21:20:57,Blotout Viewed Product Xyz,0
1874,2025-02-07T20:28:17,SMS Delivered,0
637,2025-04-15T19:14:45,Viewed Product XYZ   ,1
118,2025-02-06T16:05:31,Blotout Viewed Product Xyz,0
634,2025-01-28T05:50:14,Viewed Product.,0
2651,2025-03-13T19:55:04,Clicked email to unsubscribe,0
394,2025-03-06T00:24:03,Blotout Viewed Product Xyz,0
979,2025-02-28T17:43:38,Viewed Product XYZ   ,0
1977,2025-01-27T18:52:00,SMS Sent,0
2512,2025-03-05T12:38:32,Placed Order,1
1073,2025-02-09T21:55:29,Viewed Product.,0
2781,2025-02-15T17:36:06,Black Crow Identified,0
477,2025-02-19T07:03:39,Order Placed,1
1111,2025-02-25T17:09:34,Viewed Product.,0
2619,2025-04-16T09:44:39,Blotout Viewed Product Xyz,0
2068,2025-01-29T22:45:20,Placed Order,1
2833,2025-01-31T00:12:04,Viewed Product.,0
43,2025-04-25T11:43:55,Opened Email,0
2147,2025-04-25T11:06:59,Viewed Product.,0
689,2025-01-12T14:44:58,Email Open,0
1757,2025-03-30T09:02:17,Placed Order,1
2601,2025-03-19T11:21:58,Clicked Email,0
2121,2025-02-06T02:09:46,Clicked email link,0
2967,2025-03-15T09:05:07,Email Open,0
1037,2025-03-06T09:52:52,Email Open,0
251,2025-01-09T20:25:07,Active on Site,0
1281,2025-03-31T01:40:12,Clicked email to unsubscribe,0
1623,2025-04-06T01:04:48,Active on Site,0
2524,2025-02-06T20:39:42,SMS Delivered,0
730,2025-02-10T00:56:22,Viewed Product.,0
2018,2025-01-17T06:55:19,Viewed Product XYZ   ,0
1748,2025-03-12T06:41:44,Clicked Email,0
2412,2025-02-05T09:23:20,Clicked email link,0
1490,2025-03-04T11:24:42,Unsubscribed,0
2957,2025-01-02T20:53:05,Order Placed,1
235,2025-02-09T04:36:55,Opened Email,0
1693,2025-03-20T16:01:49,Octane: Quiz Completed: Find The Perfect Eye Shadow   .,0
327,2025-04-23T12:55:41,Clicked email link,0
1651,2025-02-13T08:47:47,Clicked email link,0
307,2025-03-25T22:03:32,SMS Delivered,0
2667,2025-02-18T03:43:50,Black Crow Identified,0
1716,2025-04-04T06:14:01,Placed Order,1
521,2025-04-28T16:53:37,Unsubscribed,0
2618,2025-01-30T17:26:41,Black Crow Identified,0
177,2025-02-13T18:29:19,Order Placed,1
240,2025-04-24T11:25:38,Opened Email,0
1788,2025-03-23T23:42:26,Viewed Product.,0
496,2025-02-24T13:19:33,Viewed Product.,0
1787,2025-03-07T22:33:30,Clicked Email,1
928,2025-03-09T01:39:51,Black Crow Identified,0
1429,2025-04-05T11:19:30,Order Placed,1
314,2025-01-28T03:22:51,Clicked email link,0
132,2025-01-09T03:57:17,SMS Sent,0
1351,2025-04-21T16:58:15,Clicked email to unsubscribe,0
2024,2025-02-22T21:13:56,Octane: Quiz Completed: Find The Perfect Eye Shadow   .,0
1924,2025-02-28T00:44:29,Viewed Product XYZ   ,0
1087,2025-01-25T17:35:19,SMS Delivered,0
1621,2025-01-19T00:20:00,Blotout Viewed Product Xyz,0
904,2025-03-18T03:32:52,SMS Delivered,0
731,2025-04-26T22:12:47,Email Open,0
2291,2025-02-09T23:53:07,Clicked email to unsubscribe,0
2375,2025-01-05T12:59:14,Black Crow Identified,0
1688,2025-02-25T17:14:04,Viewed Product.,0
1138,2025-01-30T19:02:20,Order Placed,1
2593,2025-03-07T02:12:35,Opened Email,0
2310,2025-01-30T19:49:00,SMS Sent,0
1074,2025-03-28T12:36:59,Email Open,0
1375,2025-03-28T21:34:04,Blotout Viewed Product Xyz,0
219,2025-01-08T13:37:16,Opened Email,0
614,2025-03-26T23:08:21,Email Open,0
2799,2025-01-01T18:14:55,Viewed Product.,0
744,2025-01-07T00:27:36,Placed Order,1
2147,2025-01-25T21:01:36,Opened Email,0
2804,2025-04-19T03:27:13,Opened Email,0
2604,2025-01-04T08:28:46,SMS Delivered,0
3000,2025-01-30T18:30:42,Placed Order,1
417,2025-01-16T17:01:24,Order Placed,1
2196,2025-03-10T09:18:49,Blotout Viewed Product Xyz,0
98,2025-03-11T09:28:19,Blotout Viewed Product Xyz,0
1919,2025-02-26T13:00:20,Opened Email,0
2680,2025-02-08T04:51:17,Order Placed,1
623,2025-02-16T14:09:39,Clicked email to unsubscribe,0
2995,2025-03-11T09:53:35,Clicked email to unsubscribe,0
1826,2025-03-11T14:54:17,Viewed Product.,0
2132,2025-03-15T02:17:24,Black Crow Identified,0
162,2025-04-23T10:26:48,SMS Delivered,0
28,2025-04-30T19:03:49,Clicked email link,0
2958,2025-04-14T13:40:39,Clicked email to unsubscribe,0
688,2025-03-05T08:59:52,Viewed Product.,0
2263,2025-01-30T18:26:00,Clicked email link,0
1169,2025-02-25T13:35:26,Unsubscribed,0
748,2025-03-22T03:01:09,Clicked Email,0
447,2025-04-11T02:18:14,SMS Sent,0
1519,2025-01-15T21:08:01,Active on Site,0
2788,2025-03-30T07:44:00,Clicked email to unsubscribe,0
280,2025-01-09T00:47:22,Active on Site,0
2385,2025-01-04T23:35:50,Blotout Viewed Product Xyz,0
1719,2025-01-27T22:25:40,Email Open,0
740,2025-02-25T22:23:31,Octane: Quiz Completed: Find The Perfect Eye Shadow   .,0
877,2025-01-06T16:18:29,Placed Order,1
2968,2025-02-24T05:23:26,Clicked Email,0
1832,2025-01-25T01:30:16,Unsubscribed,0
2084,2025-02-23T03:16:11,Unsubscribed,0
1254,2025-04-23T05:55:53,SMS Delivered,0
2445,2025-01-06T20:47:22,Placed Order,1
2489,2025-04-28T02:01:58,Order Placed,1
993,2025-03-09T01:38:52,Clicked email to unsubscribe,0
208,2025-03-24T16:25:30,Placed Order,1
1147,2025-04-07T16:34:37,Opened Email,0
1589,2025-04-30T01:45:42,Black Crow Identified,0
1691,2025-02-21T21:52:37,Clicked email link,0
1276,2025-04-10T14:51:44,Clicked Email,0
2238,2025-02-01T10:58:32,Email Open,0
2227,2025-02-23T15:46:24,Opened Email,0
2105,2025-02-01T23:55:37,Placed Order,1
2694,2025-04-12T02:28:55,Clicked email link,0
1456,2025-03-26T12:51:34,Blotout Viewed Product Xyz,0
2856,2025-02-15T10:54:36,Unsubscribed,1
1524,2025-03-22T20:51:13,Octane: Quiz Completed: Find The Perfect Eye Shadow   .,0
1262,2025-02-27T17:30:38,Email Open,0
1091,2025-02-08T04:41:01,SMS Sent,0
2863,2025-01-16T11:20:44,Placed Order,1
2762,2025-03-06T02:12:36,Octane: Quiz Completed: Find The Perfect Eye Shadow   .,0
1840,2025-03-28T16:55:11,Viewed Product.,0
1910,2025-02-11T06:50:56,SMS Sent,0
1621,2025-02-20T09:42:39,Unsubscribed,0
596,2025-02-04T02:16:46,SMS Delivered,0
1764,2025-03-20T20:22:24,Order Placed,1
172,2025-03-28T16:30:31,SMS Delivered,0
2495,2025-03-04T21:49:32,Active on Site,0
2205,2025-03-17T10:58:20,Viewed Product XYZ   ,0
1416,2025-01-02T23:38:01,Clicked email to unsubscribe,0
1977,2025-03-02T05:15:11,Black Crow Identified,0
186,2025-01-03T02:33:21,Blotout Viewed Product Xyz,0
1655,2025-01-13T13:41:28,Active on Site,0
2415,2025-02-25T19:17:34,Opened Email,0
1754,2025-04-27T14:14:27,Clicked Email,0
411,2025-03-14T07:25:34,Clicked email link,0
1815,2025-04-03T10:45:40,Viewed Product XYZ   ,0
1737,2025-02-06T00:56:33,Clicked Email,0
454,2025-02-09T04:46:21,Email Open,0
315,2025-03-01T04:08:57,Clicked Email,0
1530,2025-01-15T09:57:55,Viewed Product.,0
2353,2025-04-19T21:15:29,Opened Email,0
2469,2025-03-21T05:58:12,Blotout Viewed Product Xyz,0
520,2025-02-02T03:49:34,Blotout Viewed Product Xyz,0
2072,2025-01-04T06:50:31,Unsubscribed,0
1130,2025-03-19T09:37:20,SMS Delivered,0
639,2025-04-26T10:26:41,Viewed Product.,0
845,2025-02-16T01:51:11,Active on Site,0
608,2025-02-09T23:31:53,Viewed Product XYZ   ,0
1772,2025-04-16T06:13:34,SMS Delivered,0
1624,2025-01-27T06:44:03,Clicked email to unsubscribe,0
2896,2025-02-07T02:05:13,Email Open,0
79,2025-04-23T02:28:04,Clicked Email,0
2489,2025-02-16T04:18:02,Clicked email to unsubscribe,0
1621,2025-04-08T13:19:58,Placed Order,1
2404,2025-02-06T17:09:35,Order Placed,1
2647,2025-04-14T12:02:46,Placed Order,1
1169,2025-01-16T18:00:14,Active on Site,0
79,2025-02-16T19:15:03,Blotout Viewed Product Xyz,0
352,2025-03-01T11:36:27,Black Crow Identified,0
1711,2025-04-25T18:48:49,Blotout Viewed Product Xyz,0
339,2025-02-09T14:02:04,Clicked email to unsubscribe,0
77,2025-03-21T22:41:38,Octane: Quiz Completed: Find The Perfect Eye Shadow   .,0
59,2025-01-21T17:08:02,Blotout Viewed Product Xyz,0
250,2025-04-26T04:09:20,Clicked Email,0
2628,2025-04-09T06:38:18,Unsubscribed,0
2028,2025-01-10T12:55:35,Viewed Product.,0
2695,2025-04-29T02:04:02,SMS Delivered,0
1078,2025-02-04T15:33:27,Unsubscribed,0
2784,2025-01-02T23:50:16,Opened Email,0
341,2025-01-30T04:52:16,Octane: Quiz Completed: Find The Perfect Eye Shadow   .,0
304,2025-03-20T12:36:47,Clicked email link,0
1504,2025-03-24T16:08:48,Email Open,0
1678,2025-03-22T22:13:46,Black Crow Identified,0
1371,2025-03-20T19:04:51,Email Open,0
187,2025-01-04T23:57:30,Blotout Viewed Product Xyz,0
973,2025-02-18T00:34:36,Viewed Product XYZ   ,0
1597,2025-02-28T13:11:11,Unsubscribed,0
1211,2025-04-27T11:17:54,Placed Order,1
1933,2025-03-06T00:06:38,Octane: Quiz Completed: Find The Perfect Eye Shadow   .,0
2653,2025-04-05T04:22:36,Clicked email to unsubscribe,0
2015,2025-03-28T20:21:10,Black Crow Identified,0
2438,2025-01-08T03:02:57,Viewed Product.,0
2313,2025-02-17T21:35:19,Viewed Product.,0
2192,2025-03-11T22:55:13,Clicked email to unsubscribe,0
468,2025-04-03T06:32:20,Placed Order,1
1101,2025-01-25T06:02:40,Unsubscribed,0
2641,2025-01-31T04:33:14,Octane: Quiz Completed: Find The Perfect Eye Shadow   .,0
2856,2025-04-09T10:59:10,Unsubscribed,0
1222,2025-01-17T17:49:02,Active on Site,0
1460,2025-02-04T10:36:15,Blotout Viewed Product Xyz,0
752,2025-03-08T19:35:58,Blotout Viewed Product Xyz,0
1335,2025-04-07T06:20:57,Viewed Product.,0
1901,2025-03-18T15:45:22,SMS Delivered,0
168,2025-01-06T13:43:42,Unsubscribed,0
1259,2025-02-11T06:50:47,Clicked Email,0
302,2025-01-29T23:23:17,Opened Email,1
1696,2025-02-24T23:38:28,Order Placed,1
2864,2025-03-29T09:00:37,SMS Sent,0
510,2025-01-24T14:50:50,Opened Email,0
968,2025-03-25T12:52:05,SMS Sent,0
126,2025-03-27T00:42:03,Clicked email link,0
1095,2025-03-27T08:09:50,Blotout Viewed Product Xyz,0
2081,2025-01-26T18:49:38,Clicked email link,1
2018,2025-01-27T16:40:25,Active on Site,0
1101,2025-03-08T20:23:22,Order Placed,1
2099,2025-02-04T04:38:09,Clicked email link,0
356,2025-01-16T04:58:54,Opened Email,0
163,2025-04-18T02:50:11,SMS Delivered,0
1118,2025-02-25T22:13:57,SMS Delivered,0
2627,2025-03-20T21:00:29,Order Placed,1
2128,2025-04-01T15:08:23,Active on Site,0
312,2025-04-06T12:49:02,Opened Email,0
2185,2025-01-18T00:47:06,Clicked Email,0
2936,2025-02-13T15:42:47,Viewed Product.,0
598,2025-02-01T01:32:25,Clicked Email,0
2128,2025-01-19T23:38:00,Unsubscribed,1
2508,2025-02-24T14:23:29,Email Open,0
179,2025-03-07T14:58:37,Octane: Quiz Completed: Find The Perfect Eye Shadow   .,0
653,2025-04-17T12:03:43,Email Open,0
314,2025-01-01T15:07:47,Blotout Viewed Product Xyz,0
1898,2025-03-18T11:33:14,Black Crow Identified,0
2378,2025-03-22T07:41:35,SMS Sent,0
892,2025-02-25T09:15:41,SMS Sent,0
993,2025-03-06T07:40:57,Clicked Email,0
282,2025-04-14T13:30:32,Opened Email,0
1486,2025-03-15T08:56:39,Placed Order,1
1430,2025-03-30T17:41:39,Clicked email link,0
955,2025-04-25T23:19:23,Unsubscribed,0
1604,2025-01-06T19:18:52,Octane: Quiz Completed: Find The Perfect Eye Shadow   .,0
1579,2025-03-27T15:52:57,Blotout Viewed Product Xyz,0
2059,2025-04-24T14:35:41,Black Crow Identified,0
2612,2025-01-28T15:53:34,Email Open,0
1393,2025-03-30T04:13:31,Viewed Product.,0
371,2025-03-05T07:02:20,SMS Sent,0
531,2025-03-10T01:38:02,Clicked Email,0
460,2025-02-25T13:46:09,Viewed Product XYZ   ,0
1726,2025-04-05T23:25:33,Clicked Email,0
64,2025-01-31T22:44:28,Viewed Product XYZ   ,0
1666,2025-01-06T20:52:46,Placed Order,1
2001,2025-04-04T17:57:21,SMS Delivered,0
1121,2025-02-02T14:21:55,Active on Site,0
1764,2025-04-04T15:29:54,Order Placed,1
1148,2025-03-18T21:03:49,Black Crow Identified,0
3000,2025-02-05T10:58:51,Active on Site,0
2956,2025-04-09T06:53:41,Clicked Email,0
2823,2025-02-06T06:23:38,Order Placed,1
2678,2025-04-19T09:56:04,Octane: Quiz Completed: Find The Perfect Eye Shadow   .,0
487,2025-03-15T22:41:07,Email Open,0
1091,2025-04-28T04:16:28,Octane: Quiz Completed: Find The Perfect Eye Shadow   .,0
1567,2025-02-07T02:33:56,Clicked email to unsubscribe,0
939,2025-01-05T12:54:06,Unsubscribed,0
2112,2025-03-04T04:10:32,Viewed Product.,0
665,2025-03-01T10:00:08,Black Crow Identified,0
254,2025-02-03T14:01:16,Opened Email,0
376,2025-02-10T12:43:58,Clicked email to unsubscribe,0
280,2025-02-12T05:56:03,Clicked Email,0
541,2025-01-24T19:11:36,Unsubscribed,0
1490,2025-03-11T13:38:54,SMS Sent,0
1968,2025-01-04T18:17:50,Placed Order,1
1135,2025-04-14T11:06:57,Clicked email link,0
1910,2025-04-15T17:09:19,Black Crow Identified,0
2413,2025-01-13T08:26:18,Clicked Email,0
2810,2025-03-21T11:29:34,Placed Order,1
2732,2025-03-26T20:26:39,Clicked email to unsubscribe,0
2074,2025-03-26T07:52:22,Viewed Product XYZ   ,0
2367,2025-04-07T18:25:39,Viewed Product XYZ   ,0
1766,2025-02-01T17:50:17,Placed Order,1
2688,2025-01-27T04:56:59,Clicked Email,0
1433,2025-03-25T09:09:54,Email Open,0
2785,2025-04-22T02:04:00,Placed Order,1
2260,2025-04-01T21:43:24,Black Crow Identified,0
491,2025-03-26T05:15:16,Clicked email link,0
2570,2025-04-16T03:37:30,SMS Delivered,0
130,2025-02-13T06:53:10,Viewed Product XYZ   ,0
1393,2025-04-18T05:45:17,Clicked email to unsubscribe,0
2740,2025-01-04T03:43:43,SMS Delivered,0
1495,2025-04-01T01:28:34,Black Crow Identified,0
2418,2025-02-08T16:03:14,Order Placed,1
1960,2025-04-26T09:29:55,Placed Order,1
1489,2025-03-11T19:30:03,Email Open,0
2117,2025-01-11T23:08:59,Order Placed,1
1567,2025-01-17T10:36:06,Clicked email link,0
1591,2025-03-29T04:48:12,SMS Delivered,0
2743,2025-03-14T16:18:08,Viewed Product XYZ   ,0
532,2025-04-05T19:09:43,Clicked email link,0
2857,2025-01-08T09:02:16,Viewed Product XYZ   ,0
996,2025-04-14T13:47:26,Unsubscribed,0
1993,2025-01-08T10:40:50,Active on Site,0
2448,2025-01-11T09:25:51,Clicked email to unsubscribe,0
1442,2025-02-24T13:38:01,SMS Delivered,0
2472,2025-01-04T22:31:38,SMS Delivered,0
103,2025-04-11T01:41:48,Clicked email to unsubscribe,0
540,2025-04-15T02:22:59,Email Open,0
2600,2025-03-24T00:26:20,Placed Order,1
489,2025-03-13T19:03:25,Viewed Product XYZ   ,0
1640,2025-03-21T17:00:31,Black Crow Identified,0
852,2025-02-12T09:12:31,Opened Email,0
739,2025-01-06T13:29:16,Unsubscribed,0
830,2025-01-26T20:03:14,SMS Sent,0
2157,2025-03-01T08:11:10,SMS Delivered,0
2109,2025-04-12T22:19:30,Black Crow Identified,0
2854,2025-02-07T01:08:20,Placed Order,1
348,2025-02-28T03:12:55,Black Crow Identified,0
1291,2025-03-04T11:07:48,Opened Email,0
1021,2025-01-06T15:02:52,Clicked email link,0
2130,2025-02-06T02:45:07,SMS Sent,0
93,2025-02-18T20:22:29,Unsubscribed,0
2612,2025-03-27T14:10:33,Order Placed,1
359,2025-03-22T07:12:43,Placed Order,1
2657,2025-04-24T10:13:01,Email Open,0
2753,2025-01-13T05:58:02,SMS Delivered,0
169,2025-02-15T01:35:01,Unsubscribed,1
1808,2025-02-12T19:07:49,Clicked email link,0
399,2025-01-02T22:09:37,Unsubscribed,0
1069,2025-01-19T10:01:02,Clicked Email,0
629,2025-01-22T18:39:47,Placed Order,1
2330,2025-04-05T02:33:04,Clicked email link,0
1301,2025-03-20T07:49:29,Placed Order,1
468,2025-03-20T01:07:56,Clicked email link,0
654,2025-01-07T13:44:16,Clicked Email,0
1398,2025-03-19T22:41:37,Clicked Email,0
1095,2025-03-23T23:18:27,Clicked email to unsubscribe,0
1793,2025-04-03T17:26:19,Black Crow Identified,0
1961,2025-03-14T16:57:52,Clicked Email,0
2753,2025-04-07T13:24:18,SMS Sent,0
1391,2025-03-24T12:00:41,Viewed Product XYZ   ,0
2377,2025-02-27T05:59:44,Email Open,0
461,2025-02-19T07:10:32,SMS Sent,0
2513,2025-01-04T16:43:03,Opened Email,0
722,2025-02-01T19:16:11,Clicked email to unsubscribe,0
617,2025-02-17T19:46:47,Unsubscribed,0
706,2025-02-04T16:04:34,Email Open,0
1995,2025-02-24T18:40:47,Clicked email link,0
123,2025-02-19T13:04:59,Viewed Product XYZ   ,0
1247,2025-02-05T14:26:28,Viewed Product XYZ   ,0
2887,2025-02-15T23:40:21,SMS Sent,0
1700,2025-02-02T09:52:44,Blotout Viewed Product Xyz,0
2199,2025-02-12T20:07:25,Blotout Viewed Product Xyz,0
187,2025-04-25T15:32:02,Clicked email link,0
378,2025-01-11T22:35:52,Unsubscribed,0
1507,2025-02-21T03:38:23,Viewed Product.,0
276,2025-01-17T08:44:04,Clicked Email,0
1335,2025-02-25T09:32:24,SMS Sent,0
1173,2025-04-03T04:19:36,Clicked email link,0
2828,2025-03-04T17:32:55,Placed Order,1
511,2025-02-07T16:06:05,Clicked email link,0
2637,2025-03-26T16:45:43,Viewed Product.,0
1824,2025-03-30T23:27:29,Email Open,0
1036,2025-01-17T11:02:23,SMS Sent,1
1172,2025-02-16T13:05:09,Unsubscribed,0
1861,2025-02-21T05:16:45,Black Crow Identified,0
2132,2025-01-28T21:21:00,Opened Email,0
1340,2025-02-06T13:11:02,Viewed Product XYZ   ,0
167,2025-02-27T19:42:00,Opened Email,0
110,2025-01-12T19:48:40,Clicked email to unsubscribe,0
2237,2025-01-18T09:43:14,Black Crow Identified,0
1544,2025-04-03T18:48:00,Active on Site,0
1129,2025-04-04T01:41:55,SMS Sent,0
1067,2025-04-19T15:49:23,Clicked email to unsubscribe,0
1553,2025-02-16T09:28:56,SMS Delivered,0
1054,2025-02-17T16:06:08,Viewed Product XYZ   ,0
224,2025-02-02T10:07:47,Clicked Email,0
173,2025-04-11T01:28:59,Order Placed,1
138,2025-02-03T11:14:34,Placed Order,1
812,2025-02-17T23:14:03,Viewed Product XYZ   ,0
2934,2025-02-21T00:59:14,Active on Site,0
357,2025-04-02T15:04:50,Email Open,0
2517,2025-01-30T21:27:03,Email Open,0
2272,2025-02-04T12:23:01,Viewed Product XYZ   ,0
1497,2025-01-11T06:40:02,Unsubscribed,0
2237,2025-01-24T10:55:27,SMS Delivered,0
397,2025-02-01T08:32:52,SMS Sent,0
1773,2025-02-06T13:44:27,SMS Delivered,0
2495,2025-04-07T15:46:34,Clicked email link,1
1255,2025-02-18T03:47:35,SMS Sent,0
2124,2025-01-17T10:53:27,Placed Order,1
187,2025-03-13T13:06:48,Clicked email to unsubscribe,0
1221,2025-04-12T09:23:39,Viewed Product.,0
2577,2025-01-17T16:29:42,Unsubscribed,0
2956,2025-04-02T17:11:57,Blotout Viewed Product Xyz,0
1997,2025-01-24T00:37:54,Clicked Email,0
1983,2025-03-29T19:08:43,Clicked email to unsubscribe,0
169,2025-01-08T02:40:02,Black Crow Identified,0
655,2025-03-28T15:23:04,Viewed Product.,0
1633,2025-04-02T03:55:40,Clicked email to unsubscribe,0
2686,2025-01-21T04:49:52,Blotout Viewed Product Xyz,0
1466,2025-01-28T22:04:34,Unsubscribed,0
362,2025-01-10T08:47:00,Opened Email,0
62,2025-02-08T17:59:14,Blotout Viewed Product Xyz,0
2325,2025-04-22T08:38:14,Viewed Product XYZ   ,0
1033,2025-01-14T23:06:29,Order Placed,1
2602,2025-01-23T19:00:06,Clicked email link,0
2948,2025-02-06T01:31:46,SMS Delivered,0
2757,2025-02-02T09:49:38,Opened Email,0
1362,2025-04-24T05:19:43,Clicked email link,1
1916,2025-02-18T15:44:02,Clicked email link,0
537,2025-04-06T23:53:27,Order Placed,1
1895,2025-03-12T09:22:37,Black Crow Identified,0
2349,2025-02-16T22:53:49,Order Placed,1
767,2025-03-12T06:08:12,Viewed Product.,0
2393,2025-01-25T18:22:30,Octane: Quiz Completed: Find The Perfect Eye Shadow   .,0
2173,2025-01-18T06:21:34,SMS Delivered,0
564,2025-02-06T12:15:25,SMS Sent,0
482,2025-02-20T21:49:55,Placed Order,1
1996,2025-04-19T21:46:12,Order Placed,1
2699,2025-04-08T08:42:00,Blotout Viewed Product Xyz,0
899,2025-04-04T10:54:09,SMS Sent,0
1842,2025-04-01T19:42:51,Blotout Viewed Product Xyz,0
1116,2025-04-16T22:42:31,SMS Sent,0
1142,2025-01-05T05:01:18,Placed Order,1
1309,2025-02-04T00:00:52,Blotout Viewed Product Xyz,0
1149,2025-03-03T19:23:18,SMS Sent,0
2860,2025-03-29T17:17:24,Blotout Viewed Product Xyz,0
2804,2025-04-28T16:24:03,Viewed Product.,0
1412,2025-01-20T12:34:22,Viewed Product.,0
2604,2025-01-23T17:57:54,Opened Email,0
1318,2025-02-04T01:17:53,Active on Site,0
2963,2025-04-11T15:14:39,Viewed Product XYZ   ,1
1245,2025-02-04T14:24:32,Clicked email to unsubscribe,0
2202,2025-01-11T02:32:30,Placed Order,1
1268,2025-01-11T03:33:22,Viewed Product.,0
1661,2025-01-21T08:54:31,Unsubscribed,0
434,2025-03-19T22:49:30,Unsubscribed,0
667,2025-01-17T17:14:14,Blotout Viewed Product Xyz,0
1864,2025-03-09T01:10:16,SMS Delivered,0
1813,2025-02-16T09:29:15,Email Open,0
2466,2025-02-22T15:24:13,SMS Sent,0
1362,2025-02-13T22:09:54,Clicked Email,0
2798,2025-04-18T21:03:54,Octane: Quiz Completed: Find The Perfect Eye Shadow   .,0
1793,2025-03-08T21:46:12,Unsubscribed,0
1231,2025-01-22T17:14:56,Active on Site,0
2216,2025-03-17T14:50:03,Unsubscribed,0
1356,2025-04-20T16:13:53,Clicked Email,0
180,2025-03-10T01:04:25,Clicked Email,0
1831,2025-04-09T15:16:36,Blotout Viewed Product Xyz,0
2602,2025-04-05T07:04:29,Octane: Quiz Completed: Find The Perfect Eye Shadow   .,0
2642,2025-02-22T19:50:59,Clicked email to unsubscribe,0
500,2025-01-23T09:49:44,Viewed Product XYZ   ,0
1462,2025-03-05T20:57:31,SMS Sent,0
2050,2025-02-26T05:48:05,Placed Order,1
1624,2025-02-02T22:23:47,Email Open,0
2748,2025-01-27T10:26:05,Viewed Product XYZ   ,0
1382,2025-03-10T12:33:35,Unsubscribed,0
1177,2025-03-05T20:57:24,Unsubscribed,0
748,2025-04-29T05:13:18,Black Crow Identified,0
2271,2025-03-07T00:38:03,Blotout Viewed Product Xyz,0
549,2025-04-04T20:55:32,SMS Delivered,0
1615,2025-01-24T04:08:24,Blotout Viewed Product Xyz,0
984,2025-04-05T21:27:50,SMS Delivered,0
811,2025-01-26T05:54:35,Active on Site,0
1564,2025-04-27T18:07:14,Blotout Viewed Product Xyz,0
27,2025-01-25T19:45:26,Black Crow Identified,0
2127,2025-01-11T12:39:12,Octane: Quiz Completed: Find The Perfect Eye Shadow   .,0
1081,2025-01-01T18:58:40,Placed Order,1
1556,2025-03-26T21:17:08,Viewed Product.,0
2126,2025-04-02T03:15:56,Email Open,0
1048,2025-01-21T22:56:50,Order Placed,1
2721,2025-02-03T03:13:43,Black Crow Identified,0
1859,2025-03-01T08:16:07,Placed Order,1
2243,2025-04-13T10:45:21,SMS Delivered,0
2049,2025-04-06T20:19:12,Order Placed,1
1624,2025-02-03T12:23:28,Octane: Quiz Completed: Find The Perfect Eye Shadow   .,0
2418,2025-03-04T10:16:20,Black Crow Identified,0
255,2025-03-02T12:03:40,Opened Email,0
1789,2025-02-18T09:59:19,Viewed Product XYZ   ,0
101,2025-02-11T11:31:40,Viewed Product XYZ   ,0
1218,2025-04-26T22:49:35,Octane: Quiz Completed: Find The Perfect Eye Shadow   .,0
1262,2025-02-13T14:04:20,Clicked email link,0
1642,2025-02-16T00:22:06,Viewed Product.,0
13,2025-03-02T23:28:54,Viewed Product.,0
2968,2025-03-28T06:31:50,Viewed Product.,0
2671,2025-01-04T02:15:56,Clicked email to unsubscribe,0
305,2025-01-29T23:06:05,Active on Site,0
95,2025-04-28T03:33:49,Opened Email,1
240,2025-02-13T13:07:24,Opened Email,0
2660,2025-01-24T10:29:17,Unsubscribed,0
1821,2025-02-01T00:47:14,Clicked email link,0
447,2025-04-15T20:40:30,Opened Email,1
1505,2025-01-03T06:12:24,Placed Order,1
1837,2025-02-23T07:51:31,SMS Delivered,0
1645,2025-02-01T13:58:21,SMS Delivered,1
2482,2025-03-09T03:08:43,Order Placed,1
74,2025-01-08T20:40:54,Order Placed,1
825,2025-01-14T15:16:01,Active on Site,0
2837,2025-03-12T17:05:23,Opened Email,0
1495,2025-02-07T08:19:27,Viewed Product.,0
1671,2025-01-21T10:04:55,SMS Sent,0
169,2025-02-07T08:11:25,Opened Email,0
2204,2025-02-09T09:00:29,Unsubscribed,0
2727,2025-02-20T07:20:27,Clicked email link,1
1960,2025-03-29T04:41:08,Viewed Product.,0
1085,2025-04-05T13:54:54,Unsubscribed,0
2747,2025-01-22T18:56:49,Active on Site,0
1139,2025-03-15T13:19:12,Black Crow Identified,0
2662,2025-03-13T07:08:33,Order Placed,1
1395,2025-02-04T04:46:50,Opened Email,0
1358,2025-01-21T16:32:20,Clicked Email,1
288,2025-04-23T10:03:56,Clicked email link,0
107,2025-01-09T07:10:58,Clicked Email,0
1137,2025-03-01T12:12:24,Clicked email to unsubscribe,0
451,2025-02-15T19:24:06,Clicked email link,0
186,2025-01-08T17:05:20,Opened Email,0
1532,2025-03-31T05:52:21,Black Crow Identified,0
287,2025-02-07T16:47:35,Viewed Product XYZ   ,0
2277,2025-04-21T02:02:56,Opened Email,0
232,2025-02-24T14:17:07,Clicked email to unsubscribe,0
873,2025-04-14T02:57:05,SMS Sent,0
1752,2025-04-29T19:03:21,Black Crow Identified,0
2545,2025-03-09T05:21:48,Black Crow Identified,0
2395,2025-04-15T05:45:18,SMS Sent,0
1043,2025-03-20T07:09:57,Clicked email to unsubscribe,0
2583,2025-02-03T01:41:35,Clicked email link,0
1469,2025-02-01T02:11:02,Placed Order,1
576,2025-02-27T19:34:56,Blotout Viewed Product Xyz,0
2382,2025-02-28T17:31:54,Placed Order,1
2684,2025-02-15T14:13:47,Active on Site,0
2575,2025-01-21T09:15:12,Black Crow Identified,0
2288,2025-03-30T09:20:30,Blotout Viewed Product Xyz,0
2265,2025-01-12T06:21:31,Blotout Viewed Product Xyz,0
2346,2025-04-18T10:01:58,Clicked email to unsubscribe,0
304,2025-04-07T15:21:58,Viewed Product.,1
2662,2025-03-23T02:29:05,Opened Email,0
2018,2025-04-14T16:19:19,Octane: Quiz Completed: Find The Perfect Eye Shadow   .,0
2929,2025-02-12T08:54:52,Order Placed,1
2088,2025-03-31T15:15:11,Blotout Viewed Product Xyz,0
2448,2025-02-28T05:48:54,SMS Sent,0
878,2025-02-26T16:42:21,Placed Order,1
2047,2025-03-23T19:08:37,Order Placed,1
1089,2025-01-04T00:50:06,Octane: Quiz Completed: Find The Perfect Eye Shadow   .,0
2345,2025-01-19T09:49:23,Blotout Viewed Product Xyz,0
1463,2025-02-03T22:31:04,Clicked email to unsubscribe,0
1486,2025-04-24T12:36:47,Viewed Product XYZ   ,0
1255,2025-01-01T08:18:43,Clicked email link,0
320,2025-02-06T15:19:40,Email Open,0
2381,2025-04-16T17:34:36,Octane: Quiz Completed: Find The Perfect Eye Shadow   .,0
554,2025-01-15T17:15:22,Clicked Email,0
539,2025-02-03T01:37:57,Octane: Quiz Completed: Find The Perfect Eye Shadow   .,0
2234,2025-01-19T21:20:37,SMS Delivered,0
2772,2025-02-01T08:11:07,Black Crow Identified,0
50,2025-02-12T14:26:04,Viewed Product.,0
1719,2025-01-13T22:09:44,Active on Site,0
13,2025-04-23T02:59:43,Black Crow Identified,0
580,2025-02-25T05:08:21,Clicked Email,0
1534,2025-04-28T11:51:04,Black Crow Identified,0
2833,2025-04-02T09:04:27,Email Open,0
1639,2025-03-30T09:52:12,Blotout Viewed Product Xyz,0
2006,2025-01-09T06:23:40,Active on Site,0
1505,2025-04-27T07:17:06,Clicked email link,0
1825,2025-02-13T17:23:20,SMS Delivered,0
2143,2025-04-15T10:14:34,Blotout Viewed Product Xyz,1
260,2025-03-15T07:56:36,Blotout Viewed Product Xyz,0
1292,2025-03-08T18:01:42,Viewed Product.,0
2094,2025-04-04T14:39:54,Unsubscribed,0
619,2025-04-22T12:28:02,Unsubscribed,0
2269,2025-02-05T12:20:34,Clicked Email,0
2501,2025-01-20T04:14:41,Placed Order,1
678,2025-02-21T20:06:01,Opened Email,0
66,2025-04-22T01:59:04,Order Placed,1
890,2025-03-23T05:35:28,Placed Order,1
2119,2025-01-18T15:59:04,Unsubscribed,0
1747,2025-02-13T01:59:33,Black Crow Identified,0
648,2025-04-13T02:44:16,Clicked email to unsubscribe,1
2998,2025-03-12T21:08:07,Clicked email to unsubscribe,0
1986,2025-04-18T05:23:13,Viewed Product.,0
789,2025-02-13T03:30:43,Clicked Email,0
1849,2025-01-30T05:44:24,Viewed Product XYZ   ,0
2728,2025-02-16T09:15:27,Unsubscribed,0
219,2025-02-15T05:08:42,Order Placed,1
429,2025-03-22T18:46:53,Email Open,0
1265,2025-01-09T09:20:26,Clicked email link,0
1950,2025-03-15T16:14:52,Viewed Product XYZ   ,0
1229,2025-03-23T23:21:40,Order Placed,1
1092,2025-01-11T01:45:16,Blotout Viewed Product Xyz,0
2020,2025-01-04T12:27:23,Viewed Product.,1
2639,2025-02-04T16:43:29,Opened Email,0
955,2025-04-21T01:46:41,Unsubscribed,0
34,2025-04-15T09:57:21,Viewed Product.,0
1673,2025-04-06T10:58:37,Viewed Product.,0
2032,2025-04-12T17:12:32,Placed Order,1
2817,2025-03-03T21:54:31,Active on Site,0
2333,2025-03-31T02:45:55,Viewed Product.,0
2284,2025-04-01T07:54:42,Clicked email link,0
136,2025-01-29T14:24:47,SMS Sent,0
2573,2025-01-06T22:15:40,Order Placed,1
1201,2025-02-08T04:18:52,Placed Order,1
1685,2025-02-12T12:18:28,Viewed Product XYZ   ,0
1838,2025-04-15T22:02:26,Blotout Viewed Product Xyz,0
2159,2025-03-01T02:43:23,SMS Delivered,0
1241,2025-04-23T09:17:40,Black Crow Identified,0
2824,2025-03-26T05:06:10,Order Placed,1
1696,2025-04-06T17:45:05,Order Placed,1
1762,2025-03-18T19:40:24,Opened Email,0
1728,2025-01-20T16:59:52,Active on Site,0
590,2025-04-29T00:38:19,Blotout Viewed Product Xyz,0
832,2025-04-05T11:37:15,Viewed Product XYZ   ,0
1482,2025-02-08T00:42:32,Octane: Quiz Completed: Find The Perfect Eye Shadow   .,0
454,2025-02-03T12:03:43,SMS Delivered,0
2912,2025-03-06T11:40:01,Active on Site,0
2023,2025-02-03T16:41:19,SMS Sent,0
1428,2025-04-26T02:12:52,SMS Delivered,0
1829,2025-04-25T14:56:13,Blotout Viewed Product Xyz,0
1825,2025-04-19T12:32:19,Clicked email link,0
1972,2025-02-09T11:12:04,Placed Order,1
1432,2025-01-14T23:03:59,Email Open,0
2216,2025-01-26T20:08:35,Blotout Viewed Product Xyz,0
2060,2025-01-22T10:16:42,Clicked email to unsubscribe,0
1768,2025-01-30T02:08:59,Active on Site,0
1213,2025-04-02T20:54:45,Order Placed,1
2097,2025-03-21T19:04:49,SMS Sent,0
860,2025-03-21T09:11:54,Active on Site,0
1997,2025-03-14T17:11:36,Clicked Email,0
436,2025-04-10T01:02:04,Order Placed,1
1047,2025-03-12T19:39:32,SMS Delivered,0
430,2025-03-04T15:05:29,Octane: Quiz Completed: Find The Perfect Eye Shadow   .,1
34,2025-04-09T15:29:32,Clicked Email,0
2555,2025-03-27T14:34:52,Clicked email to unsubscribe,0
530,2025-04-19T04:43:03,Placed Order,1
2297,2025-01-04T09:47:19,Viewed Product.,0
2771,2025-02-16T10:53:27,Active on Site,0
1241,2025-02-26T01:57:12,Placed Order,1
1117,2025-03-14T03:27:59,Order Placed,1
1556,2025-03-25T11:21:26,Opened Email,0
2000,2025-04-24T05:32:11,Octane: Quiz Completed: Find The Perfect Eye Shadow   .,1
1461,2025-03-17T01:14:44,Clicked Email,0
1372,2025-04-13T20:24:09,Clicked Email,0
2997,2025-04-05T18:49:34,Opened Email,0
1617,2025-04-07T19:28:57,Unsubscribed,0
2571,2025-01-07T18:27:29,Viewed Product XYZ   ,0
1810,2025-02-13T23:08:28,Order Placed,1
1839,2025-01-31T15:27:18,Opened Email,0
2948,2025-03-16T14:12:30,Order Placed,1
751,2025-03-25T12:29:38,Email Open,0
2746,2025-04-29T21:25:08,Active on Site,0
741,2025-01-31T14:11:16,Clicked Email,0
1506,2025-01-06T08:59:50,Active on Site,0
1672,2025-04-14T03:13:26,Viewed Product.,1
1716,2025-02-03T00:14:34,Placed Order,1
1436,2025-04-01T03:38:08,Placed Order,1
1371,2025-04-09T18:27:08,Viewed Product.,0
2407,2025-01-15T00:24:18,Black Crow Identified,0
2703,2025-03-25T13:16:18,Viewed Product XYZ   ,0
1338,2025-02-08T15:47:03,SMS Sent,0
2487,2025-01-22T03:16:34,Octane: Quiz Completed: Find The Perfect Eye Shadow   .,0
2245,2025-03-07T02:43:34,Viewed Product.,0
1174,2025-04-21T23:20:34,Viewed Product XYZ   ,0
2464,2025-02-25T12:11:00,Octane: Quiz Completed: Find The Perfect Eye Shadow   .,0
2444,2025-04-29T14:20:38,Placed Order,1
273,2025-03-28T03:35:32,Black Crow Identified,0
1396,2025-03-05T14:24:23,Unsubscribed,0
493,2025-03-24T04:06:16,Unsubscribed,0
376,2025-02-16T07:27:11,Black Crow Identified,0
1988,2025-01-19T04:22:06,Order Placed,1
1893,2025-04-15T23:04:53,Blotout Viewed Product Xyz,0
2516,2025-02-22T13:05:51,SMS Sent,0
1471,2025-02-20T18:07:17,Opened Email,0
2509,2025-03-04T07:24:24,SMS Delivered,0
807,2025-02-16T19:17:57,SMS Sent,0
2986,2025-02-13T07:58:20,Viewed Product XYZ   ,0
2444,2025-03-11T13:30:25,Placed Order,1
865,2025-03-11T12:52:03,Blotout Viewed Product Xyz,0
687,2025-02-01T08:54:04,Clicked email to unsubscribe,0
1704,2025-01-04T07:35:12,Placed Order,1
1720,2025-02-07T10:43:00,Octane: Quiz Completed: Find The Perfect Eye Shadow   .,0
349,2025-03-12T17:30:48,SMS Delivered,0
1201,2025-04-09T13:41:15,Octane: Quiz Completed: Find The Perfect Eye Shadow   .,1
697,2025-02-14T18:37:44,SMS Delivered,0
2676,2025-01-09T05:22:45,Opened Email,0
2424,2025-02-20T04:26:15,Placed Order,1
2343,2025-04-17T15:55:48,Email Open,0
2447,2025-04-08T04:24:28,Unsubscribed,0
586,2025-04-15T01:06:47,Order Placed,1
1415,2025-03-09T04:57:38,Placed Order,1
841,2025-02-04T12:09:02,Viewed Product XYZ   ,0
2056,2025-02-02T10:10:03,Clicked Email,0
2755,2025-03-23T14:58:44,Order Placed,1
1750,2025-03-04T16:52:48,Order Placed,1
998,2025-04-24T23:06:55,SMS Sent,0
2310,2025-02-21T07:22:18,Clicked email to unsubscribe,0
2379,2025-01-31T17:51:40,Opened Email,0
2431,2025-04-25T23:04:50,Placed Order,1
2218,2025-03-30T07:00:05,Opened Email,0
1077,2025-03-02T22:36:06,Active on Site,1
2209,2025-03-15T13:43:38,Clicked Email,0
478,2025-03-23T23:02:54,Opened Email,0
2223,2025-03-21T22:16:51,Email Open,0
2959,2025-01-18T07:22:45,Placed Order,1
884,2025-04-18T15:00:21,Clicked email link,0
2651,2025-04-24T06:53:04,Clicked email to unsubscribe,0
1781,2025-04-17T15:34:10,Clicked email link,0
1172,2025-04-19T11:30:53,SMS Delivered,0
2425,2025-02-20T05:22:07,Active on Site,0
828,2025-02-02T14:20:33,Opened Email,0
2403,2025-04-08T01:23:07,SMS Sent,0
2173,2025-03-30T22:34:36,Clicked email link,0
2921,2025-03-20T12:33:46,Viewed Product.,0
299,2025-02-26T17:14:38,Email Open,0
2317,2025-03-31T17:02:34,Black Crow Identified,0
1087,2025-03-15T15:06:39,Clicked email link,0
2700,2025-01-11T05:43:14,SMS Delivered,0
262,2025-04-09T07:50:58,Octane: Quiz Completed: Find The Perfect Eye Shadow   .,0
2148,2025-03-03T05:17:10,Clicked Email,0
443,2025-04-08T02:26:04,Black Crow Identified,0
1776,2025-04-01T13:04:28,Black Crow Identified,0
2731,2025-02-16T09:38:21,Viewed Product XYZ   ,0
267,2025-04-13T10:26:07,Octane: Quiz Completed: Find The Perfect Eye Shadow   .,0
2999,2025-04-21T11:08:39,Placed Order,1
2314,2025-01-29T18:20:32,SMS Sent,0
2006,2025-01-05T23:18:54,Unsubscribed,0
2693,2025-04-05T13:29:34,Octane: Quiz Completed: Find The Perfect Eye Shadow   .,0
1299,2025-04-21T01:46:57,Opened Email,0
1661,2025-01-16T12:29:58,Clicked email to unsubscribe,0
1978,2025-02-07T07:19:25,Opened Email,0
1741,2025-04-17T15:37:52,SMS Delivered,0
1642,2025-01-01T07:20:06,Email Open,0
261,2025-01-14T20:22:44,Placed Order,1
2502,2025-01-24T04:59:22,SMS Sent,0
904,2025-04-23T06:56:12,Blotout Viewed Product Xyz,0
369,2025-03-10T23:01:38,Active on Site,0
2679,2025-01-28T16:49:56,Blotout Viewed Product Xyz,0
1499,2025-03-22T15:29:29,Unsubscribed,0
2366,2025-02-17T08:14:31,Viewed Product.,0
1893,2025-04-19T07:44:29,Black Crow Identified,0
633,2025-01-28T22:20:26,Active on Site,0
496,2025-02-15T20:23:22,Blotout Viewed Product Xyz,0
1309,2025-04-08T17:51:34,Clicked Email,0
746,2025-01-01T11:51:22,Email Open,0
1423,2025-03-31T11:28:06,Placed Order,1
1970,2025-02-03T03:59:41,Clicked Email,0
2434,2025-01-01T04:01:47,Order Placed,1
1141,2025-03-17T17:58:13,Clicked Email,0
2470,2025-01-13T01:50:05,Viewed Product.,0
1980,2025-03-14T02:54:59,Clicked email to unsubscribe,0
115,2025-03-25T16:44:33,Clicked Email,0
485,2025-01-09T23:34:02,Unsubscribed,0
2737,2025-02-24T13:13:35,Active on Site,0
2099,2025-02-19T04:54:36,Unsubscribed,0
1261,2025-04-13T21:33:07,Clicked email link,0
2825,2025-04-03T00:58:49,Active on Site,1
2675,2025-02-09T10:19:46,Blotout Viewed Product Xyz,0
694,2025-02-23T20:36:52,Black Crow Identified,0
1565,2025-01-05T13:51:53,Email Open,0
1944,2025-03-07T04:47:36,Viewed Product XYZ   ,0
1754,2025-04-14T07:37:58,Clicked email link,0
2655,2025-01-02T17:00:07,SMS Sent,0
1272,2025-04-28T21:12:50,Octane: Quiz Completed: Find The Perfect Eye Shadow   .,0
2389,2025-04-11T10:22:44,Unsubscribed,0
1163,2025-02-27T05:39:38,Opened Email,0
2733,2025-01-29T02:14:18,Viewed Product XYZ   ,0
2609,2025-02-11T10:24:13,Unsubscribed,0
1640,2025-02-09T13:26:27,Unsubscribed,0
1097,2025-04-01T06:36:50,Email Open,0
2013,2025-01-02T11:51:47,Unsubscribed,0
475,2025-01-01T19:35:08,Opened Email,0
383,2025-03-22T15:07:20,Clicked email to unsubscribe,0
829,2025-04-06T17:34:06,Viewed Product.,0
1479,2025-03-26T06:41:14,Octane: Quiz Completed: Find The Perfect Eye Shadow   .,0
1156,2025-04-05T13:08:30,Clicked email link,0
847,2025-04-29T19:37:50,Clicked Email,0
2620,2025-02-25T17:26:10,Placed Order,1
272,2025-03-14T04:20:53,SMS Delivered,0
2431,2025-04-20T03:29:22,Order Placed,1
1343,2025-02-08T16:39:26,Unsubscribed,0
1515,2025-01-13T09:56:15,SMS Sent,0
2397,2025-04-12T17:07:50,SMS Sent,0
233,2025-03-30T14:40:40,Clicked email link,0
2947,2025-01-13T12:46:36,SMS Delivered,0
2507,2025-01-30T11:50:20,Clicked email to unsubscribe,0
2034,2025-01-06T06:54:58,SMS Sent,0
474,2025-03-31T05:40:18,Clicked email link,1
103,2025-01-18T22:08:30,Order Placed,1
2482,2025-04-10T17:09:26,Email Open,0
1110,2025-02-13T04:57:06,Active on Site,0
2022,2025-02-15T10:28:32,Clicked email to unsubscribe,0
2001,2025-02-26T04:02:50,Viewed Product XYZ   ,0
1587,2025-02-21T15:23:57,Viewed Product.,0
2422,2025-01-13T17:01:27,Clicked email link,0
388,2025-04-21T23:54:27,Placed Order,1
2181,2025-03-14T17:24:30,Octane: Quiz Completed: Find The Perfect Eye Shadow   .,0
2603,2025-01-04T08:39:59,Clicked Email,0
492,2025-04-04T11:21:52,SMS Sent,0
448,2025-04-21T04:41:24,Viewed Product XYZ   ,0
1421,2025-02-03T04:23:29,Black Crow Identified,0
1177,2025-02-17T03:23:34,Clicked email link,1
1497,2025-02-25T02:44:21,Email Open,0
1885,2025-04-03T12:49:48,Order Placed,1
467,2025-02-16T10:35:08,Viewed Product.,0
1079,2025-01-01T12:25:04,Unsubscribed,0
677,2025-02-26T07:27:31,SMS Delivered,0
1677,2025-04-29T01:08:11,Opened Email,0
2553,2025-03-16T15:20:51,Viewed Product XYZ   ,0
3,2025-03-18T06:51:47,SMS Sent,0
2751,2025-04-26T19:28:58,Viewed Product.,0
696,2025-03-13T04:33:21,Viewed Product.,0
415,2025-04-01T03:58:11,SMS Delivered,0
681,2025-02-20T05:27:36,Blotout Viewed Product Xyz,1
386,2025-01-17T06:20:49,Clicked email to unsubscribe,0
691,2025-04-19T18:31:01,Viewed Product.,0
2645,2025-01-23T03:37:58,Email Open,0
209,2025-04-12T12:17:14,Unsubscribed,0
371,2025-02-25T11:29:10,Unsubscribed,0
1271,2025-01-12T14:08:55,Clicked email link,0
666,2025-04-07T13:16:13,Viewed Product.,0
1542,2025-01-05T20:14:34,Order Placed,1
2590,2025-04-18T20:30:27,SMS Delivered,0
780,2025-01-27T20:43:52,Clicked email to unsubscribe,0
58,2025-02-16T09:48:39,SMS Sent,0
1495,2025-04-21T11:16:43,Black Crow Identified,0
2721,2025-02-08T15:32:11,Octane: Quiz Completed: Find The Perfect Eye Shadow   .,0
1317,2025-04-23T00:56:02,Placed Order,1
63,2025-04-26T21:38:12,Placed Order,1
894,2025-02-11T20:01:30,Clicked email to unsubscribe,0
33,2025-03-21T00:38:39,Octane: Quiz Completed: Find The Perfect Eye Shadow   .,0
2497,2025-01-15T17:20:58,Email Open,0
4,2025-01-18T16:48:31,Active on Site,0
2975,2025-04-17T20:30:12,Clicked Email,0
1683,2025-01-13T00:18:40,Viewed Product XYZ   ,0
141,2025-02-16T08:11:30,Unsubscribed,0
1065,2025-01-30T10:10:39,Clicked email to unsubscribe,0
2547,2025-02-24T17:59:19,Opened Email,0
156,2025-03-25T23:00:48,Viewed Product XYZ   ,0
557,2025-04-22T06:01:17,Black Crow Identified,0
2798,2025-04-26T15:00:07,Order Placed,1
1060,2025-02-03T04:20:51,Placed Order,1
1073,2025-03-03T05:58:52,Unsubscribed,0
1753,2025-01-08T16:53:07,SMS Delivered,0
201,2025-04-17T03:12:39,Email Open,0
2634,2025-02-25T11:21:46,SMS Sent,1
532,2025-01-31T11:22:34,Clicked email to unsubscribe,0
350,2025-02-07T15:14:53,Blotout Viewed Product Xyz,0
844,2025-03-21T20:28:14,SMS Delivered,0
129,2025-03-27T14:35:20,Order Placed,1
340,2025-02-14T06:35:21,Viewed Product XYZ   ,0
1767,2025-03-26T03:53:25,Unsubscribed,0
1981,2025-04-02T11:12:15,Viewed Product XYZ   ,1
2225,2025-01-05T20:33:06,Viewed Product XYZ   ,0
882,2025-03-20T14:07:48,Octane: Quiz Completed: Find The Perfect Eye Shadow   .,0
403,2025-01-21T01:18:45,Placed Order,1
2422,2025-01-24T19:39:59,Octane: Quiz Completed: Find The Perfect Eye Shadow   .,0
2727,2025-01-10T14:34:32,Black Crow Identified,0
1053,2025-01-06T09:07:15,Blotout Viewed Product Xyz,0
1088,2025-01-23T13:39:25,Unsubscribed,0
2113,2025-03-24T01:48:40,Email Open,0
484,2025-02-13T15:53:36,Black Crow Identified,0
2681,2025-03-12T05:50:03,Octane: Quiz Completed: Find The Perfect Eye Shadow   .,1
2544,2025-02-15T18:35:47,SMS Sent,0
2727,2025-03-21T09:14:35,Black Crow Identified,0
2950,2025-01-17T01:56:59,Black Crow Identified,0
724,2025-04-23T04:07:57,SMS Sent,0
2002,2025-01-25T05:01:38,Octane: Quiz Completed: Find The Perfect Eye Shadow   .,0
2630,2025-04-22T10:58:31,Clicked email to unsubscribe,0
552,2025-04-14T17:45:26,Clicked email to unsubscribe,0
1246,2025-04-04T20:55:51,Email Open,0
30,2025-03-15T23:32:17,Blotout Viewed Product Xyz,0
2173,2025-02-25T06:13:00,Viewed Product XYZ   ,0
2775,2025-04-15T16:21:05,Clicked Email,0
1991,2025-04-07T19:20:17,SMS Sent,1
6,2025-01-27T01:29:24,Clicked Email,0
588,2025-04-23T06:26:39,Order Placed,1
2250,2025-04-27T05:24:25,SMS Sent,0
1866,2025-04-27T21:24:30,Octane: Quiz Completed: Find The Perfect Eye Shadow   .,0
475,2025-01-09T11:39:35,Email Open,0
10,2025-03-31T03:38:05,Viewed Product XYZ   ,0
2981,2025-02-10T03:57:59,Clicked email to unsubscribe,0
2746,2025-04-02T17:29:25,Clicked Email,0
89,2025-04-25T08:29:00,Viewed Product XYZ   ,0
1958,2025-03-04T17:05:05,SMS Delivered,0
1419,2025-02-07T06:36:05,Active on Site,0
1260,2025-01-24T08:26:38,Email Open,0
2066,2025-02-25T09:08:39,SMS Sent,0
311,2025-01-25T17:45:30,Unsubscribed,0
1165,2025-01-21T11:37:55,SMS Sent,0
2353,2025-03-29T14:30:06,Viewed Product XYZ   ,0
518,2025-02-08T20:03:25,Email Open,0
2620,2025-01-07T00:25:54,Active on Site,0
2470,2025-04-10T06:34:35,SMS Delivered,0
334,2025-04-18T03:17:39,Blotout Viewed Product Xyz,0
883,2025-03-03T08:46:33,Clicked email to unsubscribe,0
1987,2025-04-07T21:48:03,Opened Email,0
837,2025-04-19T13:19:07,Active on Site,0
2495,2025-01-25T17:07:47,Order Placed,1
2647,2025-02-01T23:00:06,Clicked Email,0
845,2025-04-01T11:40:59,SMS Sent,0
2403,2025-02-06T00:32:34,Octane: Quiz Completed: Find The Perfect Eye Shadow   .,0
1928,2025-04-12T15:43:11,Unsubscribed,0
2747,2025-03-05T04:57:45,Octane: Quiz Completed: Find The Perfect Eye Shadow   .,0
2043,2025-03-06T04:38:30,Clicked email link,0
2945,2025-01-15T15:55:11,Viewed Product.,0
1795,2025-02-01T05:37:41,Email Open,0
1340,2025-04-11T05:11:05,SMS Sent,0
283,2025-04-04T02:21:53,Blotout Viewed Product Xyz,0
531,2025-02-11T10:59:48,Active on Site,0
1307,2025-01-26T10:14:22,Order Placed,1
2269,2025-03-18T18:52:08,Placed Order,1
455,2025-02-07T09:34:55,Clicked email link,0
2837,2025-03-16T08:24:29,Opened Email,0
488,2025-03-12T20:58:44,Clicked email to unsubscribe,0
206,2025-02-11T06:41:26,Opened Email,0
987,2025-02-03T18:46:32,Clicked email link,1
1055,2025-01-31T02:36:01,Viewed Product.,0
2744,2025-04-24T21:58:35,Clicked email link,0
1014,2025-02-19T16:10:58,Email Open,0
2353,2025-02-20T14:04:40,Blotout Viewed Product Xyz,0
2749,2025-01-30T17:41:52,Opened Email,0
170,2025-04-17T20:18:38,Placed Order,1
859,2025-02-09T05:01:10,Placed Order,1
1381,2025-04-27T01:50:27,Order Placed,1
206,2025-01-17T03:08:30,Unsubscribed,0
880,2025-01-02T23:26:13,Octane: Quiz Completed: Find The Perfect Eye Shadow   .,0
510,2025-02-14T04:18:16,Viewed Product XYZ   ,0
1200,2025-04-26T03:19:04,Clicked email link,0
2202,2025-02-17T22:44:01,SMS Delivered,0
1606,2025-03-23T15:47:07,Clicked email link,0
1045,2025-04-18T03:26:38,Unsubscribed,0
1194,2025-01-14T14:13:07,SMS Delivered,0
114,2025-01-28T13:34:21,Opened Email,0
267,2025-03-26T02:20:19,Clicked Email,0
1932,2025-04-07T13:12:05,SMS Sent,0
1773,2025-02-23T05:11:28,SMS Sent,0
2245,2025-02-22T23:08:59,Octane: Quiz Completed: Find The Perfect Eye Shadow   .,0
2199,2025-04-13T19:36:20,Clicked email to unsubscribe,0
1418,2025-04-25T20:40:38,Email Open,0
1794,2025-04-17T01:13:49,SMS Delivered,0
2913,2025-04-09T17:28:48,SMS Sent,0
240,2025-03-15T10:07:53,Email Open,0
588,2025-03-03T20:35:58,Opened Email,0
2178,2025-02-09T19:56:54,Order Placed,1
1030,2025-03-26T07:45:45,Unsubscribed,0
2361,2025-03-05T11:57:33,Octane: Quiz Completed: Find The Perfect Eye Shadow   .,0
1706,2025-01-06T02:38:46,Clicked email link,0
1571,2025-04-25T02:04:47,Viewed Product.,0
1794,2025-03-29T06:42:05,Viewed Product XYZ   ,0
1311,2025-03-04T22:12:32,Email Open,0
959,2025-04-10T18:06:05,Viewed Product XYZ   ,1
2156,2025-04-25T03:22:26,Email Open,0
2366,2025-01-05T02:46:43,SMS Sent,0
933,2025-04-18T08:41:14,Clicked email link,0
1148,2025-01-30T05:01:28,Viewed Product.,0
2188,2025-02-10T09:37:18,Opened Email,0
1338,2025-01-26T08:14:16,Placed Order,1
369,2025-03-28T21:14:46,Order Placed,1
315,2025-01-23T14:04:06,Viewed Product XYZ   ,0
974,2025-01-17T02:41:22,Order Placed,1
1865,2025-04-17T22:28:23,Clicked email to unsubscribe,0
2973,2025-02-13T11:21:30,Order Placed,1
1550,2025-01-14T21:35:21,Viewed Product.,0
2172,2025-03-30T14:58:37,Blotout Viewed Product Xyz,0
882,2025-04-30T05:20:53,Placed Order,1
385,2025-01-28T08:49:12,Active on Site,0
2056,2025-02-13T14:04:59,Unsubscribed,0
623,2025-04-03T08:48:06,Placed Order,1
212,2025-01-05T07:28:58,Octane: Quiz Completed: Find The Perfect Eye Shadow   .,0
577,2025-02-26T23:00:17,Clicked email to unsubscribe,0
1487,2025-01-14T17:55:17,Email Open,0
29,2025-01-19T09:50:52,Viewed Product.,0
367,2025-03-07T05:53:06,Unsubscribed,0
925,2025-03-11T04:30:32,SMS Delivered,0
2437,2025-04-11T19:03:44,Viewed Product.,0
2736,2025-02-10T17:44:58,Opened Email,0
1389,2025-04-18T07:06:57,Clicked email to unsubscribe,0
2363,2025-03-25T16:25:41,Clicked email link,0
656,2025-03-04T11:44:47,Placed Order,1
2419,2025-03-29T04:39:00,Order Placed,1
2426,2025-01-05T17:22:06,Black Crow Identified,0
2411,2025-02-01T02:55:29,Opened Email,0
2590,2025-03-09T12:02:12,Black Crow Identified,0
1306,2025-02-20T22:36:33,Blotout Viewed Product Xyz,0
1481,2025-04-10T18:35:22,Opened Email,0
385,2025-03-28T22:54:13,Blotout Viewed Product Xyz,0
2195,2025-04-13T05:46:27,Clicked email link,0
352,2025-03-06T06:06:42,Blotout Viewed Product Xyz,0
2260,2025-03-03T12:26:19,Viewed Product XYZ   ,0
1370,2025-03-19T09:52:31,Viewed Product.,0
788,2025-01-11T22:41:27,Unsubscribed,0
587,2025-02-26T05:21:21,Blotout Viewed Product Xyz,0
533,2025-04-06T05:52:41,Unsubscribed,0
795,2025-01-16T11:36:38,Black Crow Identified,0
148,2025-03-26T22:26:42,Email Open,0
1786,2025-04-14T20:28:12,Viewed Product XYZ   ,0
1752,2025-02-08T15:58:57,Octane: Quiz Completed: Find The Perfect Eye Shadow   .,0
702,2025-04-17T00:34:29,Clicked Email,0
2664,2025-02-13T14:41:32,Clicked email to unsubscribe,0
281,2025-01-03T04:36:31,Active on Site,0
1620,2025-01-23T01:43:59,Clicked email to unsubscribe,0
2554,2025-04-06T11:24:53,Unsubscribed,0
2721,2025-04-23T21:19:08,Octane: Quiz Completed: Find The Perfect Eye Shadow   .,0
2795,2025-04-30T23:31:37,Octane: Quiz Completed: Find The Perfect Eye Shadow   .,0
1965,2025-04-01T16:46:08,SMS Delivered,1
1275,2025-01-22T15:28:01,Octane: Quiz Completed: Find The Perfect Eye Shadow   .,0
1599,2025-01-27T16:48:12,SMS Sent,0
1869,2025-04-16T15:39:51,Blotout Viewed Product Xyz,0
945,2025-02-05T07:10:27,Order Placed,1
905,2025-01-16T07:08:40,Viewed Product.,0
638,2025-04-05T10:42:40,Email Open,0
1450,2025-04-27T22:05:51,Clicked email link,0
810,2025-04-22T06:22:29,SMS Sent,0
1028,2025-01-09T23:21:31,Black Crow Identified,0
1574,2025-03-06T17:50:40,Clicked Email,0
1300,2025-02-13T12:43:08,Black Crow Identified,0
2913,2025-03-16T07:17:21,Octane: Quiz Completed: Find The Perfect Eye Shadow   .,0
1227,2025-04-05T02:38:23,Unsubscribed,0
2627,2025-03-07T21:27:52,Placed Order,1
167,2025-01-19T20:48:47,Viewed Product.,0
390,2025-02-28T19:13:49,Clicked Email,0
28,2025-04-19T00:50:45,Placed Order,1
1200,2025-02-13T14:17:11,Octane: Quiz Completed: Find The Perfect Eye Shadow   .,0
2651,2025-02-10T02:20:37,Clicked Email,0
1,2025-04-17T07:15:53,Viewed Product XYZ   ,0
2184,2025-01-21T23:42:05,SMS Sent,0
1918,2025-02-15T18:43:27,Opened Email,0
2624,2025-04-25T08:32:51,Blotout Viewed Product Xyz,0
1944,2025-03-31T09:47:35,Order Placed,1
1346,2025-01-11T23:04:14,Black Crow Identified,0
1204,2025-03-09T03:45:37,Clicked email to unsubscribe,0
2044,2025-02-12T09:21:59,Order Placed,1
468,2025-02-21T14:45:18,Black Crow Identified,0
2685,2025-04-29T11:30:11,Clicked email to unsubscribe,0
1963,2025-01-15T19:57:25,SMS Sent,0
70,2025-02-07T05:58:37,Blotout Viewed Product Xyz,0
726,2025-04-20T01:39:41,Unsubscribed,0
448,2025-01-02T20:05:37,Clicked email to unsubscribe,0
874,2025-03-24T01:15:15,Octane: Quiz Completed: Find The Perfect Eye Shadow   .,0
2405,2025-01-19T05:36:10,Placed Order,1
1666,2025-03-12T01:49:37,Clicked email to unsubscribe,0
2931,2025-01-13T09:12:59,Clicked email to unsubscribe,0
2125,2025-03-29T08:44:56,SMS Sent,0
1143,2025-04-24T21:29:18,Clicked email to unsubscribe,0
2953,2025-04-12T01:36:48,Placed Order,1
2448,2025-04-08T03:04:08,Active on Site,0
389,2025-03-06T05:03:05,Viewed Product XYZ   ,0
387,2025-04-01T17:17:09,Email Open,0
1530,2025-03-16T17:42:18,SMS Sent,0
2489,2025-04-14T11:09:39,Clicked email to unsubscribe,0
1933,2025-04-09T04:55:16,Viewed Product XYZ   ,0
594,2025-03-03T22:45:46,Octane: Quiz Completed: Find The Perfect Eye Shadow   .,0
2140,2025-03-07T11:09:59,Black Crow Identified,0
911,2025-04-09T20:10:24,Octane: Quiz Completed: Find The Perfect Eye Shadow   .,0
59,2025-01-09T20:31:31,Order Placed,1
1807,2025-03-20T11:24:31,Clicked email to unsubscribe,0
1813,2025-02-19T11:51:17,Clicked email link,0
352,2025-03-21T17:40:51,Clicked email link,0
2450,2025-04-01T16:22:08,SMS Sent,0
2048,2025-02-07T01:33:47,SMS Delivered,0
1089,2025-02-07T07:14:58,SMS Sent,0
158,2025-04-06T22:12:47,Clicked email link,0
501,2025-03-02T11:55:03,Clicked Email,0
2499,2025-01-09T12:40:31,Email Open,0
1845,2025-01-04T08:45:23,Email Open,0
197,2025-01-20T02:40:41,Clicked email link,0
1450,2025-01-31T16:00:17,Order Placed,1
38,2025-03-07T14:45:58,Unsubscribed,0
2982,2025-01-09T01:30:23,Active on Site,0
2671,2025-03-27T01:53:26,Blotout Viewed Product Xyz,0
1867,2025-02-18T06:42:29,Placed Order,1
2200,2025-01-25T05:59:42,Active on Site,0
1872,2025-03-14T11:22:53,Viewed Product.,0
2823,2025-02-22T02:30:20,Clicked email link,0
2822,2025-03-06T08:25:54,SMS Sent,0
1,2025-02-21T04:35:13,Blotout Viewed Product Xyz,0
545,2025-02-06T22:24:57,Active on Site,0
769,2025-02-27T20:00:46,Placed Order,1
2125,2025-01-17T05:16:31,Clicked email link,0
827,2025-04-04T02:03:25,Email Open,0
1440,2025-01-31T23:48:13,Black Crow Identified,0
2333,2025-03-17T03:36:48,Email Open,0
2894,2025-01-10T20:20:35,Clicked Email,0
130,2025-04-13T22:43:57,Clicked Email,0
495,2025-04-11T08:30:32,Octane: Quiz Completed: Find The Perfect Eye Shadow   .,0
171,2025-01-28T02:16:37,Email Open,0
2029,2025-03-16T16:07:12,SMS Sent,0
2740,2025-02-10T08:12:44,Viewed Product.,0
1783,2025-02-21T14:41:46,Viewed Product XYZ   ,0
1662,2025-01-12T18:31:27,Octane: Quiz Completed: Find The Perfect Eye Shadow   .,0
1199,2025-02-03T12:44:07,Octane: Quiz Completed: Find The Perfect Eye Shadow   .,0
2512,2025-03-10T23:04:29,Black Crow Identified,0
2129,2025-02-19T11:36:11,Order Placed,1
743,2025-02-11T04:59:52,Viewed Product XYZ   ,0
2607,2025-02-23T23:43:49,Blotout Viewed Product Xyz,0
1161,2025-03-31T14:03:34,SMS Sent,0
1134,2025-01-16T10:01:19,Clicked email to unsubscribe,0
2853,2025-01-06T02:52:40,Viewed Product XYZ   ,0
2556,2025-02-06T19:14:22,Unsubscribed,0
2273,2025-01-23T14:54:56,Order Placed,1
784,2025-03-19T04:30:42,Active on Site,0
1094,2025-01-17T09:05:09,Unsubscribed,0
2120,2025-04-04T12:39:37,Active on Site,0
1356,2025-01-02T16:38:30,SMS Sent,0
1567,2025-01-24T01:29:47,Clicked email to unsubscribe,0
287,2025-03-28T13:04:12,Viewed Product.,0
2286,2025-03-03T18:13:46,Viewed Product.,0
1244,2025-01-06T03:58:49,Viewed Product.,0
734,2025-02-12T04:34:55,Clicked email link,0
150,2025-03-15T05:35:34,SMS Sent,0
857,2025-01-22T14:49:31,Clicked email link,0
2200,2025-02-14T13:09:26,Viewed Product.,0
129,2025-01-10T12:28:58,Opened Email,0
1442,2025-03-11T18:28:36,Octane: Quiz Completed: Find The Perfect Eye Shadow   .,0
1391,2025-03-15T11:48:09,Blotout Viewed Product Xyz,0
1950,2025-02-08T05:11:12,Clicked email link,0
2563,2025-02-03T20:58:50,Blotout Viewed Product Xyz,0
2755,2025-03-27T11:49:34,Clicked Email,0
738,2025-03-28T18:14:51,Octane: Quiz Completed: Find The Perfect Eye Shadow   .,0
2714,2025-03-25T13:17:49,Viewed Product XYZ   ,0
817,2025-03-23T13:19:05,Black Crow Identified,0
1943,2025-01-16T23:09:17,Email Open,0
261,2025-04-09T08:22:29,SMS Delivered,0
987,2025-02-10T02:47:55,Opened Email,0
2962,2025-03-02T04:13:35,Blotout Viewed Product Xyz,0
2400,2025-02-07T12:11:11,Octane: Quiz Completed: Find The Perfect Eye Shadow   .,0
1204,2025-02-04T00:41:00,Viewed Product XYZ   ,0
1367,2025-03-11T02:49:39,Opened Email,0
1425,2025-01-25T08:31:22,Viewed Product.,0
1248,2025-02-03T19:29:13,Viewed Product XYZ   ,0
430,2025-01-06T00:04:20,Viewed Product XYZ   ,0
726,2025-01-04T17:10:09,Octane: Quiz Completed: Find The Perfect Eye Shadow   .,0
2246,2025-03-17T02:01:18,Unsubscribed,0
2014,2025-04-11T05:38:23,SMS Delivered,0
1879,2025-01-23T01:55:07,Viewed Product.,0
1785,2025-03-19T10:38:58,Order Placed,1
585,2025-04-13T21:31:00,Placed Order,1
1063,2025-02-28T08:27:03,Viewed Product XYZ   ,0
2319,2025-03-17T04:25:13,Clicked Email,0
2470,2025-04-07T23:26:37,Order Placed,1
1674,2025-01-11T07:04:31,Viewed Product XYZ   ,0
2485,2025-03-16T10:45:19,Clicked email to unsubscribe,0
325,2025-02-14T18:08:56,Clicked email link,0
38,2025-02-25T03:15:17,Clicked email to unsubscribe,0
597,2025-03-01T06:41:59,Order Placed,1
2990,2025-01-26T05:25:38,Opened Email,0
2127,2025-01-08T05:23:21,Opened Email,0
1317,2025-04-27T04:09:13,Order Placed,1
896,2025-04-04T03:12:03,Opened Email,0
705,2025-01-03T19:32:27,Placed Order,1
438,2025-01-10T00:58:25,Placed Order,1
2357,2025-03-24T06:21:42,Unsubscribed,0
1293,2025-04-24T19:57:46,Viewed Product XYZ   ,0
2226,2025-04-24T11:27:56,SMS Delivered,0
721,2025-02-26T00:13:55,Unsubscribed,1
999,2025-03-28T21:40:03,Unsubscribed,0
2950,2025-04-16T12:18:56,Email Open,0
2751,2025-02-05T06:56:07,SMS Delivered,0
11,2025-04-23T08:08:08,Order Placed,1
379,2025-04-18T12:44:24,Octane: Quiz Completed: Find The Perfect Eye Shadow   .,0
1670,2025-03-15T15:13:26,Clicked Email,0
1468,2025-04-21T22:52:48,Black Crow Identified,0
1290,2025-02-19T10:37:25,Black Crow Identified,0
2708,2025-01-10T08:35:36,Order Placed,1
1544,2025-01-13T23:30:50,Clicked Email,0
1101,2025-03-24T18:48:30,Octane: Quiz Completed: Find The Perfect Eye Shadow   .,0
1000,2025-01-05T19:42:51,Placed Order,1
1966,2025-02-05T13:45:39,Clicked email to unsubscribe,0
266,2025-02-21T03:02:01,SMS Sent,0
702,2025-02-23T07:27:38,Email Open,0
2819,2025-03-25T18:21:31,Order Placed,1
319,2025-01-14T13:23:55,Clicked email link,0
2657,2025-03-22T12:02:50,Placed Order,1
2828,2025-02-19T06:37:16,SMS Sent,0
450,2025-02-26T07:33:25,Octane: Quiz Completed: Find The Perfect Eye Shadow   .,0
785,2025-02-27T01:05:51,Email Open,0
348,2025-02-04T08:18:31,Blotout Viewed Product Xyz,1
1696,2025-03-13T15:32:52,Blotout Viewed Product Xyz,0
1795,2025-03-01T03:42:36,Clicked Email,0
1279,2025-03-10T01:13:26,Clicked Email,0
968,2025-01-05T16:08:16,SMS Sent,0
2247,2025-01-25T11:19:59,Active on Site,0
1448,2025-04-14T18:30:06,Email Open,0
1172,2025-03-29T16:43:05,Active on Site,1
2466,2025-04-16T11:40:57,Email Open,0
348,2025-03-17T11:56:23,Unsubscribed,0
2834,2025-02-09T01:29:01,Active on Site,0
1122,2025-03-18T16:21:40,Viewed Product.,0
2260,2025-01-30T01:29:13,Clicked Email,0
2354,2025-01-25T13:50:08,Email Open,0
2191,2025-01-07T03:00:33,Placed Order,1
6,2025-04-24T08:30:17,Blotout Viewed Product Xyz,0
1726,2025-01-09T21:59:10,Email Open,0
2680,2025-04-29T08:03:27,Blotout Viewed Product Xyz,0
712,2025-02-06T02:55:49,SMS Sent,0
723,2025-04-04T13:46:07,Clicked email to unsubscribe,0
220,2025-04-21T15:11:37,Active on Site,0
2167,2025-03-29T23:48:56,Black Crow Identified,0
2867,2025-02-22T09:06:02,Unsubscribed,0
1592,2025-04-11T12:38:15,Opened Email,0
2863,2025-01-18T12:53:34,Order Placed,1
864,2025-03-31T23:29:37,Blotout Viewed Product Xyz,0
13,2025-03-01T08:53:54,Viewed Product XYZ   ,0
2641,2025-02-17T05:32:15,Blotout Viewed Product Xyz,0
862,2025-04-01T14:12:32,Octane: Quiz Completed: Find The Perfect Eye Shadow   .,0
1978,2025-04-24T01:16:58,Octane: Quiz Completed: Find The Perfect Eye Shadow   .,0
983,2025-03-09T23:32:17,Placed Order,1
769,2025-02-23T17:52:37,Clicked email to unsubscribe,0
39,2025-02-06T07:37:04,Active on Site,0
475,2025-04-15T18:27:53,Clicked email link,0
1748,2025-01-27T21:47:50,Black Crow Identified,0
184,2025-02-27T21:59:24,Clicked email to unsubscribe,0
1635,2025-04-19T02:35:23,Octane: Quiz Completed: Find The Perfect Eye Shadow   .,0
1210,2025-04-06T08:53:40,Viewed Product.,0
1547,2025-03-20T16:45:16,Viewed Product.,0
1016,2025-04-18T00:33:39,Clicked email to unsubscribe,0
2193,2025-02-08T02:59:43,Clicked Email,0
1242,2025-01-28T15:17:46,Unsubscribed,0
1655,2025-03-07T12:14:52,Unsubscribed,0
1837,2025-03-13T20:15:04,Viewed Product.,0
1825,2025-01-09T15:42:04,Order Placed,1
642,2025-02-09T17:26:55,Placed Order,1
1875,2025-02-15T07:20:35,Clicked email to unsubscribe,0
1439,2025-03-31T01:09:32,Blotout Viewed Product Xyz,0
1317,2025-03-07T23:39:34,Viewed Product.,0
884,2025-04-24T17:26:42,Clicked email to unsubscribe,0
978,2025-02-04T04:14:52,Email Open,0
115,2025-01-27T14:54:41,Clicked email link,0
2495,2025-03-23T00:03:39,SMS Sent,0
2445,2025-03-15T13:51:28,SMS Delivered,0
88,2025-03-20T10:18:00,Clicked Email,0
1211,2025-04-03T07:47:52,SMS Delivered,0
2591,2025-01-09T14:36:54,Active on Site,0
133,2025-01-08T06:16:43,Opened Email,1
299,2025-04-19T22:08:21,Active on Site,0
2835,2025-04-27T04:54:42,Unsubscribed,0
2879,2025-03-15T15:32:07,Viewed Product XYZ   ,0
1341,2025-03-25T13:59:06,Clicked email link,0
194,2025-04-12T07:26:52,SMS Delivered,1
2653,2025-03-25T23:56:11,Clicked Email,0
2744,2025-01-04T23:54:36,Viewed Product.,0
6,2025-03-31T03:38:57,Placed Order,1
2293,2025-02-03T03:03:44,Clicked Email,0
622,2025-04-15T19:25:21,SMS Delivered,0
2113,2025-03-26T18:00:26,Opened Email,0
2175,2025-04-13T12:00:59,Viewed Product XYZ   ,0
2027,2025-03-08T16:02:35,Placed Order,1
220,2025-04-09T02:31:56,Viewed Product.,0
2086,2025-03-19T11:09:50,Email Open,0
1528,2025-04-10T06:59:40,Active on Site,0
566,2025-02-05T23:15:41,Octane: Quiz Completed: Find The Perfect Eye Shadow   .,0
1770,2025-04-02T07:29:55,Opened Email,0
1389,2025-03-12T07:46:12,Clicked email to unsubscribe,0
755,2025-02-25T08:17:47,Octane: Quiz Completed: Find The Perfect Eye Shadow   .,0
1640,2025-01-31T03:48:11,Order Placed,1
2673,2025-04-21T04:10:58,Viewed Product.,0
1509,2025-03-04T05:30:49,Unsubscribed,0
1530,2025-02-13T11:11:53,Clicked Email,0
1418,2025-03-14T01:49:06,Clicked Email,0
1993,2025-03-25T10:22:47,Unsubscribed,0
2860,2025-03-04T16:31:12,Blotout Viewed Product Xyz,0
1964,2025-02-20T08:24:29,Clicked email to unsubscribe,0
1584,2025-02-25T16:24:05,Octane: Quiz Completed: Find The Perfect Eye Shadow   .,0
1840,2025-03-21T17:01:55,Placed Order,1
523,2025-03-03T22:09:25,Unsubscribed,0
2500,2025-01-20T11:09:26,SMS Sent,0
1060,2025-02-16T11:18:02,SMS Sent,0
44,2025-01-02T17:01:43,Placed Order,1
2442,2025-03-18T15:13:41,Active on Site,0
85,2025-03-22T12:28:33,Viewed Product.,0
2786,2025-03-26T01:20:02,Clicked email to unsubscribe,0
1815,2025-01-06T17:10:21,Placed Order,1
2385,2025-04-05T14:59:20,Order Placed,1
178,2025-03-21T20:31:28,Clicked Email,0
1359,2025-03-20T21:22:41,SMS Sent,0
1532,2025-02-02T23:54:22,Clicked email to unsubscribe,0
665,2025-02-13T12:31:07,Viewed Product XYZ   ,0
2478,2025-03-29T20:39:18,Unsubscribed,0
1150,2025-03-25T15:42:50,SMS Sent,0
1104,2025-01-25T04:58:42,SMS Delivered,0
2286,2025-01-04T04:41:14,Clicked email to unsubscribe,0
1071,2025-03-03T17:36:00,Placed Order,1
155,2025-04-30T15:53:02,Placed Order,1
906,2025-01-15T14:40:39,Email Open,0
2579,2025-04-12T23:57:23,Blotout Viewed Product Xyz,0
757,2025-03-12T02:18:27,Order Placed,1
1307,2025-02-05T17:15:53,SMS Sent,0
346,2025-03-23T05:45:12,Viewed Product XYZ   ,0
547,2025-03-02T15:02:52,Clicked Email,0
2037,2025-02-26T07:39:05,Opened Email,1
1045,2025-02-12T08:21:58,Viewed Product XYZ   ,1
952,2025-03-18T11:53:33,Viewed Product XYZ   ,0
635,2025-03-31T02:53:35,Active on Site,0
2661,2025-01-24T11:03:55,Black Crow Identified,0
175,2025-02-18T23:11:30,Black Crow Identified,0
52,2025-01-18T07:26:40,Active on Site,0
2324,2025-02-06T12:06:19,Viewed Product XYZ   ,0
1184,2025-04-19T01:48:56,Blotout Viewed Product Xyz,0
965,2025-01-11T22:19:48,SMS Delivered,0
17,2025-02-19T09:04:03,Blotout Viewed Product Xyz,0
47,2025-03-13T23:57:07,Email Open,0
1879,2025-04-05T13:40:22,Viewed Product.,0
1964,2025-04-21T22:16:41,Black Crow Identified,0
1767,2025-04-30T22:38:52,SMS Sent,0
38,2025-03-25T07:47:48,Viewed Product XYZ   ,0
2246,2025-01-04T01:37:15,Blotout Viewed Product Xyz,0
908,2025-03-15T09:05:06,SMS Sent,0
316,2025-01-14T05:56:57,Active on Site,0
2186,2025-01-22T04:25:04,Email Open,0
866,2025-01-26T07:13:14,Placed Order,1
1802,2025-01-21T08:25:55,Email Open,0
1864,2025-04-19T11:05:57,Placed Order,1
1303,2025-02-11T17:12:41,Viewed Product.,0
2580,2025-02-17T03:11:46,Clicked email link,0
1182,2025-02-24T09:18:03,Unsubscribed,0
2288,2025-04-27T09:12:28,Clicked email to unsubscribe,0
244,2025-01-12T06:13:29,Viewed Product.,0
1623,2025-02-18T14:13:32,Black Crow Identified,0
937,2025-02-20T21:56:15,Active on Site,0
591,2025-03-12T04:31:20,Clicked Email,0
1828,2025-02-10T10:44:42,Octane: Quiz Completed: Find The Perfect Eye Shadow   .,0
2759,2025-04-11T06:04:33,Order Placed,1
763,2025-04-02T01:30:25,Blotout Viewed Product Xyz,0
1317,2025-02-11T16:28:41,Placed Order,1
688,2025-02-01T07:06:24,Viewed Product.,0
1410,2025-04-17T22:10:12,Placed Order,1
2747,2025-01-23T08:46:32,Viewed Product XYZ   ,0
2756,2025-04-29T19:14:08,Viewed Product.,0
889,2025-01-03T06:21:08,Unsubscribed,0
1289,2025-02-20T11:54:03,Octane: Quiz Completed: Find The Perfect Eye Shadow   .,0
2276,2025-03-09T14:04:57,SMS Sent,0
2648,2025-02-18T09:37:45,Blotout Viewed Product Xyz,0
2410,2025-01-28T03:04:57,Unsubscribed,1
1699,2025-03-06T00:34:03,Blotout Viewed Product Xyz,0
1479,2025-04-01T13:12:04,Placed Order,1
1461,2025-03-12T00:33:11,Octane: Quiz Completed: Find The Perfect Eye Shadow   .,0
190,2025-02-21T16:27:31,Email Open,0
342,2025-04-12T17:08:45,Clicked Email,0
128,2025-01-23T09:32:31,Placed Order,1
1595,2025-04-26T13:57:48,Placed Order,1
783,2025-03-25T01:26:41,Email Open,0
1132,2025-03-05T13:39:17,SMS Delivered,0
2775,2025-03-05T17:42:40,Viewed Product XYZ   ,0
1701,2025-01-16T15:07:58,Unsubscribed,0
645,2025-03-28T16:46:03,Clicked email link,0
2717,2025-03-29T13:55:59,Email Open,0
1075,2025-04-10T12:29:19,Active on Site,0
26,2025-04-27T13:27:35,Black Crow Identified,0
514,2025-04-18T05:21:13,Clicked email to unsubscribe,0
1797,2025-02-21T09:55:05,Octane: Quiz Completed: Find The Perfect Eye Shadow   .,0
871,2025-03-06T12:13:12,Placed Order,1
2008,2025-02-18T21:33:28,Clicked email link,0
1788,2025-04-07T22:12:46,Viewed Product XYZ   ,0
1133,2025-01-19T17:46:35,Octane: Quiz Completed: Find The Perfect Eye Shadow   .,0
760,2025-01-10T22:26:01,Black Crow Identified,1
1213,2025-04-08T21:07:10,Black Crow Identified,0
1459,2025-01-01T23:58:39,Clicked email to unsubscribe,0
1460,2025-04-24T01:34:28,Email Open,0
2289,2025-02-19T12:34:56,Clicked Email,0
850,2025-04-15T12:04:21,Email Open,1
385,2025-01-29T08:35:48,Order Placed,1
1865,2025-04-24T16:36:33,Clicked Email,0
1574,2025-01-28T15:51:46,Email Open,0
503,2025-01-27T18:16:08,Octane: Quiz Completed: Find The Perfect Eye Shadow   .,0
2566,2025-01-25T21:55:13,Black Crow Identified,0
2461,2025-01-08T23:59:52,Clicked email to unsubscribe,0
2240,2025-02-21T21:03:23,Clicked Email,0
1340,2025-03-10T19:29:44,Black Crow Identified,0
1485,2025-02-06T02:26:38,Email Open,0
1742,2025-01-09T12:21:15,SMS Sent,0
2010,2025-02-08T11:36:31,Order Placed,1
1102,2025-02-11T09:22:01,Opened Email,0
2193,2025-04-17T08:51:19,Active on Site,0
620,2025-03-15T11:08:08,Octane: Quiz Completed: Find The Perfect Eye Shadow   .,0
692,2025-01-07T15:08:01,Clicked Email,0
1100,2025-02-11T05:31:05,Active on Site,0
854,2025-03-21T17:19:32,Blotout Viewed Product Xyz,0
277,2025-01-02T23:55:25,Blotout Viewed Product Xyz,0
2383,2025-02-04T07:35:21,Octane: Quiz Completed: Find The Perfect Eye Shadow   .,0
2114,2025-02-03T20:52:11,Octane: Quiz Completed: Find The Perfect Eye Shadow   .,0
798,2025-01-30T09:10:52,Order Placed,1
2363,2025-02-10T09:21:46,Clicked email to unsubscribe,0
236,2025-03-01T07:53:06,Clicked Email,0
2211,2025-01-18T15:01:50,Clicked Email,0
604,2025-03-30T07:44:25,Octane: Quiz Completed: Find The Perfect Eye Shadow   .,0
2505,2025-04-18T22:05:52,Opened Email,0
1204,2025-01-28T14:38:08,Unsubscribed,0
2567,2025-02-17T02:36:32,Blotout Viewed Product Xyz,0
1180,2025-03-13T00:06:57,Active on Site,1
1861,2025-04-29T03:14:58,Email Open,0
771,2025-04-20T11:32:49,Email Open,0
1611,2025-02-05T12:35:55,Clicked Email,0
1140,2025-02-27T06:00:55,Viewed Product XYZ   ,1
186,2025-03-22T18:37:25,Viewed Product XYZ   ,0
1608,2025-03-04T07:59:37,Viewed Product XYZ   ,0
1149,2025-04-07T08:54:18,SMS Sent,0
2704,2025-03-24T09:17:13,Active on Site,0
2413,2025-01-03T04:57:16,Octane: Quiz Completed: Find The Perfect Eye Shadow   .,0
1429,2025-04-11T13:28:57,Black Crow Identified,0
2869,2025-02-15T20:43:23,Blotout Viewed Product Xyz,0
1389,2025-04-25T00:20:47,Placed Order,1
1563,2025-04-29T09:32:44,Opened Email,0
1878,2025-03-26T01:04:16,Viewed Product.,0
1454,2025-03-17T21:13:17,Clicked email to unsubscribe,0
1102,2025-04-20T05:24:30,Blotout Viewed Product Xyz,0
1586,2025-03-17T15:52:01,SMS Delivered,0
1368,2025-01-21T02:57:14,Blotout Viewed Product Xyz,0
544,2025-04-19T03:17:31,Clicked email to unsubscribe,0
1863,2025-01-13T13:39:34,Black Crow Identified,0
2121,2025-03-23T00:23:20,Placed Order,1
2933,2025-04-13T00:46:03,Email Open,0
2304,2025-04-13T07:43:19,Black Crow Identified,0
1945,2025-02-23T21:36:53,Unsubscribed,0
2499,2025-04-29T21:51:40,Active on Site,0
2605,2025-02-11T06:57:57,Black Crow Identified,0
1255,2025-04-16T14:23:07,Clicked email link,0
1059,2025-04-07T20:48:02,Blotout Viewed Product Xyz,0
1407,2025-01-14T00:28:42,Placed Order,1
1193,2025-04-29T22:56:31,Octane: Quiz Completed: Find The Perfect Eye Shadow   .,0
1407,2025-03-16T00:35:57,SMS Sent,0
1954,2025-04-02T06:11:20,SMS Sent,0
1959,2025-01-02T20:12:09,Active on Site,0
916,2025-01-31T15:05:10,Email Open,0
2989,2025-03-03T05:38:09,SMS Sent,0
2505,2025-02-14T09:02:20,Clicked email link,0
1136,2025-02-16T12:38:00,Viewed Product XYZ   ,0
1969,2025-01-24T07:15:34,Order Placed,1
2455,2025-03-26T17:07:40,Placed Order,1
1962,2025-02-12T03:15:10,SMS Delivered,0
972,2025-02-23T05:23:27,Email Open,0
2553,2025-02-27T18:37:59,Black Crow Identified,0
2770,2025-04-01T01:28:27,Clicked email to unsubscribe,0
512,2025-01-03T03:53:48,Octane: Quiz Completed: Find The Perfect Eye Shadow   .,0
1989,2025-04-10T02:29:02,Clicked email link,0
2207,2025-03-05T04:22:00,Black Crow Identified,0
50,2025-03-27T07:27:59,Octane: Quiz Completed: Find The Perfect Eye Shadow   .,0
835,2025-03-29T12:42:51,Order Placed,1
1117,2025-02-13T20:52:13,Opened Email,0
1346,2025-01-25T18:14:24,Order Placed,1
2790,2025-02-19T14:47:52,Viewed Product XYZ   ,0
1138,2025-01-07T12:38:16,Placed Order,1
566,2025-01-25T15:56:05,Placed Order,1
2412,2025-02-01T06:14:36,Order Placed,1
2408,2025-02-24T17:53:02,SMS Sent,0
2600,2025-02-13T02:15:29,Viewed Product XYZ   ,0
1560,2025-04-06T00:18:56,Clicked email to unsubscribe,0
1159,2025-03-21T19:57:29,Opened Email,0
1215,2025-01-25T01:19:23,Email Open,0
263,2025-02-28T22:06:08,Clicked Email,0
892,2025-02-07T14:01:47,Order Placed,1
1388,2025-04-18T05:48:08,Blotout Viewed Product Xyz,0
2968,2025-04-19T18:43:13,Clicked Email,0
636,2025-02-25T07:45:36,Unsubscribed,0
2304,2025-04-02T15:17:24,Unsubscribed,0
576,2025-01-29T05:23:25,SMS Delivered,0
1538,2025-03-08T05:10:38,Unsubscribed,1
2370,2025-01-23T06:28:03,Opened Email,0
861,2025-01-29T22:38:03,Unsubscribed,0
2721,2025-01-25T22:14:46,Active on Site,0
1921,2025-03-24T08:49:24,Order Placed,1
646,2025-03-13T20:58:58,Placed Order,1
446,2025-02-15T13:31:27,Clicked email link,0
619,2025-02-25T09:20:43,Viewed Product XYZ   ,0
562,2025-02-25T18:26:27,Email Open,0
2868,2025-04-20T21:50:56,Viewed Product.,0
1413,2025-02-23T13:17:25,Viewed Product.,0
2522,2025-04-06T18:05:27,Placed Order,1
1976,2025-04-27T10:31:57,Active on Site,0
2268,2025-04-17T01:49:46,Clicked Email,0
777,2025-01-28T11:38:03,Email Open,0
1918,2025-01-09T11:33:53,Placed Order,1
192,2025-02-04T05:30:59,Octane: Quiz Completed: Find The Perfect Eye Shadow   .,0
1658,2025-02-06T14:59:22,Viewed Product.,0
1126,2025-02-05T20:41:02,Unsubscribed,0
1275,2025-03-17T20:32:09,SMS Delivered,0
118,2025-04-04T08:23:12,Active on Site,0
192,2025-03-27T12:31:42,Clicked Email,0
651,2025-03-23T19:47:10,Viewed Product XYZ   ,0
1691,2025-01-25T16:50:50,Clicked email to unsubscribe,0
2701,2025-02-03T07:33:12,Placed Order,1
520,2025-03-06T11:53:26,Viewed Product.,0
2645,2025-03-18T05:13:52,Clicked Email,0
2392,2025-03-04T22:54:25,Placed Order,1
1515,2025-04-18T19:13:09,Clicked email link,0
2506,2025-02-22T22:02:52,Blotout Viewed Product Xyz,1
1916,2025-04-01T14:10:55,Clicked email link,0
1240,2025-03-27T15:11:06,Black Crow Identified,0
1406,2025-01-05T04:35:50,Viewed Product.,0
690,2025-04-11T10:34:54,SMS Delivered,0
2358,2025-03-16T08:03:34,Blotout Viewed Product Xyz,0
417,2025-01-09T01:15:20,Placed Order,1
765,2025-02-22T02:57:53,Unsubscribed,0
1470,2025-04-16T22:46:04,SMS Delivered,0
2318,2025-01-22T21:24:38,Clicked Email,0
395,2025-04-12T20:00:13,Clicked email link,0
1497,2025-03-08T14:21:35,Viewed Product XYZ   ,1
912,2025-02-17T20:05:42,SMS Sent,0
2465,2025-04-11T13:13:45,Placed Order,1
2253,2025-02-24T11:24:56,Octane: Quiz Completed: Find The Perfect Eye Shadow   .,0
2160,2025-01-12T11:49:10,Clicked Email,0
1050,2025-03-18T11:58:30,Viewed Product XYZ   ,0
2064,2025-03-07T10:32:30,Email Open,0
1676,2025-02-19T12:54:26,Viewed Product.,0
2195,2025-03-04T09:31:13,Clicked Email,0
297,2025-04-28T22:20:06,Blotout Viewed Product Xyz,0
1319,2025-02-26T16:55:07,Octane: Quiz Completed: Find The Perfect Eye Shadow   .,0
1977,2025-01-31T17:43:22,Viewed Product XYZ   ,0
1659,2025-02-15T20:35:19,Blotout Viewed Product Xyz,0
2427,2025-02-13T20:08:28,SMS Sent,0
2334,2025-03-06T16:19:23,Viewed Product XYZ   ,0
1628,2025-03-17T16:48:09,Viewed Product.,0
1990,2025-01-09T05:11:09,Clicked email to unsubscribe,0
1883,2025-02-06T03:56:48,Unsubscribed,0
1039,2025-04-04T16:09:18,Email Open,0
1575,2025-01-07T19:28:50,Clicked email to unsubscribe,0
2175,2025-01-06T02:02:39,Octane: Quiz Completed: Find The Perfect Eye Shadow   .,0
414,2025-02-24T19:52:27,Viewed Product.,0
492,2025-04-18T02:15:37,Active on Site,0
2571,2025-03-30T04:54:42,Unsubscribed,0
1073,2025-04-22T20:58:34,Clicked Email,0
1288,2025-01-09T22:45:39,Viewed Product.,0
344,2025-01-23T03:29:26,Active on Site,0
1844,2025-01-02T20:29:59,Unsubscribed,0
1665,2025-03-10T15:38:19,Order Placed,1
2144,2025-04-10T05:33:49,Viewed Product.,0
2328,2025-01-05T01:29:14,Octane: Quiz Completed: Find The Perfect Eye Shadow   .,0
290,2025-04-02T23:41:43,Clicked Email,0
1327,2025-03-08T19:36:54,Black Crow Identified,0
2731,2025-02-22T13:07:50,Opened Email,0
1142,2025-03-31T14:27:36,Placed Order,1
1488,2025-03-24T19:42:52,Email Open,0
1410,2025-01-06T23:08:28,Octane: Quiz Completed: Find The Perfect Eye Shadow   .,0
2187,2025-02-12T11:30:16,Black Crow Identified,0
2497,2025-01-22T08:18:56,Active on Site,0
1414,2025-04-24T19:47:18,Opened Email,0
2144,2025-03-30T17:59:56,Placed Order,1
1172,2025-04-25T21:40:55,Order Placed,1
2630,2025-03-22T00:14:31,Opened Email,0
1548,2025-01-19T17:45:33,Active on Site,1
1127,2025-02-17T17:13:53,Email Open,0
338,2025-01-01T22:25:06,Placed Order,1
2370,2025-02-23T09:22:18,Clicked Email,0
1797,2025-01-23T06:33:48,SMS Delivered,0
2168,2025-01-02T08:04:22,Unsubscribed,0
749,2025-04-05T01:25:08,SMS Sent,0
2267,2025-04-23T04:33:44,Opened Email,0
1616,2025-04-30T01:11:08,Order Placed,1
1076,2025-03-11T12:17:11,Clicked Email,0
415,2025-02-17T12:41:39,SMS Delivered,0
2211,2025-01-19T08:02:44,Order Placed,1
1099,2025-01-20T00:11:43,Viewed Product XYZ   ,0
2387,2025-04-04T01:55:01,Viewed Product XYZ   ,0
1616,2025-04-27T12:06:14,Viewed Product.,0
1167,2025-02-10T04:01:29,Order Placed,1
263,2025-03-07T07:57:00,Clicked email link,0
1111,2025-03-20T07:48:23,Opened Email,0
170,2025-01-28T03:54:02,Email Open,0
1948,2025-02-19T12:41:35,Unsubscribed,0
1537,2025-01-23T13:59:58,Blotout Viewed Product Xyz,0
724,2025-03-04T20:12:33,Placed Order,1
2562,2025-01-20T18:36:28,Octane: Quiz Completed: Find The Perfect Eye Shadow   .,0
2094,2025-02-11T15:28:54,Opened Email,0
2430,2025-01-05T01:49:33,Email Open,0
268,2025-03-16T06:22:53,Black Crow Identified,0
1622,2025-02-07T05:52:38,SMS Delivered,0
884,2025-04-22T04:25:50,Order Placed,1
440,2025-03-19T22:26:22,Clicked email to unsubscribe,0
1160,2025-04-17T13:41:25,Clicked Email,0
2025,2025-03-28T16:18:25,Opened Email,0
591,2025-02-02T05:10:55,Order Placed,1
1757,2025-03-15T10:34:12,Octane: Quiz Completed: Find The Perfect Eye Shadow   .,0
2383,2025-02-06T17:35:55,Black Crow Identified,0
109,2025-02-12T18:27:22,Viewed Product.,0
1624,2025-01-31T05:12:55,Viewed Product XYZ   ,0
159,2025-01-09T13:22:42,Clicked Email,0
2797,2025-01-06T18:33:01,SMS Sent,0
2781,2025-03-07T10:26:28,Clicked Email,0
1689,2025-03-21T14:29:04,Viewed Product XYZ   ,0
1624,2025-03-19T01:34:27,Viewed Product.,0
602,2025-03-26T05:09:29,Unsubscribed,0
1680,2025-02-02T06:13:44,Viewed Product.,0
2053,2025-03-16T22:41:55,Blotout Viewed Product Xyz,0
249,2025-01-11T01:22:45,Unsubscribed,0
1579,2025-03-12T11:02:36,Active on Site,0
2959,2025-03-02T19:50:24,Order Placed,1
162,2025-01-01T06:33:09,Viewed Product XYZ   ,0
2574,2025-02-25T08:43:29,Black Crow Identified,0
1138,2025-02-23T05:14:54,Order Placed,1
229,2025-02-25T05:18:43,Clicked email to unsubscribe,0
1224,2025-03-19T07:14:22,SMS Delivered,0
1199,2025-01-22T16:32:24,Octane: Quiz Completed: Find The Perfect Eye Shadow   .,0
803,2025-04-11T11:56:17,Viewed Product XYZ   ,0
276,2025-02-23T17:11:53,Clicked Email,0
2073,2025-04-14T23:35:08,Clicked email link,0
2847,2025-01-23T20:03:44,Unsubscribed,0
2078,2025-01-28T09:26:21,Order Placed,1
1274,2025-02-11T20:32:08,Placed Order,1
1831,2025-01-04T06:48:02,Clicked Email,0
2610,2025-02-23T00:13:23,Clicked Email,0
1452,2025-02-19T01:18:22,Octane: Quiz Completed: Find The Perfect Eye Shadow   .,0
2560,2025-02-04T06:53:50,SMS Delivered,0
2067,2025-04-24T03:18:00,Email Open,0
2557,2025-02-01T12:52:17,Active on Site,0
1702,2025-04-20T17:08:00,Clicked email link,0
2375,2025-04-21T20:06:21,Clicked email link,0
1418,2025-02-08T16:31:53,Octane: Quiz Completed: Find The Perfect Eye Shadow   .,0
1010,2025-01-20T05:05:52,Viewed Product.,0
2766,2025-01-04T19:48:18,Black Crow Identified,1
205,2025-04-21T05:52:41,Black Crow Identified,0
1944,2025-03-09T22:28:06,Viewed Product XYZ   ,0
1296,2025-03-17T17:20:34,Placed Order,1
2075,2025-04-18T20:40:18,Viewed Product XYZ   ,0
903,2025-01-20T14:45:52,Black Crow Identified,0
2929,2025-02-24T09:53:20,Order Placed,1
2073,2025-04-06T05:52:41,Clicked Email,0
2315,2025-03-01T12:31:09,SMS Delivered,0
208,2025-01-10T07:41:18,Clicked email link,1
430,2025-02-11T10:01:32,Opened Email,0
2386,2025-01-25T02:58:54,SMS Delivered,0
926,2025-03-21T00:07:48,Octane: Quiz Completed: Find The Perfect Eye Shadow   .,0
664,2025-04-11T18:56:05,Clicked email link,0
2570,2025-01-08T12:32:12,Clicked email to unsubscribe,0
385,2025-01-04T04:13:21,Clicked email to unsubscribe,0
519,2025-02-13T10:10:49,Blotout Viewed Product Xyz,1
1038,2025-04-08T18:47:57,Blotout Viewed Product Xyz,0
1338,2025-03-11T10:24:53,SMS Delivered,0
1933,2025-04-13T23:25:34,Order Placed,1
696,2025-03-17T14:06:58,SMS Delivered,0
422,2025-04-17T14:27:57,Viewed Product XYZ   ,0
1462,2025-03-01T11:59:37,Clicked email link,1
2384,2025-02-22T02:12:32,Viewed Product.,0
840,2025-01-13T21:41:10,Order Placed,1
2077,2025-03-27T01:25:39,Placed Order,1
823,2025-02-13T16:29:15,Active on Site,0
3000,2025-01-03T08:42:59,Placed Order,1
463,2025-04-02T15:33:25,Opened Email,0
2186,2025-02-05T13:24:52,Clicked Email,0
2164,2025-04-15T15:51:01,Order Placed,1
2448,2025-04-05T16:02:54,Viewed Product XYZ   ,0
1678,2025-04-12T05:59:04,Placed Order,1
305,2025-03-26T02:53:59,Unsubscribed,0
1277,2025-04-18T01:21:23,SMS Delivered,0
102,2025-01-16T09:08:52,Black Crow Identified,0
2056,2025-01-23T00:10:39,Octane: Quiz Completed: Find The Perfect Eye Shadow   .,0
116,2025-02-06T12:25:43,Active on Site,0
2406,2025-02-12T19:34:29,SMS Delivered,0
2209,2025-03-26T08:59:45,Viewed Product.,0
1573,2025-02-20T09:29:54,Opened Email,0
2291,2025-01-11T00:39:47,Email Open,0
2483,2025-04-22T04:30:45,Clicked Email,0
2256,2025-03-30T22:29:13,Octane: Quiz Completed: Find The Perfect Eye Shadow   .,0
847,2025-02-12T01:12:53,SMS Delivered,0
473,2025-03-21T15:50:03,Viewed Product.,0
2189,2025-04-05T07:54:56,Clicked email to unsubscribe,0
2145,2025-03-15T09:41:27,SMS Delivered,0
198,2025-03-21T19:03:12,Black Crow Identified,1
2372,2025-02-10T07:42:25,Black Crow Identified,0
734,2025-03-01T09:05:35,Viewed Product.,0
2648,2025-03-23T20:05:42,SMS Delivered,0
1217,2025-04-30T21:13:07,Viewed Product XYZ   ,0
620,2025-02-11T03:17:52,Active on Site,0
2862,2025-04-18T18:57:50,Opened Email,0
2621,2025-04-04T14:15:02,Clicked Email,0
2158,2025-03-20T23:18:43,Order Placed,1
786,2025-02-16T23:05:47,Clicked email to unsubscribe,0
1166,2025-04-05T17:04:13,SMS Sent,0
2677,2025-01-29T12:21:19,Active on Site,0
1417,2025-04-20T23:00:51,Order Placed,1
1582,2025-02-26T03:39:05,Email Open,0
2350,2025-04-16T07:17:10,Opened Email,0
2334,2025-03-08T04:41:09,Clicked email link,0
2529,2025-01-09T10:56:59,Octane: Quiz Completed: Find The Perfect Eye Shadow   .,0
1619,2025-03-18T02:09:22,Octane: Quiz Completed: Find The Perfect Eye Shadow   .,0
768,2025-02-18T11:28:57,Blotout Viewed Product Xyz,0
1416,2025-02-19T12:46:18,SMS Sent,0
2990,2025-02-27T03:22:34,Clicked email link,0
2048,2025-02-08T05:37:36,SMS Sent,0
2734,2025-04-12T16:29:07,Order Placed,1
1912,2025-01-18T10:23:37,Active on Site,0
1634,2025-01-29T11:59:45,Viewed Product XYZ   ,0
769,2025-04-12T13:23:18,Active on Site,0
2742,2025-04-16T06:47:39,Clicked email link,0
966,2025-01-10T02:50:33,Clicked email to unsubscribe,0
2112,2025-01-07T03:33:09,Clicked email to unsubscribe,0
300,2025-03-14T07:55:21,Opened Email,0
1261,2025-04-13T18:14:01,Clicked Email,0
629,2025-02-24T09:06:14,Clicked Email,0
242,2025-02-27T10:16:06,Active on Site,0
2191,2025-03-20T10:20:37,Black Crow Identified,0
2454,2025-01-01T10:30:13,Opened Email,0
708,2025-04-20T09:28:06,Octane: Quiz Completed: Find The Perfect Eye Shadow   .,0
2499,2025-01-26T04:34:04,Unsubscribed,0
1336,2025-02-05T20:21:21,Octane: Quiz Completed: Find The Perfect Eye Shadow   .,0
2417,2025-02-25T02:02:35,Viewed Product XYZ   ,0
2143,2025-01-22T11:18:34,SMS Delivered,0
1858,2025-03-14T22:16:42,Unsubscribed,0
1258,2025-04-05T06:15:21,Opened Email,0
2463,2025-03-01T07:31:13,Viewed Product.,0
1978,2025-01-02T23:30:03,SMS Delivered,0
601,2025-02-03T08:53:41,Order Placed,1
2693,2025-04-02T11:22:18,SMS Delivered,0
1803,2025-03-01T05:42:10,Placed Order,1
2957,2025-04-20T08:31:25,Order Placed,1
2297,2025-01-18T06:53:11,SMS Sent,0
241,2025-01-10T04:45:09,Clicked email link,0
691,2025-04-08T12:44:28,Opened Email,0
681,2025-03-04T05:03:06,Octane: Quiz Completed: Find The Perfect Eye Shadow   .,0
371,2025-01-29T00:33:25,Clicked email to unsubscribe,0
967,2025-03-16T00:04:58,Octane: Quiz Completed: Find The Perfect Eye Shadow   .,0
2021,2025-04-29T23:19:49,Unsubscribed,0
2207,2025-03-06T07:46:25,Viewed Product.,0
696,2025-01-10T12:40:07,Email Open,0
1545,2025-01-04T19:16:53,Placed Order,1
2322,2025-02-09T07:10:07,Black Crow Identified,0
2628,2025-04-24T13:33:44,Clicked email link,0
2179,2025-03-12T06:06:22,Order Placed,1
81,2025-02-09T19:59:35,Clicked Email,0
528,2025-01-09T08:21:26,Viewed Product XYZ   ,0
30,2025-02-18T11:37:55,SMS Sent,0
2965,2025-01-20T04:51:56,Blotout Viewed Product Xyz,0
2582,2025-03-19T17:05:40,Opened Email,0
1673,2025-04-02T23:01:52,Clicked email link,1
3,2025-01-26T20:26:03,Clicked email link,0
2375,2025-03-01T01:55:30,SMS Delivered,0
2619,2025-01-17T14:04:45,Blotout Viewed Product Xyz,0
203,2025-02-26T01:48:14,Clicked email link,0
1721,2025-02-10T13:09:42,SMS Sent,0
2365,2025-01-27T00:54:20,Clicked email to unsubscribe,0
773,2025-02-18T04:18:58,Octane: Quiz Completed: Find The Perfect Eye Shadow   .,0
2674,2025-03-04T09:38:03,Black Crow Identified,0
1644,2025-03-24T03:56:25,Active on Site,0
1219,2025-01-30T10:42:25,Octane: Quiz Completed: Find The Perfect Eye Shadow   .,0
2564,2025-01-02T00:58:53,SMS Sent,0
1662,2025-02-26T02:32:21,Blotout Viewed Product Xyz,0
2471,2025-04-12T05:06:34,Order Placed,1
2400,2025-03-01T00:49:38,Viewed Product XYZ   ,0
2275,2025-01-17T06:05:48,Placed Order,1
716,2025-01-01T12:07:26,SMS Delivered,0
874,2025-03-22T09:59:37,Viewed Product XYZ   ,0
2239,2025-02-01T02:51:36,Placed Order,1
1449,2025-02-13T17:03:52,Email Open,0
1608,2025-03-12T13:34:33,Unsubscribed,0
2921,2025-04-02T01:52:05,Black Crow Identified,0
2871,2025-04-04T04:02:28,Placed Order,1
1512,2025-02-21T04:58:19,SMS Sent,0
2086,2025-03-04T07:08:15,Black Crow Identified,0
429,2025-03-05T07:40:14,Order Placed,1
1719,2025-04-30T02:53:45,Placed Order,1
1573,2025-03-18T18:38:57,Blotout Viewed Product Xyz,1
622,2025-02-13T10:47:33,Email Open,0
836,2025-01-26T17:27:37,SMS Delivered,0
1070,2025-03-18T23:28:00,Black Crow Identified,0
2242,2025-04-05T10:54:07,Black Crow Identified,0
974,2025-02-21T02:02:16,Octane: Quiz Completed: Find The Perfect Eye Shadow   .,0
3,2025-01-25T13:00:40,Unsubscribed,0
1939,2025-04-10T12:53:11,Unsubscribed,0
586,2025-01-18T01:23:10,SMS Delivered,0
541,2025-02-05T14:10:30,Viewed Product.,0
121,2025-03-28T02:14:34,Placed Order,1
2165,2025-01-01T13:41:10,Active on Site,0
553,2025-03-19T11:41:41,Blotout Viewed Product Xyz,0
973,2025-01-05T01:15:11,Viewed Product.,0
511,2025-03-08T17:11:23,Active on Site,0
1167,2025-02-06T02:46:14,Unsubscribed,0
1613,2025-03-01T21:17:07,Black Crow Identified,0
2661,2025-04-11T19:30:07,Placed Order,1
1351,2025-01-12T09:49:20,Octane: Quiz Completed: Find The Perfect Eye Shadow   .,0
2015,2025-01-13T20:06:26,SMS Sent,0
2572,2025-04-25T12:41:42,Clicked email link,0
315,2025-02-03T16:18:39,Active on Site,0
799,2025-02-14T18:20:59,Order Placed,1
721,2025-03-18T05:05:37,Unsubscribed,0
2265,2025-01-20T23:05:58,Blotout Viewed Product Xyz,0
917,2025-02-12T12:31:36,Clicked email to unsubscribe,0
2238,2025-03-12T17:18:57,Placed Order,1
2520,2025-01-31T06:52:39,Clicked Email,0
345,2025-04-29T08:15:52,Viewed Product.,0
2603,2025-02-04T07:47:42,Placed Order,1
2215,2025-01-30T07:54:29,Unsubscribed,0
2621,2025-01-29T07:08:20,SMS Delivered,0
1816,2025-03-21T01:14:42,Black Crow Identified,0
2328,2025-02-17T04:58:58,Clicked email to unsubscribe,0
2880,2025-04-01T21:41:05,Viewed Product.,0
1885,2025-04-12T22:20:46,Active on Site,0
2121,2025-02-18T13:35:57,Clicked email to unsubscribe,0
2059,2025-03-23T06:14:27,Email Open,0
2421,2025-03-24T04:27:53,Clicked email link,0
2680,2025-02-23T20:03:26,SMS Sent,0
2862,2025-04-10T07:50:05,Black Crow Identified,0
193,2025-01-03T09:12:14,Opened Email,0
2842,2025-03-18T10:27:44,SMS Delivered,0
5,2025-01-23T01:12:29,Placed Order,1
1470,2025-02-27T10:11:42,Clicked email link,0
2736,2025-01-15T13:31:04,Viewed Product XYZ   ,0
2102,2025-01-12T10:22:42,Active on Site,0
181,2025-04-22T18:34:54,Opened Email,0
2269,2025-01-06T08:40:34,Viewed Product XYZ   ,0
2919,2025-03-25T20:56:20,Viewed Product.,0
2355,2025-03-11T10:11:16,Email Open,0
811,2025-02-14T14:44:06,Email Open,0
2903,2025-02-11T11:39:49,Clicked Email,0
138,2025-04-24T23:49:03,SMS Sent,0
295,2025-01-11T04:31:49,Unsubscribed,0
1292,2025-03-29T02:49:18,Unsubscribed,0
2777,2025-01-25T12:40:55,Clicked email link,0
462,2025-02-26T11:22:44,Blotout Viewed Product Xyz,0
104,2025-04-15T21:29:42,Email Open,0
2220,2025-01-31T11:59:00,Active on Site,0
2942,2025-04-15T22:05:58,Placed Order,1
1145,2025-01-11T22:13:29,SMS Delivered,0
2461,2025-04-02T22:17:19,Opened Email,0
2271,2025-02-01T10:28:27,Unsubscribed,0
258,2025-01-20T14:30:32,Black Crow Identified,0
1352,2025-04-27T15:05:30,Black Crow Identified,0
564,2025-01-31T13:40:37,Placed Order,1
756,2025-02-19T09:08:03,Placed Order,1
1512,2025-04-25T10:32:38,Unsubscribed,0
56,2025-01-18T02:26:34,Viewed Product.,0
2423,2025-02-12T02:01:29,Email Open,0
2450,2025-01-25T09:40:33,SMS Delivered,0
1258,2025-02-04T15:17:53,Clicked email to unsubscribe,0
931,2025-02-26T15:09:20,Octane: Quiz Completed: Find The Perfect Eye Shadow   .,0
967,2025-03-13T15:59:27,Clicked email to unsubscribe,0
1928,2025-01-01T14:29:07,Unsubscribed,0
2966,2025-01-27T00:24:30,Black Crow Identified,0
1404,2025-03-11T04:05:04,Opened Email,0
2607,2025-03-08T01:13:32,Clicked email link,0
2737,2025-02-25T04:09:44,Opened Email,0
2445,2025-02-25T17:54:20,Blotout Viewed Product Xyz,0
109,2025-01-07T17:49:09,Clicked email to unsubscribe,1
1046,2025-01-16T00:57:13,Unsubscribed,0
639,2025-03-15T19:00:29,Clicked email to unsubscribe,0
1194,2025-01-06T10:50:32,Clicked email to unsubscribe,0
405,2025-03-04T14:47:27,Clicked email link,0
23,2025-04-22T05:25:47,Email Open,1
136,2025-02-23T02:30:09,Clicked Email,0
398,2025-03-16T14:43:23,Placed Order,1
1033,2025-01-19T21:32:18,Black Crow Identified,0
1457,2025-02-10T09:56:42,SMS Sent,0
1855,2025-04-13T08:05:16,SMS Delivered,0
2377,2025-01-11T23:10:32,Unsubscribed,0
2750,2025-02-08T16:20:27,SMS Delivered,0
2757,2025-01-14T12:16:23,SMS Delivered,0
1315,2025-01-05T02:37:23,Order Placed,1
29,2025-01-08T01:16:39,Unsubscribed,0
98,2025-02-20T07:41:42,Octane: Quiz Completed: Find The Perfect Eye Shadow   .,0
231,2025-03-05T07:21:39,Viewed Product.,0
1666,2025-04-17T01:09:08,Black Crow Identified,0
1953,2025-03-30T01:08:57,SMS Delivered,0
2457,2025-04-30T01:19:06,SMS Delivered,0
1977,2025-04-01T07:43:00,Blotout Viewed Product Xyz,0
2181,2025-03-30T02:53:10,Order Placed,1
2140,2025-01-31T16:49:16,Clicked Email,0
2940,2025-04-23T23:46:56,Black Crow Identified,0
1045,2025-04-18T03:48:16,Unsubscribed,0
555,2025-01-07T14:03:06,Unsubscribed,0
1193,2025-02-19T03:17:33,Clicked email link,0
100,2025-01-26T13:27:08,SMS Sent,0
1806,2025-01-20T10:40:31,SMS Sent,0
2660,2025-02-15T20:48:41,Octane: Quiz Completed: Find The Perfect Eye Shadow   .,0
2492,2025-03-28T18:25:28,Unsubscribed,0
1890,2025-04-02T06:16:46,Clicked Email,0
1978,2025-02-24T07:22:32,Octane: Quiz Completed: Find The Perfect Eye Shadow   .,0
1255,2025-03-23T03:35:54,Viewed Product XYZ   ,0
2587,2025-02-24T06:15:07,Blotout Viewed Product Xyz,0
2844,2025-01-17T02:53:56,Octane: Quiz Completed: Find The Perfect Eye Shadow   .,0
1109,2025-03-09T14:20:12,Blotout Viewed Product Xyz,0
1442,2025-04-01T22:01:54,Active on Site,0
2435,2025-01-30T17:36:33,Active on Site,0
1501,2025-02-20T22:11:32,Unsubscribed,0
2945,2025-04-20T21:47:51,Black Crow Identified,1
355,2025-04-23T00:50:54,Blotout Viewed Product Xyz,0
317,2025-04-14T11:40:33,Viewed Product XYZ   ,0
1595,2025-04-27T09:23:54,Order Placed,1
500,2025-01-05T04:32:35,Placed Order,1
1920,2025-04-01T17:14:33,SMS Sent,0
2706,2025-03-19T09:43:00,Order Placed,1
1355,2025-04-05T00:21:57,Placed Order,1
2419,2025-02-13T10:02:58,Blotout Viewed Product Xyz,0
157,2025-03-27T01:33:26,Viewed Product XYZ   ,0
2014,2025-04-28T22:02:23,Order Placed,1
1622,2025-01-14T10:47:15,Placed Order,1
2653,2025-02-23T14:04:21,Email Open,0
373,2025-04-13T04:55:24,Viewed Product XYZ   ,0
2267,2025-04-24T00:51:05,Blotout Viewed Product Xyz,0
1690,2025-02-06T09:49:10,Email Open,0
2731,2025-03-25T07:43:47,Opened Email,0
1264,2025-04-25T23:58:36,Clicked email link,0
1466,2025-01-09T14:51:48,Email Open,0
2232,2025-01-18T17:40:16,Octane: Quiz Completed: Find The Perfect Eye Shadow   .,0
1388,2025-04-20T07:49:28,Clicked email link,0
779,2025-03-11T15:03:42,Blotout Viewed Product Xyz,0
2837,2025-03-08T18:39:44,Email Open,0
997,2025-04-08T20:50:18,Black Crow Identified,0
2308,2025-02-21T21:48:46,Clicked email to unsubscribe,0
1780,2025-01-13T12:17:57,Clicked Email,0
1079,2025-01-14T07:37:29,Unsubscribed,1
2386,2025-04-13T11:43:28,Clicked Email,0
1191,2025-03-12T17:57:43,Viewed Product.,0
2422,2025-03-30T03:03:47,Order Placed,1
2571,2025-01-20T22:59:08,Order Placed,1
453,2025-04-01T21:45:33,Blotout Viewed Product Xyz,0
1365,2025-02-06T21:21:00,Order Placed,1
471,2025-04-06T23:01:19,Blotout Viewed Product Xyz,0
2457,2025-04-30T00:17:00,Unsubscribed,0
2310,2025-02-11T04:28:57,Viewed Product XYZ   ,0
374,2025-03-06T23:08:13,Order Placed,1
2020,2025-04-25T14:36:44,Placed Order,1
1429,2025-03-05T22:05:00,Opened Email,0
1177,2025-04-20T10:06:26,SMS Sent,1
183,2025-03-06T19:44:50,Placed Order,1
2525,2025-03-12T22:32:33,Order Placed,1
1245,2025-02-18T21:52:48,Placed Order,1
465,2025-03-13T05:59:15,Active on Site,0
1676,2025-01-08T01:31:58,Clicked email to unsubscribe,0
2355,2025-03-31T06:03:27,Unsubscribed,0
2319,2025-03-21T01:17:15,Black Crow Identified,0
312,2025-01-03T16:50:33,Order Placed,1
777,2025-03-23T11:45:49,Unsubscribed,0
2533,2025-03-12T16:18:33,Opened Email,0
800,2025-01-03T16:30:01,Placed Order,1
2210,2025-04-16T10:08:48,Placed Order,1
1405,2025-03-06T11:23:35,Active on Site,0
831,2025-01-26T11:17:22,Viewed Product XYZ   ,0
2195,2025-03-07T18:48:06,SMS Delivered,0
2139,2025-01-17T13:48:11,Octane: Quiz Completed: Find The Perfect Eye Shadow   .,0
2772,2025-04-14T19:56:05,Black Crow Identified,1
2902,2025-01-08T05:38:21,Opened Email,0
500,2025-02-02T00:59:02,Clicked email to unsubscribe,0
1682,2025-04-04T01:26:51,Clicked Email,0
877,2025-03-31T12:45:27,Black Crow Identified,0
2837,2025-01-05T04:59:25,Opened Email,0
2526,2025-04-27T13:36:58,Black Crow Identified,0
1909,2025-02-24T00:08:50,Placed Order,1
2241,2025-02-18T19:19:03,Placed Order,1
437,2025-03-11T06:11:05,Black Crow Identified,0
2928,2025-04-15T00:14:26,Opened Email,0
961,2025-01-13T07:06:46,Clicked Email,0
525,2025-02-01T01:21:20,Email Open,0
307,2025-03-16T04:41:15,Email Open,0
2737,2025-03-29T23:03:56,Black Crow Identified,1
1005,2025-03-21T07:53:51,SMS Delivered,0
564,2025-01-07T16:22:15,Clicked email to unsubscribe,0
494,2025-04-19T13:56:28,Email Open,0
904,2025-02-07T23:55:38,Email Open,0
1551,2025-02-21T17:52:40,Opened Email,0
2117,2025-03-26T07:38:25,Unsubscribed,0
792,2025-03-25T00:17:13,Opened Email,0
1017,2025-04-11T11:58:33,SMS Sent,0
2641,2025-02-05T03:25:56,Viewed Product XYZ   ,0
245,2025-04-07T07:35:33,Clicked email link,0
1650,2025-04-03T13:21:22,SMS Delivered,0
2158,2025-03-27T01:22:50,Placed Order,1
2254,2025-03-24T13:55:42,Clicked email link,1
705,2025-02-24T01:33:10,Unsubscribed,0
441,2025-04-12T11:34:23,Clicked email link,0
2637,2025-01-05T15:18:54,Active on Site,0
2190,2025-03-04T14:55:27,Clicked email to unsubscribe,0
49,2025-02-07T03:29:39,Clicked Email,0
1615,2025-04-12T08:40:11,Viewed Product XYZ   ,0
2554,2025-01-22T23:07:13,SMS Delivered,0
2544,2025-02-06T16:38:16,Viewed Product XYZ   ,0
2945,2025-03-27T02:27:21,Black Crow Identified,0
1683,2025-04-03T14:22:38,Clicked email to unsubscribe,0
595,2025-02-18T15:10:35,Email Open,0
2177,2025-02-18T13:14:07,Blotout Viewed Product Xyz,0
1575,2025-02-21T07:58:58,Placed Order,1
969,2025-01-04T13:41:28,Order Placed,1
1197,2025-04-13T13:39:36,SMS Delivered,0
1727,2025-03-02T17:34:04,Clicked Email,0
1553,2025-02-19T06:27:11,Placed Order,1
2124,2025-02-05T12:00:18,Clicked email to unsubscribe,0
684,2025-04-14T12:22:47,Octane: Quiz Completed: Find The Perfect Eye Shadow   .,0
401,2025-04-19T06:51:43,Opened Email,0
1050,2025-03-05T23:40:18,Unsubscribed,0
79,2025-03-13T08:59:36,Blotout Viewed Product Xyz,0
2990,2025-03-09T19:35:57,Active on Site,0
2163,2025-04-21T00:09:17,Opened Email,0
1906,2025-04-01T03:47:33,Email Open,0
1071,2025-04-19T06:29:13,Clicked email to unsubscribe,0
528,2025-02-28T03:58:55,SMS Sent,0
1703,2025-01-02T03:59:04,Octane: Quiz Completed: Find The Perfect Eye Shadow   .,0
1345,2025-03-27T03:33:29,Black Crow Identified,0
45,2025-01-24T16:21:59,Email Open,0
2585,2025-04-26T05:27:39,Opened Email,1
1711,2025-03-06T10:20:06,Clicked email to unsubscribe,0
836,2025-03-30T18:33:37,Clicked Email,0
263,2025-03-13T10:29:37,Opened Email,0
2233,2025-02-25T14:09:35,Clicked email to unsubscribe,0
1538,2025-04-20T00:01:10,Viewed Product XYZ   ,0
511,2025-03-23T13:10:44,SMS Delivered,0
2462,2025-03-27T12:58:00,Blotout Viewed Product Xyz,0
913,2025-04-29T15:43:00,Viewed Product XYZ   ,0
215,2025-04-21T09:29:27,Order Placed,1
326,2025-01-18T19:49:11,Placed Order,1
862,2025-04-27T08:25:20,Clicked Email,0
2159,2025-01-04T00:40:37,Email Open,0
909,2025-03-10T13:41:15,Placed Order,1
757,2025-04-20T07:14:15,Viewed Product.,0
1734,2025-01-31T11:26:43,Clicked email link,0
2423,2025-04-05T23:40:55,Active on Site,0
813,2025-02-26T11:11:17,Unsubscribed,0
211,2025-01-11T08:17:10,Octane: Quiz Completed: Find The Perfect Eye Shadow   .,0
2787,2025-02-22T17:18:16,Clicked email link,0
2244,2025-04-19T08:20:44,Viewed Product.,0
367,2025-03-28T00:08:24,Clicked Email,0
1337,2025-02-15T01:11:25,Octane: Quiz Completed: Find The Perfect Eye Shadow   .,0
714,2025-04-04T21:57:46,Viewed Product.,0
2144,2025-04-15T15:05:50,Clicked Email,0
2641,2025-03-23T10:45:02,Active on Site,0
2283,2025-01-12T18:00:14,Black Crow Identified,0
1668,2025-01-13T14:01:54,Black Crow Identified,0
1947,2025-02-10T11:34:26,Clicked email to unsubscribe,0
2334,2025-02-16T23:52:59,Viewed Product.,0
705,2025-02-12T02:51:41,Active on Site,0
1173,2025-04-13T19:32:29,SMS Delivered,0
347,2025-01-01T08:04:59,Opened Email,0
1025,2025-03-20T14:39:41,Clicked email link,1
2942,2025-01-09T18:50:51,Clicked email link,0
340,2025-02-10T04:15:32,Active on Site,0
172,2025-04-08T17:51:44,Email Open,0
2241,2025-02-16T01:28:22,SMS Delivered,0
248,2025-04-24T00:55:36,Viewed Product.,0
1243,2025-03-02T07:46:24,SMS Delivered,0
2412,2025-04-13T04:04:29,Order Placed,1
2834,2025-04-21T19:13:11,Blotout Viewed Product Xyz,0
954,2025-03-19T03:43:41,Active on Site,0
1725,2025-02-11T07:33:46,Email Open,0
504,2025-04-22T07:45:48,Clicked email to unsubscribe,0
807,2025-03-23T12:59:48,Active on Site,0
213,2025-04-24T06:48:46,SMS Sent,0
1123,2025-01-24T05:11:27,Clicked Email,0
1296,2025-04-21T15:50:31,SMS Sent,1
53,2025-02-01T23:50:35,Email Open,1
279,2025-01-03T06:36:00,SMS Delivered,0
1669,2025-03-12T03:37:15,Email Open,0
2909,2025-03-19T08:49:17,Opened Email,0
2431,2025-04-07T11:07:04,Email Open,0
1076,2025-04-24T09:27:00,Active on Site,0
379,2025-01-10T02:51:10,Clicked email link,0
1679,2025-01-24T12:33:32,Viewed Product XYZ   ,0
1448,2025-02-12T21:43:01,Black Crow Identified,0
1089,2025-01-25T23:37:32,Black Crow Identified,0
880,2025-03-12T06:45:22,Viewed Product XYZ   ,0
460,2025-01-05T11:46:32,Blotout Viewed Product Xyz,0
2735,2025-04-10T07:18:37,Order Placed,1
642,2025-01-19T11:51:16,Opened Email,0
1044,2025-03-30T19:06:46,Blotout Viewed Product Xyz,0
1268,2025-01-29T18:17:19,Viewed Product XYZ   ,0
1748,2025-04-03T03:46:16,Blotout Viewed Product Xyz,0
1796,2025-03-16T17:29:57,Placed Order,1
839,2025-04-15T10:11:42,Opened Email,0
2226,2025-01-10T05:03:57,Email Open,0
454,2025-03-03T16:43:42,Black Crow Identified,0
1870,2025-04-13T06:58:37,Unsubscribed,0
1673,2025-04-27T10:41:58,Placed Order,1
2827,2025-03-21T16:12:40,Octane: Quiz Completed: Find The Perfect Eye Shadow   .,0
2426,2025-03-17T13:38:13,SMS Delivered,0
338,2025-03-09T01:09:52,Clicked Email,0
1876,2025-02-18T18:45:43,Email Open,0
1678,2025-03-31T06:42:57,Octane: Quiz Completed: Find The Perfect Eye Shadow   .,1
1459,2025-04-08T09:51:50,Octane: Quiz Completed: Find The Perfect Eye Shadow   .,0
1292,2025-03-04T10:47:43,Viewed Product XYZ   ,0
1801,2025-04-08T12:32:42,Clicked email link,0
2726,2025-04-12T05:00:17,Email Open,0
276,2025-02-01T12:13:11,Placed Order,1
2515,2025-03-31T01:42:43,Placed Order,1
2755,2025-04-11T21:40:00,Octane: Quiz Completed: Find The Perfect Eye Shadow   .,0
1498,2025-04-19T09:31:25,Clicked email link,0
1788,2025-04-03T09:49:27,Viewed Product.,0
2899,2025-01-01T17:33:39,Active on Site,0
2730,2025-04-02T13:27:36,SMS Delivered,1
1238,2025-04-07T14:50:18,Viewed Product.,0
662,2025-01-17T04:14:51,Clicked Email,0
2192,2025-02-23T13:07:44,Placed Order,1
2584,2025-04-20T22:11:46,SMS Delivered,1
2921,2025-04-29T10:11:05,Placed Order,1
1373,2025-02-14T19:13:24,Black Crow Identified,0
586,2025-02-03T19:25:41,Active on Site,0
1526,2025-01-18T03:26:05,Viewed Product.,0
2543,2025-04-17T21:22:05,Email Open,0
1334,2025-04-08T12:07:56,Active on Site,0
695,2025-02-24T01:07:40,Order Placed,1
2370,2025-03-12T11:50:50,SMS Sent,0
1316,2025-01-03T13:37:29,Active on Site,0
362,2025-02-24T02:23:25,Clicked Email,0
139,2025-02-27T00:23:59,SMS Sent,0
5,2025-04-29T21:17:28,SMS Sent,0
2163,2025-03-15T04:53:57,Clicked Email,0
1195,2025-03-02T20:10:27,Placed Order,1
1230,2025-03-30T17:09:48,Viewed Product XYZ   ,0
2990,2025-04-14T16:34:13,Octane: Quiz Completed: Find The Perfect Eye Shadow   .,0
635,2025-02-08T07:05:41,Blotout Viewed Product Xyz,0
2025,2025-04-29T11:01:39,Viewed Product XYZ   ,0
296,2025-01-26T00:09:56,Black Crow Identified,0
2319,2025-03-18T09:22:47,Viewed Product.,0
1054,2025-03-23T17:03:31,Active on Site,0
757,2025-04-20T22:14:30,Blotout Viewed Product Xyz,0
105,2025-02-06T11:39:29,Placed Order,1
2010,2025-02-01T10:35:12,Clicked email to unsubscribe,0
616,2025-03-19T01:17:59,Active on Site,0
2132,2025-02-19T05:28:59,SMS Sent,0
1476,2025-04-13T20:39:21,SMS Sent,0
2303,2025-01-27T00:13:59,Clicked Email,0
669,2025-01-05T20:59:07,Opened Email,0
1458,2025-04-08T13:10:22,Opened Email,0
844,2025-01-13T05:30:02,Viewed Product.,0
650,2025-02-02T00:33:16,Clicked email link,0
2386,2025-03-10T12:12:59,Active on Site,0
1471,2025-04-30T03:42:48,Viewed Product XYZ   ,0
397,2025-03-21T03:09:48,Order Placed,1
2137,2025-01-24T07:03:11,Viewed Product.,0
2804,2025-02-07T06:07:29,Email Open,0
1386,2025-04-03T20:33:48,Black Crow Identified,0
2153,2025-04-14T08:45:11,SMS Sent,0
365,2025-01-28T06:41:24,Order Placed,1
2615,2025-01-27T03:01:57,Active on Site,0
316,2025-04-14T07:19:26,Placed Order,1
2946,2025-02-02T16:41:01,Opened Email,0
2895,2025-03-19T23:04:47,Blotout Viewed Product Xyz,0
2908,2025-01-31T21:53:41,Clicked email to unsubscribe,0
1422,2025-01-17T03:36:52,Viewed Product.,0
562,2025-04-29T07:52:19,Order Placed,1
1125,2025-02-03T21:51:56,Clicked Email,0
1180,2025-02-27T02:04:34,SMS Delivered,0
1869,2025-02-04T12:52:53,SMS Delivered,0
1572,2025-04-08T16:30:32,Clicked email to unsubscribe,0
1156,2025-01-08T03:31:13,Unsubscribed,0
2381,2025-03-14T03:47:14,Clicked Email,0
736,2025-03-31T21:25:45,Opened Email,0
2901,2025-02-17T13:48:34,Unsubscribed,0
2018,2025-04-22T13:37:47,Viewed Product XYZ   ,0
1234,2025-01-27T20:28:38,Clicked email link,0
1569,2025-03-04T01:39:08,Clicked email link,0
1426,2025-04-07T15:36:45,Viewed Product.,0
402,2025-02-03T23:47:14,Active on Site,0
295,2025-04-22T04:25:13,Opened Email,0
2887,2025-03-09T01:26:53,Clicked email to unsubscribe,0
2007,2025-02-15T09:09:57,Clicked Email,0
1093,2025-04-22T02:30:50,Opened Email,0
2422,2025-04-15T12:51:59,SMS Delivered,0
777,2025-04-28T00:46:34,Order Placed,1
1594,2025-01-15T04:10:41,Clicked email to unsubscribe,0
1236,2025-02-08T19:13:02,SMS Delivered,0
2504,2025-04-17T01:17:54,Email Open,0
2294,2025-02-05T06:47:39,Viewed Product XYZ   ,0
2398,2025-04-20T20:02:24,Opened Email,1
83,2025-01-18T22:37:24,Viewed Product.,0
2590,2025-01-26T21:57:11,Clicked Email,0
3000,2025-04-20T00:47:36,Unsubscribed,0
2409,2025-01-29T23:48:18,SMS Sent,1
1157,2025-02-19T08:39:52,Octane: Quiz Completed: Find The Perfect Eye Shadow   .,0
1516,2025-01-28T19:57:02,Active on Site,0
303,2025-04-10T14:25:26,SMS Sent,0
2664,2025-02-26T01:01:14,Clicked email link,0
1571,2025-03-11T04:01:59,SMS Delivered,0
476,2025-01-15T22:19:30,SMS Sent,0
2816,2025-01-13T03:57:53,Unsubscribed,0
1400,2025-02-15T07:51:41,Unsubscribed,0
977,2025-02-21T09:56:48,SMS Sent,0
1106,2025-03-19T11:55:33,SMS Sent,0
2624,2025-04-22T02:19:13,Email Open,0
1928,2025-04-07T21:08:49,Clicked email link,0
2836,2025-01-12T00:06:37,Clicked Email,0
1305,2025-03-18T21:32:57,Unsubscribed,0
1,2025-03-30T13:40:13,Black Crow Identified,0
2453,2025-03-03T21:18:10,Email Open,0
649,2025-04-08T03:59:49,Black Crow Identified,0
2748,2025-02-25T15:49:45,Opened Email,0
195,2025-04-25T22:57:34,Black Crow Identified,0
2325,2025-03-04T01:29:48,SMS Delivered,0
205,2025-02-15T14:26:33,Order Placed,1
2314,2025-03-23T17:19:00,Email Open,0
1938,2025-03-30T09:39:33,Clicked Email,0
2637,2025-02-01T01:59:42,Blotout Viewed Product Xyz,0
2847,2025-04-21T08:49:11,Viewed Product.,0
1027,2025-01-16T15:08:00,Order Placed,1
1116,2025-02-09T21:50:00,Opened Email,1
866,2025-03-29T08:19:18,SMS Sent,0
137,2025-02-06T04:06:46,Placed Order,1
1545,2025-04-29T20:55:43,Clicked email link,0
407,2025-03-27T12:42:31,Order Placed,1
2403,2025-03-07T08:37:07,Octane: Quiz Completed: Find The Perfect Eye Shadow   .,1
81,2025-02-23T19:24:50,Unsubscribed,0
2611,2025-01-20T17:28:25,Octane: Quiz Completed: Find The Perfect Eye Shadow   .,0
807,2025-03-19T16:14:51,Clicked email to unsubscribe,0
437,2025-03-05T07:04:08,SMS Sent,0
2387,2025-01-20T06:47:47,Order Placed,1
2434,2025-01-09T06:04:25,Email Open,0
296,2025-04-19T01:52:11,Viewed Product.,0
1989,2025-03-26T17:09:25,Active on Site,0
1485,2025-02-14T13:13:34,Active on Site,0
1586,2025-01-03T06:25:33,Placed Order,1
705,2025-04-06T11:40:55,Black Crow Identified,0
1986,2025-02-28T20:18:18,Active on Site,0
1160,2025-04-07T05:22:08,Order Placed,1
2357,2025-01-03T01:51:09,Octane: Quiz Completed: Find The Perfect Eye Shadow   .,0
183,2025-03-15T01:49:30,Blotout Viewed Product Xyz,0
849,2025-01-31T22:15:49,Active on Site,0
2267,2025-01-12T00:55:29,Clicked email to unsubscribe,0
1679,2025-02-12T23:59:19,Order Placed,1
2852,2025-02-17T02:10:02,Viewed Product.,0
93,2025-03-17T06:58:30,Black Crow Identified,0
259,2025-01-23T08:35:26,SMS Delivered,1
608,2025-03-14T04:51:09,Unsubscribed,0
1344,2025-02-22T07:58:33,SMS Delivered,0
2431,2025-01-19T17:27:47,Email Open,0
220,2025-04-22T13:30:10,Viewed Product.,0
2670,2025-04-16T13:23:57,Opened Email,0
2574,2025-03-31T19:04:02,Unsubscribed,0
1945,2025-03-17T16:14:16,SMS Sent,0
2973,2025-03-26T00:25:41,Clicked email to unsubscribe,0
2816,2025-03-03T15:47:14,Clicked Email,0
461,2025-02-14T17:54:00,Viewed Product XYZ   ,0
2886,2025-03-09T12:29:32,Email Open,0
2782,2025-01-28T05:30:50,Viewed Product XYZ   ,0
807,2025-03-19T14:14:14,Unsubscribed,0
2,2025-04-01T13:23:35,Blotout Viewed Product Xyz,0
2806,2025-01-08T00:32:34,SMS Sent,0
282,2025-02-03T04:54:38,Clicked Email,0
2078,2025-04-05T02:55:37,Octane: Quiz Completed: Find The Perfect Eye Shadow   .,0
2014,2025-04-23T19:25:17,Clicked email link,0
1111,2025-02-09T16:40:10,SMS Sent,0
862,2025-02-12T01:32:07,Clicked email to unsubscribe,0
2047,2025-03-03T13:10:22,Placed Order,1
2017,2025-01-11T09:34:36,Email Open,0
2720,2025-04-05T00:58:15,Viewed Product.,0
1480,2025-04-08T15:18:41,Order Placed,1
242,2025-02-13T23:22:43,Placed Order,1
293,2025-03-26T16:07:22,Blotout Viewed Product Xyz,0
63,2025-02-01T11:47:40,Active on Site,0
601,2025-04-30T23:59:13,Order Placed,1
561,2025-03-24T15:15:40,Email Open,0
2263,2025-01-20T04:03:17,Placed Order,1
969,2025-03-16T05:15:20,SMS Delivered,0
1953,2025-04-16T08:54:39,SMS Sent,0
1156,2025-03-14T04:38:14,Email Open,0
1664,2025-03-19T16:32:48,Blotout Viewed Product Xyz,0
2607,2025-02-23T14:19:07,Clicked email to unsubscribe,0
621,2025-04-03T08:40:38,SMS Delivered,0
1117,2025-01-06T03:30:42,Active on Site,0
1896,2025-01-12T01:37:44,Email Open,0
2980,2025-04-11T14:58:48,Black Crow Identified,0
2163,2025-02-18T03:32:51,Clicked email to unsubscribe,0
1529,2025-03-21T06:54:36,SMS Delivered,0
242,2025-01-28T16:05:25,Black Crow Identified,0
2879,2025-02-22T23:54:51,Placed Order,1
2505,2025-04-13T00:04:03,Viewed Product.,0
1805,2025-04-17T02:24:18,Clicked email link,0
834,2025-02-15T20:47:24,SMS Delivered,0
2632,2025-02-12T16:32:00,Clicked email link,0
959,2025-02-25T16:09:06,Email Open,0
902,2025-03-23T00:09:55,Viewed Product.,0
764,2025-01-26T13:11:17,SMS Sent,0
413,2025-03-23T09:06:48,Clicked email to unsubscribe,0
590,2025-04-30T13:09:50,Octane: Quiz Completed: Find The Perfect Eye Shadow   .,0
2815,2025-04-28T17:15:46,Email Open,0
1673,2025-03-01T20:02:22,Placed Order,1
839,2025-02-05T00:52:36,Viewed Product.,0
2471,2025-04-07T19:45:12,Viewed Product XYZ   ,0
1944,2025-03-31T17:09:03,Order Placed,1
2269,2025-01-28T02:15:18,Black Crow Identified,0
1994,2025-04-14T18:40:18,Email Open,0
910,2025-03-24T02:58:54,Clicked email link,0
1807,2025-04-02T20:10:38,SMS Sent,0
1087,2025-02-18T00:42:58,Blotout Viewed Product Xyz,0
2368,2025-03-17T04:40:44,Clicked Email,0
1197,2025-01-13T10:58:15,Octane: Quiz Completed: Find The Perfect Eye Shadow   .,0
2673,2025-01-11T15:33:26,Unsubscribed,0
779,2025-01-10T19:55:06,Email Open,0
694,2025-04-03T06:52:55,Viewed Product XYZ   ,0
2532,2025-01-12T22:42:11,SMS Sent,1
1105,2025-04-26T23:57:54,Opened Email,0
2175,2025-01-31T14:46:55,SMS Sent,0
1708,2025-01-03T11:43:02,Opened Email,0
255,2025-03-07T06:48:09,Email Open,0
596,2025-03-27T03:25:53,Order Placed,1
1686,2025-01-30T19:43:23,Octane: Quiz Completed: Find The Perfect Eye Shadow   .,0
250,2025-03-05T05:34:35,Opened Email,0
468,2025-02-08T18:21:12,Clicked email to unsubscribe,0
533,2025-03-13T02:31:03,Active on Site,0
1174,2025-03-25T01:13:46,Clicked email link,0
738,2025-03-23T15:42:27,Active on Site,0
390,2025-02-27T16:22:37,Clicked Email,0
1354,2025-03-30T02:32:56,Blotout Viewed Product Xyz,0
1394,2025-04-05T20:34:40,Clicked Email,0
1753,2025-02-06T07:23:27,Viewed Product XYZ   ,0
2131,2025-03-10T00:56:43,Octane: Quiz Completed: Find The Perfect Eye Shadow   .,0
2069,2025-04-04T01:19:07,Unsubscribed,0
3000,2025-02-19T01:33:21,Viewed Product.,0
2490,2025-04-17T12:17:32,Octane: Quiz Completed: Find The Perfect Eye Shadow   .,0
2445,2025-04-12T04:31:56,Order Placed,1
2210,2025-04-08T18:35:25,Unsubscribed,0
1264,2025-03-22T02:57:59,Unsubscribed,0
2063,2025-04-12T14:33:18,Viewed Product XYZ   ,0
2575,2025-03-15T18:27:19,Email Open,0
1946,2025-01-29T20:11:39,Viewed Product XYZ   ,0
949,2025-02-18T03:30:19,Clicked email link,0
2310,2025-02-27T12:43:01,Clicked email to unsubscribe,0
949,2025-04-24T08:59:45,Viewed Product XYZ   ,0
2173,2025-04-20T02:23:23,Order Placed,1
2452,2025-03-14T09:01:15,Opened Email,0
2613,2025-04-25T09:24:50,Black Crow Identified,0
920,2025-04-22T06:34:00,Order Placed,1
805,2025-01-24T16:32:05,Active on Site,0
1945,2025-03-18T14:32:42,Clicked email to unsubscribe,0
1977,2025-02-09T07:17:46,Clicked email link,0
465,2025-04-25T01:44:26,Order Placed,1
1924,2025-01-18T04:35:22,Active on Site,0
2886,2025-03-02T07:42:19,Active on Site,0
1113,2025-04-17T06:32:10,SMS Sent,0
2863,2025-02-07T11:36:17,SMS Delivered,0
712,2025-01-06T21:42:25,SMS Delivered,0
1039,2025-03-06T16:27:20,Blotout Viewed Product Xyz,0
1296,2025-03-05T00:15:37,SMS Delivered,0
1431,2025-03-24T22:06:25,SMS Sent,0
456,2025-02-18T09:03:11,Placed Order,1
1184,2025-02-10T13:06:43,Unsubscribed,0
967,2025-04-10T22:33:39,Email Open,0
1832,2025-02-07T16:15:32,Unsubscribed,0
1386,2025-01-06T00:40:24,Blotout Viewed Product Xyz,0
1036,2025-03-17T00:47:05,Octane: Quiz Completed: Find The Perfect Eye Shadow   .,0
920,2025-01-01T06:37:21,Unsubscribed,0
2351,2025-02-21T11:12:21,Opened Email,0
2861,2025-04-08T17:01:31,Order Placed,1
2674,2025-03-23T18:41:12,Octane: Quiz Completed: Find The Perfect Eye Shadow   .,0
116,2025-03-01T12:57:13,Viewed Product XYZ   ,0
159,2025-03-11T23:54:31,Placed Order,1
1385,2025-02-24T14:11:02,Unsubscribed,0
2448,2025-03-14T01:30:42,Clicked email link,0
1954,2025-04-10T14:42:46,Clicked Email,1
1229,2025-03-05T22:08:43,Email Open,0
1926,2025-04-07T13:50:44,Blotout Viewed Product Xyz,0
1394,2025-03-04T19:13:13,Active on Site,0
2642,2025-02-24T11:55:35,Clicked Email,0
2290,2025-01-11T18:49:00,Clicked email to unsubscribe,0
2160,2025-04-29T23:48:12,Clicked email link,0
2946,2025-03-28T00:30:15,Viewed Product XYZ   ,0
789,2025-01-25T18:45:53,Viewed Product XYZ   ,0
517,2025-02-05T15:28:06,Blotout Viewed Product Xyz,0
1727,2025-02-15T12:11:23,Viewed Product.,0
1008,2025-04-01T02:37:01,Blotout Viewed Product Xyz,0
2216,2025-03-22T15:22:36,Email Open,0
203,2025-03-31T15:44:10,Unsubscribed,0
2312,2025-02-18T19:50:20,Opened Email,0
1235,2025-03-10T11:17:04,Clicked email to unsubscribe,0
583,2025-03-10T16:12:00,Clicked email link,0
2643,2025-04-01T11:01:03,Unsubscribed,0
1425,2025-04-01T12:58:51,Octane: Quiz Completed: Find The Perfect Eye Shadow   .,0
2472,2025-02-25T23:43:28,Placed Order,1
1014,2025-02-14T23:53:33,Placed Order,1
2294,2025-04-24T20:08:08,Unsubscribed,0
1103,2025-03-06T03:56:02,Order Placed,1
1567,2025-01-15T12:07:59,Black Crow Identified,0
1261,2025-03-26T20:42:45,Order Placed,1
1080,2025-03-16T20:19:33,Placed Order,1
1281,2025-02-07T02:25:57,SMS Delivered,0
1117,2025-01-01T22:30:05,Clicked Email,0
794,2025-01-18T12:25:33,Octane: Quiz Completed: Find The Perfect Eye Shadow   .,1
1146,2025-01-23T12:36:40,Clicked email link,0
521,2025-01-20T01:08:49,Clicked Email,0
2057,2025-03-02T11:09:12,Unsubscribed,0
2814,2025-04-23T05:30:18,Clicked email link,0
947,2025-04-30T21:19:24,Unsubscribed,0
426,2025-03-10T14:52:19,SMS Delivered,0
1490,2025-01-26T05:55:09,Active on Site,0
2297,2025-01-23T22:48:28,Email Open,0
1711,2025-01-31T10:26:24,Active on Site,0
947,2025-01-31T07:33:26,Order Placed,1
2967,2025-04-10T06:27:16,Email Open,0
191,2025-02-03T06:40:51,Active on Site,0
1564,2025-02-28T16:47:54,SMS Sent,0
2257,2025-01-10T01:35:00,Order Placed,1
783,2025-02-27T08:01:20,Clicked Email,0
512,2025-04-17T13:54:11,Viewed Product XYZ   ,0
1257,2025-03-25T04:46:45,Blotout Viewed Product Xyz,0
2111,2025-03-03T04:45:28,Opened Email,0
98,2025-03-07T11:40:15,Clicked Email,0
173,2025-04-08T21:05:12,Clicked email link,0
2093,2025-04-22T11:06:05,Blotout Viewed Product Xyz,0
889,2025-03-16T03:00:30,SMS Delivered,0
2753,2025-01-20T03:47:33,Octane: Quiz Completed: Find The Perfect Eye Shadow   .,0
2244,2025-04-13T14:00:59,Viewed Product XYZ   ,0
874,2025-03-13T04:22:13,SMS Sent,0
2021,2025-01-27T04:52:03,Viewed Product.,0
2667,2025-04-17T03:37:36,Clicked email link,0
1833,2025-02-24T09:33:24,Clicked email to unsubscribe,0
23,2025-04-26T15:13:31,Blotout Viewed Product Xyz,0
2981,2025-02-25T06:12:26,Blotout Viewed Product Xyz,0
1917,2025-01-12T01:57:53,Octane: Quiz Completed: Find The Perfect Eye Shadow   .,0
1798,2025-04-04T20:02:10,Active on Site,0
2066,2025-02-04T22:34:13,SMS Delivered,0
2685,2025-01-19T18:01:47,Blotout Viewed Product Xyz,0
157,2025-03-22T11:04:41,Black Crow Identified,0
654,2025-02-10T16:05:27,Blotout Viewed Product Xyz,0
308,2025-01-19T07:53:34,Opened Email,0
1746,2025-04-02T19:26:54,SMS Delivered,0
1415,2025-01-17T14:17:21,Order Placed,1
1982,2025-01-04T17:10:13,Black Crow Identified,0
2615,2025-01-27T14:29:29,Order Placed,1
1814,2025-01-02T05:22:51,Email Open,0
2509,2025-03-05T17:06:24,Active on Site,1
2393,2025-04-26T11:09:19,Order Placed,1
821,2025-04-08T05:56:11,Placed Order,1
2755,2025-03-26T14:59:42,Clicked Email,0
1844,2025-03-02T13:01:27,SMS Sent,0
1414,2025-01-19T06:37:43,Email Open,0
281,2025-02-10T16:29:34,Viewed Product.,0
482,2025-01-19T23:17:00,Clicked Email,0
2838,2025-04-09T23:31:11,Viewed Product XYZ   ,0
1404,2025-01-17T17:14:55,Clicked Email,0
2262,2025-03-05T05:57:06,Clicked email to unsubscribe,0
1155,2025-03-15T10:57:12,Viewed Product.,0
1185,2025-01-31T14:32:07,SMS Sent,0
1466,2025-03-30T06:30:05,Black Crow Identified,0
993,2025-01-06T12:56:56,Email Open,0
409,2025-01-02T09:11:53,Viewed Product XYZ   ,0
1583,2025-04-01T00:28:00,Black Crow Identified,0
1936,2025-01-23T02:04:35,Active on Site,0
2687,2025-03-25T11:34:07,Octane: Quiz Completed: Find The Perfect Eye Shadow   .,0
52,2025-03-08T16:24:33,Unsubscribed,0
2196,2025-04-06T02:07:50,Active on Site,0
2467,2025-04-16T06:28:14,Clicked email to unsubscribe,0
1795,2025-01-09T13:50:46,Viewed Product.,0
712,2025-03-26T21:52:53,Clicked Email,0
47,2025-01-26T15:07:45,Octane: Quiz Completed: Find The Perfect Eye Shadow   .,0
1894,2025-03-13T23:31:16,Email Open,0
408,2025-02-07T13:28:16,Email Open,0
2844,2025-04-19T14:41:06,Black Crow Identified,0
212,2025-03-28T12:47:12,Opened Email,0
2908,2025-04-24T00:38:41,Clicked Email,0
1083,2025-01-07T04:47:03,Blotout Viewed Product Xyz,0
2137,2025-04-19T15:38:20,Black Crow Identified,0
2616,2025-02-06T18:48:05,SMS Delivered,0
1974,2025-01-28T00:30:10,Octane: Quiz Completed: Find The Perfect Eye Shadow   .,0
525,2025-01-18T02:25:21,SMS Sent,0
2215,2025-01-18T14:13:24,Order Placed,1
806,2025-04-02T15:46:21,Clicked email to unsubscribe,0
1834,2025-01-07T07:10:08,Email Open,0
2490,2025-01-15T17:42:32,Active on Site,0
972,2025-01-27T08:53:07,Active on Site,0
1141,2025-01-09T01:46:13,Viewed Product.,0
2683,2025-03-12T17:26:10,Order Placed,1
1019,2025-01-08T17:30:49,Viewed Product XYZ   ,0
2844,2025-03-05T20:14:28,Clicked email link,0
528,2025-01-23T06:19:49,Unsubscribed,0
533,2025-04-08T06:38:26,Black Crow Identified,0
1757,2025-03-22T22:33:44,Viewed Product XYZ   ,0
2715,2025-03-04T18:43:02,Active on Site,0
2143,2025-03-16T15:36:23,Viewed Product XYZ   ,0
1366,2025-02-02T02:28:08,Clicked email link,0
2528,2025-02-12T16:20:18,Viewed Product XYZ   ,0
2372,2025-01-12T13:01:09,Clicked Email,0
1014,2025-01-30T00:40:45,Email Open,0
440,2025-04-28T05:41:22,Viewed Product.,1
1604,2025-01-08T23:08:17,Unsubscribed,0
1073,2025-04-22T03:14:36,SMS Delivered,0
1626,2025-01-19T13:10:10,Email Open,0
2725,2025-02-04T14:19:38,SMS Delivered,0
1114,2025-03-29T05:13:00,Order Placed,1
2108,2025-02-03T13:25:30,Active on Site,0
1515,2025-03-22T00:52:52,SMS Delivered,0
928,2025-02-18T03:20:54,Active on Site,0
927,2025-03-23T19:48:59,Clicked Email,0
1555,2025-01-25T05:43:40,Order Placed,1
2786,2025-04-14T13:54:11,Blotout Viewed Product Xyz,0
1083,2025-02-03T19:41:33,Blotout Viewed Product Xyz,0
1838,2025-02-28T23:44:19,SMS Sent,1
314,2025-04-28T10:07:01,Opened Email,0
1748,2025-03-19T17:08:30,Clicked email link,0
2181,2025-03-25T18:03:01,Viewed Product XYZ   ,0
722,2025-01-31T15:14:55,Clicked email link,0
2403,2025-04-02T12:11:37,Black Crow Identified,0
1686,2025-04-11T15:40:46,Clicked Email,0
1017,2025-02-02T15:29:40,Clicked email to unsubscribe,0
2790,2025-02-20T18:33:24,SMS Delivered,0
1314,2025-03-27T00:03:43,Email Open,0
447,2025-02-03T02:24:52,Octane: Quiz Completed: Find The Perfect Eye Shadow   .,0
2082,2025-02-17T13:01:10,SMS Sent,0
57,2025-03-17T03:41:27,Active on Site,0
1066,2025-03-07T02:18:00,Placed Order,1
2756,2025-03-12T03:29:41,Opened Email,0
446,2025-02-02T09:23:14,Opened Email,0
1043,2025-02-26T10:31:16,Viewed Product XYZ   ,0
1985,2025-03-20T20:48:20,Viewed Product.,0
644,2025-04-26T16:10:05,Placed Order,1
1465,2025-03-14T16:33:23,Blotout Viewed Product Xyz,0
1226,2025-04-21T02:38:30,Viewed Product.,0
2380,2025-03-24T09:46:18,Active on Site,0
1178,2025-03-07T12:22:04,Clicked email link,0
1523,2025-04-29T06:56:49,Viewed Product.,1
28,2025-01-14T15:51:23,Email Open,0
2150,2025-02-12T00:05:38,Viewed Product.,0
286,2025-03-15T09:24:37,Opened Email,0
2753,2025-01-06T09:36:32,Clicked email link,1
1960,2025-03-02T12:07:53,Clicked Email,0
1969,2025-03-30T08:43:40,Email Open,0
1485,2025-01-30T23:24:28,Clicked Email,0
1061,2025-04-10T12:30:36,Email Open,0
2945,2025-03-01T17:17:17,Viewed Product XYZ   ,0
827,2025-01-05T21:29:11,SMS Sent,0
2329,2025-03-21T16:48:53,Clicked email to unsubscribe,0
168,2025-04-26T08:20:33,Active on Site,0
1677,2025-02-10T17:45:36,Placed Order,1
252,2025-01-17T04:51:48,Blotout Viewed Product Xyz,0
2595,2025-03-14T14:25:11,Blotout Viewed Product Xyz,0
565,2025-04-18T11:23:07,SMS Delivered,0
198,2025-01-07T13:54:57,Clicked email to unsubscribe,0
2812,2025-04-18T23:43:54,Active on Site,0
2725,2025-02-01T09:22:18,Clicked Email,0
558,2025-04-29T17:06:52,Clicked email link,0
225,2025-02-09T09:10:03,Blotout Viewed Product Xyz,0
2300,2025-04-10T05:54:26,Opened Email,0
507,2025-01-05T04:37:37,Black Crow Identified,0
2927,2025-01-11T18:31:57,Clicked email link,0
1905,2025-01-12T00:42:03,Clicked Email,0
785,2025-01-24T06:20:10,Viewed Product XYZ   ,0
255,2025-03-12T01:38:32,Order Placed,1
2727,2025-04-24T10:19:05,SMS Delivered,0
2968,2025-02-17T21:31:19,Viewed Product.,0
317,2025-02-24T15:16:19,Clicked Email,0
2646,2025-03-10T23:42:15,Clicked email to unsubscribe,0
1599,2025-04-27T22:36:00,Placed Order,1
1035,2025-03-23T03:22:35,Blotout Viewed Product Xyz,0
1710,2025-01-09T15:06:18,Viewed Product.,0
721,2025-02-26T02:58:48,Active on Site,0
2094,2025-04-24T15:06:22,SMS Sent,0
2043,2025-04-22T05:19:48,Clicked email link,0
2825,2025-02-28T14:04:59,Viewed Product.,0
1691,2025-02-04T13:52:50,Unsubscribed,0
149,2025-03-18T08:59:51,Unsubscribed,0
1931,2025-01-07T11:26:43,Octane: Quiz Completed: Find The Perfect Eye Shadow   .,0
229,2025-01-26T05:41:03,SMS Sent,0
2453,2025-02-12T12:44:38,Email Open,0
2445,2025-04-30T06:19:09,Black Crow Identified,0
872,2025-01-05T05:45:23,Viewed Product XYZ   ,0
2308,2025-04-20T23:32:01,Active on Site,0
1356,2025-04-01T12:34:00,SMS Sent,0
2547,2025-04-26T17:32:15,Unsubscribed,0
195,2025-04-20T09:50:39,Clicked Email,0
2557,2025-02-11T00:00:34,SMS Delivered,0
1691,2025-01-14T02:34:55,Placed Order,1
468,2025-03-29T20:57:11,Octane: Quiz Completed: Find The Perfect Eye Shadow   .,0
2503,2025-04-07T18:33:27,SMS Sent,0
1201,2025-03-11T03:11:17,Clicked email to unsubscribe,0
446,2025-01-17T09:25:16,Clicked Email,0
2683,2025-04-05T15:53:11,Viewed Product.,0
41,2025-02-14T00:32:53,Viewed Product XYZ   ,0
1155,2025-03-16T09:17:10,Clicked email link,0
1943,2025-03-23T23:13:36,Email Open,0
171,2025-03-08T23:36:26,Placed Order,1
2394,2025-01-11T10:04:57,Black Crow Identified,1
527,2025-01-16T03:49:29,Clicked email to unsubscribe,0
550,2025-01-09T05:45:34,SMS Delivered,1
64,2025-03-30T21:35:15,Black Crow Identified,0
1941,2025-03-18T23:28:50,Octane: Quiz Completed: Find The Perfect Eye Shadow   .,1
2064,2025-01-09T17:16:46,Order Placed,1
337,2025-04-08T11:13:30,Black Crow Identified,0
1553,2025-04-24T15:50:43,Active on Site,0
2570,2025-03-30T05:47:24,SMS Delivered,0
1873,2025-01-02T17:00:54,Email Open,0
1428,2025-03-22T11:03:03,Clicked email to unsubscribe,0
1896,2025-01-11T20:03:58,Blotout Viewed Product Xyz,0
74,2025-01-13T01:14:04,Clicked Email,0
1277,2025-04-18T03:49:53,Black Crow Identified,0
174,2025-02-09T05:20:04,Order Placed,1
1884,2025-02-04T15:48:53,Clicked email link,0
2710,2025-03-26T05:51:36,Order Placed,1
1515,2025-04-19T15:52:07,Active on Site,0
1401,2025-03-13T07:44:33,Octane: Quiz Completed: Find The Perfect Eye Shadow   .,0
2890,2025-02-09T23:13:24,Email Open,0
1697,2025-03-21T03:07:12,Octane: Quiz Completed: Find The Perfect Eye Shadow   .,0
2790,2025-01-05T23:20:07,Unsubscribed,0
2792,2025-03-15T07:52:38,Placed Order,1
2772,2025-03-28T11:47:22,Viewed Product XYZ   ,0
2923,2025-01-14T07:59:15,Octane: Quiz Completed: Find The Perfect Eye Shadow   .,0
2035,2025-04-18T10:16:50,Viewed Product.,0
261,2025-04-12T09:04:31,Viewed Product XYZ   ,0
42,2025-01-05T19:58:20,Email Open,0
264,2025-04-24T15:15:08,Unsubscribed,0
431,2025-03-26T11:36:33,Clicked Email,0
2015,2025-01-05T10:56:12,Black Crow Identified,0
2023,2025-01-23T17:10:38,Email Open,0
1238,2025-04-26T09:02:21,Black Crow Identified,1
941,2025-01-28T16:09:21,Opened Email,0
1638,2025-03-17T15:40:05,Black Crow Identified,0
1185,2025-01-07T05:13:31,Clicked email to unsubscribe,0
922,2025-02-14T16:46:16,Viewed Product.,0
2998,2025-01-04T05:20:06,SMS Sent,0
312,2025-02-20T09:46:15,Clicked email link,0
2299,2025-04-13T15:58:18,Placed Order,1
205,2025-02-22T00:19:01,Clicked email link,0
1470,2025-03-25T02:00:42,Black Crow Identified,0
801,2025-03-13T01:06:51,Active on Site,0
2779,2025-02-09T16:17:21,Clicked email link,0
934,2025-04-23T01:39:14,Black Crow Identified,0
2662,2025-01-26T15:41:29,Viewed Product XYZ   ,0
1751,2025-03-22T05:41:43,Octane: Quiz Completed: Find The Perfect Eye Shadow   .,0
2674,2025-04-19T04:57:12,Black Crow Identified,0
471,2025-03-21T12:31:03,Clicked email to unsubscribe,0
1778,2025-02-06T08:12:54,Unsubscribed,0
2198,2025-03-08T16:50:01,Octane: Quiz Completed: Find The Perfect Eye Shadow   .,0
1929,2025-03-22T09:16:19,Clicked email to unsubscribe,0
482,2025-01-21T21:37:47,Clicked email link,0
1380,2025-04-08T14:42:00,Order Placed,1
1268,2025-03-11T23:52:53,Unsubscribed,0
1107,2025-01-15T09:50:41,Black Crow Identified,1
1115,2025-04-28T21:17:36,Placed Order,1
2676,2025-01-29T12:56:18,Opened Email,0
1826,2025-03-06T20:47:37,Opened Email,0
176,2025-04-20T16:36:28,Clicked Email,0
522,2025-04-23T00:33:47,Opened Email,0
1136,2025-02-09T08:30:11,Clicked email to unsubscribe,0
2951,2025-03-20T05:23:25,Viewed Product.,0
556,2025-04-18T22:16:10,Clicked email to unsubscribe,0
2528,2025-02-04T22:16:24,Viewed Product.,0
1387,2025-04-22T18:32:19,Octane: Quiz Completed: Find The Perfect Eye Shadow   .,0
648,2025-04-13T04:00:43,Viewed Product.,0
2924,2025-03-16T13:57:01,Clicked email to unsubscribe,0
1867,2025-02-26T21:48:05,Clicked Email,0
2168,2025-01-25T11:47:45,Viewed Product.,0
2065,2025-01-25T03:13:18,Active on Site,0
603,2025-01-28T17:10:56,Viewed Product XYZ   ,0
166,2025-01-08T00:16:48,Octane: Quiz Completed: Find The Perfect Eye Shadow   .,0
1666,2025-04-12T12:15:57,Unsubscribed,0
335,2025-01-15T00:07:34,Email Open,0
147,2025-04-07T18:03:43,Viewed Product.,0
2603,2025-04-21T02:57:23,SMS Delivered,0
1903,2025-04-29T00:10:12,Black Crow Identified,0
2955,2025-01-01T18:50:21,Octane: Quiz Completed: Find The Perfect Eye Shadow   .,0
47,2025-01-06T06:38:06,Viewed Product.,0
818,2025-03-07T20:51:43,Clicked email link,0
1434,2025-01-11T04:44:59,SMS Sent,0
1401,2025-04-18T17:43:44,SMS Sent,0
1607,2025-01-16T01:42:36,Clicked email link,0
911,2025-01-12T18:48:38,Order Placed,1
2265,2025-04-01T20:34:33,Clicked email to unsubscribe,0
1395,2025-03-28T15:25:30,Clicked email link,0
150,2025-01-07T11:44:08,Clicked email link,0
522,2025-03-15T14:32:03,Email Open,0
1824,2025-02-10T16:15:35,Viewed Product.,0
2908,2025-02-27T09:45:15,Placed Order,1
1841,2025-04-10T06:51:25,SMS Sent,0
2612,2025-01-19T14:46:31,Blotout Viewed Product Xyz,0
2471,2025-03-01T01:23:05,Opened Email,0
1844,2025-04-19T17:00:04,Unsubscribed,0
1727,2025-01-27T18:27:59,Unsubscribed,0
302,2025-02-03T03:25:12,Clicked email to unsubscribe,0
1124,2025-03-24T08:38:30,Clicked Email,0
2122,2025-02-15T21:10:12,Clicked Email,0
2804,2025-01-29T06:45:17,Clicked email link,0
1770,2025-02-18T14:04:18,SMS Sent,0
786,2025-01-24T21:08:04,Email Open,0
1538,2025-04-30T09:10:56,Opened Email,0
2461,2025-04-16T17:53:01,Active on Site,0
2747,2025-04-04T05:04:52,Opened Email,0
1516,2025-02-02T17:36:23,Opened Email,0
1142,2025-01-01T05:44:12,Octane: Quiz Completed: Find The Perfect Eye Shadow   .,0
2114,2025-03-15T09:04:36,Order Placed,1
2149,2025-02-03T23:33:46,Clicked email link,0
2003,2025-01-12T14:43:32,Order Placed,1
115,2025-04-14T05:31:44,Clicked email link,0
486,2025-02-26T04:35:00,Email Open,0
966,2025-04-27T23:49:44,Blotout Viewed Product Xyz,0
165,2025-01-06T11:22:07,Clicked Email,1
2425,2025-01-13T21:35:03,Viewed Product.,0
1963,2025-01-22T07:38:09,Active on Site,0
266,2025-04-16T08:55:12,Black Crow Identified,0
2676,2025-03-24T23:10:06,Placed Order,1
896,2025-03-18T06:32:56,Clicked email link,0
798,2025-03-19T04:22:52,Blotout Viewed Product Xyz,0
444,2025-03-22T23:37:38,Octane: Quiz Completed: Find The Perfect Eye Shadow   .,0
114,2025-03-04T01:13:04,Order Placed,1
2408,2025-03-02T13:25:31,Placed Order,1
2302,2025-02-01T13:03:53,Unsubscribed,0
2247,2025-04-06T00:02:41,SMS Sent,0
88,2025-02-06T15:15:30,Viewed Product XYZ   ,0
1797,2025-01-08T09:34:08,Octane: Quiz Completed: Find The Perfect Eye Shadow   .,0
979,2025-04-04T01:30:06,Opened Email,0
855,2025-04-01T09:11:10,Active on Site,0
60,2025-04-15T07:21:04,Clicked email to unsubscribe,0
1215,2025-02-03T00:27:36,Clicked email link,0
2158,2025-04-07T09:23:58,Clicked email to unsubscribe,0
827,2025-04-15T23:00:41,Placed Order,1
1038,2025-01-07T23:46:23,SMS Sent,1
2473,2025-01-24T11:55:45,Active on Site,0
2707,2025-01-30T11:43:51,Email Open,0
179,2025-01-09T04:58:08,Octane: Quiz Completed: Find The Perfect Eye Shadow   .,0
288,2025-04-20T07:51:16,Black Crow Identified,0
1357,2025-03-24T21:50:10,Blotout Viewed Product Xyz,0
1338,2025-01-02T06:18:49,SMS Delivered,0
1785,2025-04-19T05:17:19,Placed Order,1
2418,2025-02-08T08:34:45,Placed Order,1
2396,2025-01-21T14:40:14,Blotout Viewed Product Xyz,0
1027,2025-01-19T04:00:52,Email Open,0
2711,2025-03-31T01:34:12,Order Placed,1
853,2025-04-15T20:35:16,Opened Email,0
1089,2025-03-26T02:16:18,Clicked Email,0
171,2025-03-29T08:09:23,Clicked email to unsubscribe,0
428,2025-04-01T17:57:19,Clicked email link,0
1694,2025-02-01T02:19:10,Viewed Product.,0
1135,2025-01-02T09:23:31,Black Crow Identified,0
639,2025-03-12T18:57:36,Unsubscribed,0
1113,2025-03-01T09:36:58,Order Placed,1
2358,2025-04-13T13:04:09,SMS Delivered,0
917,2025-03-04T11:39:01,SMS Delivered,0
741,2025-01-16T20:54:56,Black Crow Identified,1
2772,2025-04-18T12:04:36,Blotout Viewed Product Xyz,0
1745,2025-04-16T08:32:45,Clicked email to unsubscribe,0
1898,2025-04-05T15:13:59,Viewed Product.,0
971,2025-04-20T21:39:06,Clicked email link,0
1721,2025-02-25T04:49:15,Clicked email link,0
69,2025-04-21T22:58:18,Viewed Product.,0
1285,2025-01-20T08:48:38,Email Open,0
1569,2025-02-05T10:43:54,Clicked email link,0
1056,2025-03-08T21:21:12,Blotout Viewed Product Xyz,0
46,2025-04-16T12:58:45,Active on Site,0
345,2025-03-14T17:30:43,Email Open,0
2490,2025-03-27T01:49:26,Viewed Product.,0
2739,2025-04-11T10:58:09,Placed Order,1
2976,2025-03-13T01:44:08,Blotout Viewed Product Xyz,0
1290,2025-02-02T23:45:55,SMS Delivered,0
1758,2025-01-08T17:30:18,Active on Site,0
2921,2025-01-03T14:21:20,Unsubscribed,0
2618,2025-04-28T05:04:46,Opened Email,0
950,2025-03-17T22:48:13,Unsubscribed,0
497,2025-03-01T04:27:00,Blotout Viewed Product Xyz,0
2525,2025-01-28T23:46:41,SMS Sent,0
32,2025-02-08T01:32:11,Opened Email,0
1344,2025-02-22T23:39:39,Viewed Product XYZ   ,0
697,2025-03-28T16:14:12,Black Crow Identified,0
316,2025-02-06T01:11:27,Viewed Product.,0
1446,2025-04-04T22:07:26,SMS Sent,0
610,2025-01-29T23:56:20,Blotout Viewed Product Xyz,1
1067,2025-02-21T10:27:09,Opened Email,0
2107,2025-03-08T22:46:16,Email Open,0
1253,2025-03-12T15:25:22,Unsubscribed,0
1877,2025-04-20T07:27:25,Clicked Email,0
2951,2025-04-22T20:01:24,Order Placed,1
904,2025-02-05T10:18:53,Active on Site,0
1600,2025-03-04T21:54:12,Email Open,0
2985,2025-03-24T17:02:59,Blotout Viewed Product Xyz,0
1124,2025-04-18T22:18:05,Blotout Viewed Product Xyz,0
2047,2025-01-31T02:06:57,Placed Order,1
188,2025-04-13T00:23:14,Clicked Email,0
716,2025-01-02T18:12:50,Active on Site,0
1872,2025-04-13T20:36:56,Clicked email to unsubscribe,0
407,2025-03-05T03:46:43,Email Open,0
1358,2025-02-04T22:53:22,Viewed Product.,0
67,2025-04-07T14:38:50,Viewed Product XYZ   ,0
1726,2025-03-31T23:07:33,Black Crow Identified,0
2002,2025-01-30T15:25:05,Octane: Quiz Completed: Find The Perfect Eye Shadow   .,0
2444,2025-03-19T17:40:25,Octane: Quiz Completed: Find The Perfect Eye Shadow   .,0
1297,2025-02-02T23:21:23,Black Crow Identified,0
1468,2025-02-24T03:51:20,Placed Order,1
2433,2025-02-12T05:45:48,Active on Site,0
2738,2025-04-01T17:21:38,Unsubscribed,0
1013,2025-03-08T01:44:17,SMS Delivered,0
1849,2025-04-04T06:40:20,Order Placed,1
19,2025-04-28T21:22:28,Viewed Product XYZ   ,0
2391,2025-04-18T06:23:39,SMS Sent,0
2172,2025-02-14T01:55:12,Order Placed,1
1986,2025-02-25T14:46:59,Black Crow Identified,0
2560,2025-01-28T06:37:19,Active on Site,0
226,2025-01-17T18:57:24,Clicked email to unsubscribe,0
904,2025-02-10T20:49:01,Unsubscribed,1
604,2025-01-17T14:17:29,Unsubscribed,0
2940,2025-01-05T03:19:07,Unsubscribed,0
1938,2025-01-09T03:32:19,Black Crow Identified,0
2487,2025-02-13T06:59:31,SMS Delivered,0
1228,2025-04-02T07:23:01,Order Placed,1
1735,2025-03-26T23:47:20,Octane: Quiz Completed: Find The Perfect Eye Shadow   .,0
427,2025-02-10T16:28:25,Blotout Viewed Product Xyz,0
2288,2025-03-22T02:16:04,Placed Order,1
678,2025-01-17T06:23:44,Clicked email link,0
2835,2025-01-03T15:33:57,Order Placed,1
2649,2025-01-13T15:38:01,SMS Sent,0
2414,2025-03-17T22:55:43,Order Placed,1
975,2025-03-27T22:47:04,Email Open,0
1245,2025-01-18T16:32:30,Black Crow Identified,0
528,2025-01-10T20:50:26,SMS Sent,0
359,2025-02-15T16:45:28,Order Placed,1
1733,2025-04-04T10:58:35,Clicked email link,0
884,2025-04-16T01:13:04,Email Open,0
2930,2025-03-06T20:53:31,Clicked Email,0
1766,2025-03-06T23:39:25,Clicked Email,0
1165,2025-01-17T05:21:22,Clicked email to unsubscribe,0
2408,2025-01-23T19:14:35,Order Placed,1
1910,2025-01-26T03:00:32,Octane: Quiz Completed: Find The Perfect Eye Shadow   .,0
1533,2025-02-05T19:03:43,Viewed Product XYZ   ,0
1071,2025-01-13T23:56:58,Email Open,0
1671,2025-01-11T00:00:19,SMS Delivered,0
1683,2025-01-27T03:52:14,SMS Sent,0
97,2025-03-07T13:09:14,Black Crow Identified,0
589,2025-04-06T23:03:01,Email Open,0
2421,2025-02-25T02:04:19,Octane: Quiz Completed: Find The Perfect Eye Shadow   .,0
1078,2025-02-20T14:57:31,SMS Sent,0
1700,2025-04-13T11:43:04,Clicked Email,0
2032,2025-03-10T11:57:15,Clicked email to unsubscribe,0
73,2025-04-04T19:12:26,Black Crow Identified,0
124,2025-03-06T08:25:04,Active on Site,0
1455,2025-01-15T16:55:32,Active on Site,0
1136,2025-02-15T08:21:58,Unsubscribed,0
2489,2025-04-10T08:14:01,Viewed Product XYZ   ,0
524,2025-04-21T12:39:47,Active on Site,0
2794,2025-03-10T17:45:11,Viewed Product XYZ   ,0
1723,2025-01-16T00:51:06,Unsubscribed,0
1937,2025-04-03T06:21:34,Octane: Quiz Completed: Find The Perfect Eye Shadow   .,0
2406,2025-04-29T06:11:54,Viewed Product XYZ   ,0
2863,2025-04-28T16:47:48,Active on Site,0
1098,2025-04-26T11:22:36,Placed Order,1
681,2025-04-07T02:14:55,Viewed Product XYZ   ,0
2960,2025-03-21T08:40:55,Order Placed,1
2264,2025-04-06T11:19:26,Email Open,0
1771,2025-04-30T07:41:06,Email Open,0
578,2025-02-11T10:46:58,SMS Delivered,0
785,2025-04-06T20:11:43,Viewed Product.,0
1984,2025-01-07T14:29:48,Active on Site,0
2843,2025-04-29T18:19:12,Viewed Product XYZ   ,0
1984,2025-04-28T15:12:19,Active on Site,0
707,2025-04-27T09:39:25,Placed Order,1
700,2025-03-08T18:31:02,Placed Order,1
437,2025-04-10T10:57:12,Clicked email to unsubscribe,0
2396,2025-02-14T21:10:32,Octane: Quiz Completed: Find The Perfect Eye Shadow   .,0
1428,2025-04-22T13:15:43,Blotout Viewed Product Xyz,0
639,2025-04-10T02:10:52,Black Crow Identified,0
1359,2025-01-20T18:17:00,Unsubscribed,0
83,2025-04-06T15:17:39,Viewed Product.,0
2727,2025-03-25T10:58:09,Blotout Viewed Product Xyz,0
2867,2025-04-16T06:48:09,Active on Site,0
1216,2025-02-21T06:42:48,Clicked Email,0
1284,2025-04-01T12:17:43,Email Open,0
445,2025-04-28T20:13:48,SMS Sent,0
1470,2025-04-30T05:09:34,SMS Delivered,0
2436,2025-03-01T10:42:37,Placed Order,1
119,2025-04-04T03:46:00,Opened Email,0
510,2025-02-10T05:21:07,Viewed Product XYZ   ,0
2066,2025-02-11T15:13:45,Placed Order,1
1293,2025-04-30T12:56:53,Octane: Quiz Completed: Find The Perfect Eye Shadow   .,0
655,2025-03-14T16:33:29,Email Open,0
1554,2025-03-18T02:47:31,Placed Order,1
2494,2025-04-26T06:38:24,Clicked email link,0
2786,2025-04-16T00:13:51,Email Open,0
2904,2025-02-09T21:01:22,Blotout Viewed Product Xyz,0
2436,2025-02-04T06:44:53,Blotout Viewed Product Xyz,0
1972,2025-04-19T07:08:20,SMS Sent,0
2839,2025-03-18T22:41:59,Black Crow Identified,0
1722,2025-01-23T05:59:35,SMS Sent,0
2045,2025-01-11T18:29:20,Clicked email to unsubscribe,0
2533,2025-02-25T00:28:08,Clicked Email,0
2237,2025-02-15T08:55:35,Unsubscribed,0
1803,2025-02-09T00:21:49,Order Placed,1
1371,2025-04-17T21:20:09,Opened Email,0
1885,2025-03-31T08:14:05,Viewed Product.,0
1418,2025-04-04T16:41:44,Viewed Product XYZ   ,0
221,2025-01-12T13:07:57,Unsubscribed,0
594,2025-02-21T20:06:00,Octane: Quiz Completed: Find The Perfect Eye Shadow   .,0
2234,2025-03-01T18:26:48,Blotout Viewed Product Xyz,0
2862,2025-01-19T00:56:48,Unsubscribed,0
490,2025-04-07T03:50:58,Viewed Product.,0
1197,2025-04-30T07:01:02,Octane: Quiz Completed: Find The Perfect Eye Shadow   .,0
785,2025-03-20T00:27:10,Clicked email to unsubscribe,0
2266,2025-02-10T17:53:01,SMS Sent,0
1001,2025-04-21T07:15:55,Unsubscribed,0
44,2025-03-11T00:40:56,Placed Order,1
1853,2025-04-25T13:56:23,Clicked Email,0
975,2025-02-08T08:44:56,Active on Site,0
1299,2025-03-29T05:57:41,SMS Sent,0
1085,2025-01-18T15:45:35,Black Crow Identified,0
1910,2025-04-24T18:17:47,Clicked Email,0
2179,2025-04-15T01:00:55,SMS Sent,0
1132,2025-04-15T01:05:11,SMS Sent,0
1400,2025-04-01T11:49:53,SMS Sent,0
67,2025-03-02T10:23:55,Placed Order,1
1834,2025-03-23T19:40:28,Viewed Product.,0
1120,2025-03-04T19:44:04,Viewed Product.,0
1500,2025-01-14T07:25:54,Viewed Product XYZ   ,0
1405,2025-04-20T09:49:16,Opened Email,0
431,2025-04-15T17:18:21,Viewed Product.,0
1930,2025-03-13T02:47:25,Viewed Product.,0
2843,2025-02-15T14:07:31,Blotout Viewed Product Xyz,0
1291,2025-02-27T02:35:04,Viewed Product.,0
1226,2025-02-11T17:20:17,Blotout Viewed Product Xyz,0
2199,2025-03-31T09:05:09,Viewed Product.,0
1238,2025-01-06T16:14:21,Octane: Quiz Completed: Find The Perfect Eye Shadow   .,0
2487,2025-02-24T06:32:52,Order Placed,1
2883,2025-02-05T19:46:05,Active on Site,0
2074,2025-03-29T02:25:34,Opened Email,0
692,2025-03-01T14:49:42,Clicked email link,0
1687,2025-03-15T05:11:28,Active on Site,0
2943,2025-03-12T10:58:53,Octane: Quiz Completed: Find The Perfect Eye Shadow   .,0
327,2025-02-07T22:53:44,Email Open,0
1110,2025-01-23T19:42:33,Viewed Product.,0
1440,2025-04-30T04:13:11,Clicked email to unsubscribe,0
488,2025-01-09T22:40:21,Opened Email,0
2836,2025-01-15T13:55:03,Email Open,0
1909,2025-03-20T17:21:22,SMS Sent,1
1828,2025-03-15T00:27:16,Email Open,0
850,2025-04-04T20:14:06,Placed Order,1
579,2025-02-10T18:59:12,Email Open,0
2713,2025-03-18T21:30:40,SMS Sent,0
939,2025-02-26T17:09:05,Active on Site,0
2862,2025-03-25T14:38:26,SMS Sent,0
68,2025-02-16T21:21:18,Opened Email,0
2136,2025-02-04T10:29:36,Clicked email link,0
2362,2025-02-11T00:25:25,Clicked email link,0
696,2025-03-12T21:12:16,SMS Sent,0
2351,2025-01-15T22:33:08,Opened Email,0
538,2025-02-07T00:32:34,Opened Email,0
2027,2025-01-04T21:35:13,SMS Delivered,0
2480,2025-04-19T22:59:22,Clicked Email,0
2468,2025-03-02T00:24:15,Clicked email to unsubscribe,0
1108,2025-04-20T14:16:05,Black Crow Identified,0
1551,2025-02-07T02:46:36,Active on Site,0
2499,2025-01-09T13:24:07,Blotout Viewed Product Xyz,0
2562,2025-01-21T10:27:36,Black Crow Identified,0
2210,2025-04-03T20:04:40,Black Crow Identified,0
1159,2025-02-19T21:38:41,Octane: Quiz Completed: Find The Perfect Eye Shadow   .,0
2749,2025-02-09T00:01:45,Opened Email,0
1923,2025-01-14T18:37:16,Unsubscribed,0
2831,2025-02-20T21:00:32,Octane: Quiz Completed: Find The Perfect Eye Shadow   .,0
1774,2025-04-28T10:59:24,Octane: Quiz Completed: Find The Perfect Eye Shadow   .,0
1900,2025-04-21T04:13:41,Viewed Product XYZ   ,0
1701,2025-03-31T22:54:56,Opened Email,0
1687,2025-02-02T19:21:24,SMS Delivered,0
2021,2025-03-17T17:22:38,Clicked email link,0
1781,2025-02-05T08:15:43,Order Placed,1
436,2025-03-19T11:20:36,Octane: Quiz Completed: Find The Perfect Eye Shadow   .,0
1678,2025-01-06T03:45:10,Clicked email link,0
825,2025-02-12T02:16:00,Viewed Product XYZ   ,0
1617,2025-02-14T07:13:22,Viewed Product XYZ   ,0
674,2025-02-01T17:12:56,Active on Site,0
2313,2025-04-19T21:42:35,Order Placed,1
1480,2025-03-31T21:19:57,Order Placed,1
1129,2025-01-07T03:33:37,Black Crow Identified,0
2585,2025-04-09T20:01:01,Active on Site,0
146,2025-03-21T05:29:14,Placed Order,1
2525,2025-04-08T04:45:33,SMS Delivered,0
824,2025-01-15T05:45:32,Placed Order,1
1407,2025-04-16T11:09:52,SMS Delivered,0
946,2025-03-31T06:45:46,Black Crow Identified,0
2558,2025-01-01T22:57:01,Clicked email to unsubscribe,0
2929,2025-04-01T17:51:11,Viewed Product XYZ   ,0
2485,2025-04-15T08:49:43,Unsubscribed,0
890,2025-01-26T15:18:38,Email Open,0
1188,2025-04-09T23:42:22,Octane: Quiz Completed: Find The Perfect Eye Shadow   .,0
2927,2025-04-11T22:34:02,Blotout Viewed Product Xyz,0
1155,2025-04-19T17:47:58,Black Crow Identified,0
408,2025-02-17T16:41:15,Email Open,0
2427,2025-01-26T22:16:56,Viewed Product.,0
2321,2025-02-15T10:39:53,Clicked Email,0
1921,2025-02-22T09:03:00,Unsubscribed,0
2895,2025-02-11T11:02:02,Blotout Viewed Product Xyz,0
2930,2025-03-25T11:38:43,SMS Delivered,0
67,2025-01-19T10:06:59,Clicked email to unsubscribe,0
2049,2025-04-26T02:06:39,SMS Sent,0
289,2025-02-05T07:38:41,Unsubscribed,0
2307,2025-02-11T10:32:37,SMS Sent,0
2204,2025-01-19T12:22:57,Viewed Product.,0
9,2025-01-27T16:10:27,Order Placed,1
2235,2025-01-20T12:04:44,Blotout Viewed Product Xyz,0
2748,2025-01-02T21:20:22,Order Placed,1
801,2025-04-07T01:19:46,Viewed Product.,0
2156,2025-03-20T03:41:33,Unsubscribed,0
1500,2025-04-14T20:50:04,Clicked email link,0
1328,2025-01-27T01:04:35,Unsubscribed,0
1018,2025-04-15T17:24:52,Active on Site,0
1872,2025-03-14T11:34:52,Viewed Product.,0
2116,2025-04-29T23:08:17,Viewed Product.,0
1807,2025-02-24T15:37:35,Order Placed,1
2331,2025-02-09T05:52:20,Opened Email,0
2,2025-01-15T16:27:57,Clicked email to unsubscribe,0
1991,2025-01-02T07:27:17,Clicked email link,0
1696,2025-03-29T05:56:37,Viewed Product.,0
244,2025-04-09T07:51:42,Clicked Email,0
2258,2025-02-12T00:07:54,Order Placed,1
2812,2025-04-26T07:49:17,Order Placed,1
1811,2025-01-04T03:03:17,Placed Order,1
1208,2025-03-27T23:48:35,Viewed Product XYZ   ,0
1911,2025-02-27T02:34:58,Clicked email link,0
2613,2025-03-12T03:52:07,Clicked email link,0
1540,2025-03-09T11:34:25,Viewed Product XYZ   ,0
815,2025-01-19T15:18:15,Placed Order,1
1036,2025-01-25T23:19:14,Active on Site,0
677,2025-04-04T16:52:05,Octane: Quiz Completed: Find The Perfect Eye Shadow   .,0
1454,2025-02-20T22:38:55,Unsubscribed,0
861,2025-02-19T21:48:52,Clicked email link,0
306,2025-03-07T01:12:42,Clicked Email,0
2867,2025-04-02T17:43:38,Clicked Email,0
2473,2025-02-28T04:49:49,Octane: Quiz Completed: Find The Perfect Eye Shadow   .,0
1889,2025-02-19T17:56:31,Clicked Email,0
151,2025-03-29T08:12:35,SMS Sent,0
2195,2025-04-05T19:28:49,Viewed Product.,0
2441,2025-04-21T05:06:49,Blotout Viewed Product Xyz,0
43,2025-03-07T07:00:44,Octane: Quiz Completed: Find The Perfect Eye Shadow   .,0
1511,2025-04-20T18:55:30,Placed Order,1
1397,2025-04-26T16:40:32,Blotout Viewed Product Xyz,0
2816,2025-01-03T15:36:07,Blotout Viewed Product Xyz,0
1634,2025-04-10T21:49:54,Clicked Email,0
1886,2025-01-05T17:36:35,Viewed Product XYZ   ,0
151,2025-01-20T05:49:28,Placed Order,1
1761,2025-03-30T11:01:21,Clicked email link,0
2533,2025-04-10T12:12:13,Active on Site,0
187,2025-03-08T18:31:25,Blotout Viewed Product Xyz,0
1145,2025-02-26T13:49:01,SMS Delivered,0
2285,2025-01-24T13:01:21,Order Placed,1
1131,2025-03-01T21:33:28,Blotout Viewed Product Xyz,0
1287,2025-01-11T22:52:41,Clicked Email,0
578,2025-03-18T19:12:53,SMS Sent,1
450,2025-03-30T08:38:47,Octane: Quiz Completed: Find The Perfect Eye Shadow   .,0
2982,2025-01-07T15:08:32,Blotout Viewed Product Xyz,1
2969,2025-04-07T16:35:09,Clicked Email,0
206,2025-02-07T19:04:44,Email Open,0
189,2025-02-15T21:00:19,Active on Site,0
468,2025-02-18T03:53:48,SMS Sent,0
833,2025-01-18T21:10:49,Clicked Email,0
2245,2025-02-23T21:27:52,Order Placed,1
940,2025-04-03T08:15:08,Octane: Quiz Completed: Find The Perfect Eye Shadow   .,0
1226,2025-01-24T21:42:28,Placed Order,1
1800,2025-04-20T20:03:47,Unsubscribed,0
2452,2025-01-22T16:03:36,Placed Order,1
2592,2025-01-12T07:38:38,Blotout Viewed Product Xyz,0
754,2025-04-21T09:17:23,Viewed Product.,0
2640,2025-01-15T12:25:31,Clicked email link,0
1016,2025-04-17T05:28:59,Order Placed,1
1374,2025-01-29T01:21:22,SMS Delivered,0
1486,2025-03-13T14:04:25,Active on Site,0
1115,2025-01-27T11:13:19,Blotout Viewed Product Xyz,0
1935,2025-02-21T12:23:25,Clicked Email,0
2198,2025-02-01T13:17:15,SMS Delivered,0
690,2025-02-15T21:53:59,Viewed Product XYZ   ,0
2134,2025-02-06T19:43:49,SMS Sent,0
679,2025-02-24T08:13:47,Active on Site,0
1950,2025-04-13T09:58:37,Active on Site,0
2561,2025-04-26T20:59:17,Placed Order,1
2527,2025-02-15T09:41:48,Clicked email to unsubscribe,0
2296,2025-02-24T07:42:21,Viewed Product XYZ   ,0
1954,2025-04-23T11:56:30,Placed Order,1
334,2025-03-28T20:57:25,Octane: Quiz Completed: Find The Perfect Eye Shadow   .,0
1469,2025-04-25T13:56:40,Viewed Product XYZ   ,1
2903,2025-01-02T17:28:23,Placed Order,1
65,2025-03-27T01:50:01,Order Placed,1
2766,2025-03-25T02:17:14,Email Open,0
654,2025-03-29T09:25:54,Order Placed,1
2523,2025-01-22T04:24:43,Clicked Email,0
2446,2025-03-13T03:43:11,Octane: Quiz Completed: Find The Perfect Eye Shadow   .,0
2012,2025-03-19T20:12:13,Placed Order,1
2112,2025-01-13T09:48:36,Opened Email,0
136,2025-01-21T03:47:42,Email Open,0
2299,2025-02-10T22:06:05,Octane: Quiz Completed: Find The Perfect Eye Shadow   .,0
2299,2025-01-14T11:40:49,Unsubscribed,0
1008,2025-02-25T03:42:01,Clicked email link,0
956,2025-02-19T10:22:48,SMS Delivered,0
1613,2025-01-20T04:22:35,SMS Sent,0
149,2025-04-17T07:39:21,Opened Email,0
749,2025-01-18T17:25:02,SMS Sent,0
299,2025-02-23T12:06:02,Blotout Viewed Product Xyz,0
1898,2025-01-27T09:33:32,Order Placed,1
2777,2025-03-01T23:24:06,Order Placed,1
366,2025-01-06T02:59:38,Viewed Product.,0
2053,2025-01-02T06:18:49,Clicked email link,0
2062,2025-04-30T14:38:11,Clicked email to unsubscribe,0
689,2025-01-24T06:44:02,Blotout Viewed Product Xyz,0
1407,2025-04-05T15:12:02,SMS Delivered,0
381,2025-03-23T20:19:39,Order Placed,1
1563,2025-01-22T08:30:27,SMS Delivered,0
544,2025-01-20T12:30:59,Viewed Product.,0
438,2025-04-17T19:11:48,Order Placed,1
1597,2025-01-28T12:16:17,Placed Order,1
1191,2025-01-04T15:05:38,Active on Site,0
1756,2025-01-01T12:52:20,Black Crow Identified,0
2923,2025-01-03T06:05:25,Clicked email to unsubscribe,0
1177,2025-01-24T08:27:38,SMS Delivered,0
843,2025-01-25T08:14:25,Clicked email link,0
428,2025-04-30T17:42:40,Unsubscribed,0
382,2025-01-21T17:27:58,Opened Email,0
2447,2025-02-01T18:00:37,Viewed Product.,0
423,2025-04-05T06:39:20,Order Placed,1
701,2025-01-08T23:47:28,Blotout Viewed Product Xyz,0
1036,2025-04-20T02:22:31,Active on Site,0
1533,2025-03-02T13:03:45,Viewed Product XYZ   ,0
402,2025-01-23T03:59:48,Blotout Viewed Product Xyz,0
1862,2025-04-14T18:47:59,SMS Delivered,0
756,2025-03-04T13:33:30,Opened Email,0
161,2025-02-10T05:37:54,Blotout Viewed Product Xyz,0
1353,2025-03-20T18:43:12,Blotout Viewed Product Xyz,0
809,2025-04-26T13:29:17,Clicked email to unsubscribe,0
292,2025-02-27T04:07:21,Opened Email,0
1326,2025-02-22T21:46:14,Viewed Product XYZ   ,0
335,2025-01-03T12:49:00,Viewed Product.,0
552,2025-01-26T07:28:53,Opened Email,0
192,2025-02-05T03:59:36,Active on Site,0
963,2025-02-10T01:50:27,Clicked email link,1
56,2025-01-15T03:41:15,Order Placed,1
345,2025-03-01T07:31:28,Viewed Product.,0
585,2025-03-11T14:29:01,SMS Sent,0
425,2025-02-03T05:42:34,Blotout Viewed Product Xyz,0
1302,2025-02-14T12:12:14,Black Crow Identified,0
2467,2025-04-04T15:33:19,SMS Sent,0
849,2025-02-03T15:18:17,Placed Order,1
147,2025-01-11T06:52:43,Order Placed,1
2037,2025-04-18T22:18:07,Clicked email link,0
587,2025-01-18T18:05:27,Black Crow Identified,0
1672,2025-03-14T20:41:02,Placed Order,1
2657,2025-01-22T10:49:24,Opened Email,0
2622,2025-04-11T14:06:22,Email Open,0
935,2025-03-21T15:37:28,Clicked Email,0
2436,2025-01-17T19:12:35,Email Open,0
2192,2025-01-26T07:26:38,Email Open,0
897,2025-03-06T08:41:34,SMS Sent,0
1762,2025-03-01T08:31:03,Unsubscribed,0
1360,2025-03-26T05:03:41,SMS Sent,0
1174,2025-02-26T05:53:03,Opened Email,0
1461,2025-04-22T11:30:11,Clicked email to unsubscribe,0
2536,2025-02-15T01:40:31,Opened Email,0
2074,2025-01-08T08:00:22,SMS Delivered,0
1946,2025-03-06T07:04:02,Unsubscribed,0
836,2025-01-05T09:08:48,Viewed Product.,0
286,2025-03-22T09:59:05,Order Placed,1
2572,2025-03-27T01:07:16,Clicked email link,0
2277,2025-04-13T12:27:42,Active on Site,0
1659,2025-04-13T04:51:36,Active on Site,0
94,2025-01-13T01:34:12,Email Open,0
937,2025-04-18T07:29:58,Blotout Viewed Product Xyz,0
2189,2025-02-27T06:58:56,Viewed Product XYZ   ,0
2542,2025-01-16T16:38:42,Octane: Quiz Completed: Find The Perfect Eye Shadow   .,0
65,2025-04-22T05:31:18,Placed Order,1
766,2025-03-28T12:00:05,Active on Site,0
2662,2025-03-26T09:32:09,Order Placed,1
883,2025-02-20T19:41:36,SMS Sent,0
2622,2025-01-24T10:34:00,SMS Delivered,0
1216,2025-04-10T08:56:29,Blotout Viewed Product Xyz,0
661,2025-02-12T10:08:06,Order Placed,1
1003,2025-01-09T21:20:27,Clicked email link,0
2540,2025-03-27T09:40:05,Clicked email link,0
1714,2025-01-08T07:18:59,Blotout Viewed Product Xyz,0
1015,2025-01-08T00:36:30,Opened Email,0
1151,2025-04-25T05:19:22,Active on Site,0
2115,2025-03-24T14:48:23,Clicked Email,0
2731,2025-01-26T11:37:18,SMS Sent,0
2252,2025-03-21T16:35:09,Opened Email,0
2796,2025-03-05T06:24:45,Clicked email to unsubscribe,0
2027,2025-03-19T06:11:15,Order Placed,1
589,2025-04-21T20:03:34,Blotout Viewed Product Xyz,0
2580,2025-03-14T07:26:08,Clicked email link,0
60,2025-03-10T05:50:00,Opened Email,0
1510,2025-03-10T16:04:13,Octane: Quiz Completed: Find The Perfect Eye Shadow   .,1
2541,2025-03-18T17:25:43,Clicked email link,0
668,2025-03-31T03:04:11,Viewed Product XYZ   ,0
907,2025-02-23T13:51:08,Blotout Viewed Product Xyz,1
1128,2025-02-03T14:18:25,Email Open,0
1929,2025-03-09T04:19:24,Clicked email link,0
2876,2025-01-10T11:50:48,Black Crow Identified,0
1568,2025-02-06T00:01:23,Clicked Email,0
673,2025-02-05T12:28:45,Viewed Product.,1
2635,2025-03-21T19:38:39,Blotout Viewed Product Xyz,0
2210,2025-03-20T08:57:13,Viewed Product XYZ   ,0
1023,2025-02-12T02:08:06,Order Placed,1
1499,2025-04-22T04:09:45,Opened Email,0
1739,2025-01-12T03:41:17,Placed Order,1
2752,2025-02-12T02:48:41,Octane: Quiz Completed: Find The Perfect Eye Shadow   .,0
425,2025-01-15T05:11:13,Order Placed,1
1291,2025-02-20T08:11:47,Clicked email link,0
707,2025-03-10T11:00:52,Octane: Quiz Completed: Find The Perfect Eye Shadow   .,0
2206,2025-02-13T16:47:39,Octane: Quiz Completed: Find The Perfect Eye Shadow   .,0
1036,2025-02-22T02:02:31,Clicked email to unsubscribe,0
2904,2025-01-29T06:31:20,Active on Site,0
1168,2025-04-17T05:57:38,Blotout Viewed Product Xyz,0
2299,2025-01-04T16:23:13,Unsubscribed,0
622,2025-01-07T19:16:19,SMS Sent,0
448,2025-02-26T11:55:37,Clicked Email,0
741,2025-01-05T10:31:32,Octane: Quiz Completed: Find The Perfect Eye Shadow   .,0
2512,2025-01-14T18:50:13,Placed Order,1
797,2025-04-02T06:28:34,Black Crow Identified,0
1426,2025-03-10T02:05:59,Order Placed,1
314,2025-03-21T06:15:38,Opened Email,0
480,2025-02-15T21:56:21,Unsubscribed,0
2135,2025-01-02T09:29:46,Viewed Product XYZ   ,0
2843,2025-01-13T04:22:01,Blotout Viewed Product Xyz,0
789,2025-02-04T11:30:25,SMS Sent,0
2866,2025-01-09T12:04:26,Clicked email link,0
1598,2025-01-05T23:15:00,Clicked email link,0
2314,2025-02-26T00:48:55,SMS Sent,0
1614,2025-04-30T20:38:55,Clicked Email,0
2697,2025-01-10T04:10:15,Clicked email link,0
81,2025-04-12T17:44:03,Viewed Product XYZ   ,0
1334,2025-04-25T03:37:11,Email Open,0
1365,2025-04-19T00:01:10,Order Placed,1
2923,2025-01-12T03:46:38,Opened Email,0
2309,2025-01-29T13:37:54,Blotout Viewed Product Xyz,0
1558,2025-02-16T03:35:21,Clicked email to unsubscribe,0
506,2025-04-01T06:30:57,Clicked email link,0
2683,2025-04-29T23:19:52,Clicked email link,0
2845,2025-02-13T18:02:02,Active on Site,0
2212,2025-01-26T07:15:42,Black Crow Identified,0
1061,2025-03-23T05:16:16,Viewed Product.,1
2176,2025-02-21T01:33:45,Order Placed,1
855,2025-01-02T11:58:48,Email Open,0
2808,2025-01-12T03:36:54,Viewed Product XYZ   ,0
1657,2025-03-23T13:48:34,Opened Email,0
2294,2025-01-17T19:26:10,Viewed Product.,0
1043,2025-03-14T22:23:31,Viewed Product.,0
188,2025-01-13T18:35:43,Clicked email link,0
601,2025-01-02T04:16:38,Blotout Viewed Product Xyz,1
1864,2025-03-24T11:29:44,Clicked Email,0
168,2025-03-12T05:57:47,Blotout Viewed Product Xyz,1
1056,2025-04-17T21:28:27,Email Open,0
1062,2025-02-12T12:38:06,Viewed Product XYZ   ,0
1825,2025-04-14T23:16:25,Order Placed,1
1253,2025-01-28T22:30:47,Black Crow Identified,0
740,2025-03-11T18:27:30,SMS Delivered,0
460,2025-04-29T08:46:57,Opened Email,0
1500,2025-02-12T07:48:48,SMS Delivered,0
652,2025-01-26T04:37:28,Placed Order,1
902,2025-04-20T11:31:55,Clicked email to unsubscribe,0
1484,2025-04-26T00:05:56,Viewed Product.,0
2205,2025-04-18T23:53:39,Black Crow Identified,0
2298,2025-03-19T09:16:15,Viewed Product XYZ   ,0
918,2025-03-16T04:04:15,Blotout Viewed Product Xyz,0
1935,2025-02-05T02:33:08,SMS Sent,0
2697,2025-03-16T06:54:13,Octane: Quiz Completed: Find The Perfect Eye Shadow   .,0
2786,2025-03-13T01:06:51,Order Placed,1
1838,2025-02-05T09:05:25,Octane: Quiz Completed: Find The Perfect Eye Shadow   .,0
2293,2025-02-09T08:23:34,Order Placed,1
1106,2025-04-11T16:16:52,Clicked Email,0
1750,2025-03-22T02:15:00,Viewed Product XYZ   ,0
1311,2025-01-18T06:04:42,Unsubscribed,1
2125,2025-04-11T23:46:29,Black Crow Identified,0
2901,2025-02-27T04:27:28,Clicked email to unsubscribe,0
1147,2025-04-22T05:35:07,Unsubscribed,0
1129,2025-04-28T11:58:50,Blotout Viewed Product Xyz,0
1939,2025-04-22T02:39:19,Viewed Product.,0
2379,2025-01-02T08:25:06,Octane: Quiz Completed: Find The Perfect Eye Shadow   .,0
1225,2025-03-03T16:34:23,Unsubscribed,0
523,2025-04-22T01:45:15,Opened Email,0
376,2025-01-16T18:45:39,Order Placed,1
2041,2025-03-03T22:33:25,Blotout Viewed Product Xyz,1
487,2025-02-15T03:29:57,Placed Order,1
2371,2025-04-20T13:29:32,Order Placed,1
42,2025-04-27T14:48:06,Email Open,0
397,2025-04-25T01:04:10,Unsubscribed,0
554,2025-04-22T20:44:32,Blotout Viewed Product Xyz,0
2642,2025-01-04T09:17:30,Clicked Email,0
259,2025-02-18T13:34:41,Viewed Product.,0
2123,2025-03-14T10:32:47,Viewed Product.,0
2209,2025-04-21T17:13:31,SMS Sent,0
2477,2025-01-29T08:44:15,Octane: Quiz Completed: Find The Perfect Eye Shadow   .,0
886,2025-01-02T09:48:27,Viewed Product XYZ   ,0
1750,2025-02-17T20:57:00,SMS Sent,1
2465,2025-01-05T05:32:23,Order Placed,1
387,2025-04-10T15:20:55,Viewed Product XYZ   ,0
2598,2025-01-26T13:31:24,Email Open,0
2759,2025-01-28T15:40:10,Email Open,0
1094,2025-02-25T12:10:05,Email Open,0
2789,2025-03-25T17:59:33,Placed Order,1
2968,2025-01-19T17:30:49,Email Open,0
1249,2025-03-14T14:22:15,Clicked email link,0
700,2025-03-28T12:12:42,Black Crow Identified,0
867,2025-01-14T12:43:49,Clicked email to unsubscribe,0
1220,2025-02-11T09:07:21,Blotout Viewed Product Xyz,0
326,2025-01-10T23:04:12,Clicked email link,0
1704,2025-02-03T03:40:00,Active on Site,0
1368,2025-03-27T04:12:41,Black Crow Identified,0
1753,2025-02-14T10:21:58,Order Placed,1
1514,2025-02-01T20:38:46,Clicked Email,0
2454,2025-02-21T06:17:14,Clicked email to unsubscribe,0
712,2025-03-18T15:11:17,Placed Order,1
385,2025-02-02T05:43:13,Opened Email,1
9,2025-03-21T05:19:50,SMS Delivered,1
2084,2025-02-11T02:44:30,Octane: Quiz Completed: Find The Perfect Eye Shadow   .,0
554,2025-04-04T01:30:19,Blotout Viewed Product Xyz,0
1516,2025-02-16T12:46:31,Viewed Product XYZ   ,0
433,2025-04-29T08:49:48,Viewed Product.,0
849,2025-02-16T02:17:54,Opened Email,1
72,2025-03-24T07:44:46,Octane: Quiz Completed: Find The Perfect Eye Shadow   .,0
1406,2025-04-15T16:49:54,SMS Sent,0
33,2025-02-01T16:51:10,Clicked email to unsubscribe,0
2686,2025-03-23T21:09:58,Order Placed,1
1364,2025-03-04T19:20:27,Order Placed,1
1900,2025-04-29T18:52:21,Active on Site,0
881,2025-04-05T06:49:10,Octane: Quiz Completed: Find The Perfect Eye Shadow   .,0
1123,2025-01-10T12:13:43,Email Open,0
1497,2025-02-28T02:22:16,Clicked email to unsubscribe,0
696,2025-01-16T04:58:35,Clicked email to unsubscribe,0
379,2025-03-08T00:38:29,Opened Email,0
1681,2025-02-21T15:46:16,SMS Delivered,0
2399,2025-02-10T07:36:53,Active on Site,0
522,2025-02-24T13:58:05,Black Crow Identified,0
318,2025-04-09T09:35:00,Blotout Viewed Product Xyz,0
1719,2025-04-19T20:12:21,Unsubscribed,0
630,2025-01-07T14:00:09,Opened Email,0
2024,2025-01-06T11:39:10,Placed Order,1
1114,2025-01-04T01:17:33,Clicked email to unsubscribe,1
2129,2025-01-25T14:32:20,Unsubscribed,0
1781,2025-03-23T18:53:24,Viewed Product.,1
1711,2025-03-19T04:03:52,Email Open,0
1549,2025-03-26T21:43:38,Active on Site,0
2140,2025-03-10T21:35:29,Unsubscribed,1
493,2025-04-13T22:39:26,Octane: Quiz Completed: Find The Perfect Eye Shadow   .,0
1406,2025-01-28T06:44:47,Clicked Email,0
2037,2025-03-09T09:08:36,SMS Sent,0
357,2025-04-04T23:19:22,Clicked email link,0
1296,2025-01-28T06:28:58,Viewed Product XYZ   ,0
1302,2025-02-17T02:13:28,Black Crow Identified,0
1262,2025-02-22T04:26:19,Clicked email link,0
2140,2025-04-17T00:07:05,Unsubscribed,0
536,2025-04-04T01:30:58,Order Placed,1
2018,2025-02-05T20:37:16,Order Placed,1
1437,2025-04-07T07:06:11,Octane: Quiz Completed: Find The Perfect Eye Shadow   .,0
2850,2025-04-18T15:48:39,Octane: Quiz Completed: Find The Perfect Eye Shadow   .,0
2169,2025-04-06T04:33:16,Clicked email to unsubscribe,0
670,2025-01-13T19:38:12,Clicked email link,0
2653,2025-04-23T05:59:52,Viewed Product XYZ   ,0
1991,2025-02-23T16:40:18,Clicked email to unsubscribe,0
943,2025-01-24T07:04:15,Black Crow Identified,0
872,2025-01-16T01:31:22,Clicked email to unsubscribe,0
1288,2025-01-18T04:09:13,Placed Order,1
2368,2025-02-25T13:04:49,Placed Order,1
351,2025-03-27T20:04:28,Active on Site,0
2430,2025-04-17T08:42:19,Clicked email to unsubscribe,0
2627,2025-01-01T02:07:39,Blotout Viewed Product Xyz,0
1439,2025-03-02T11:02:28,Viewed Product XYZ   ,0
740,2025-01-12T00:13:42,Blotout Viewed Product Xyz,0
2458,2025-04-12T01:46:11,Clicked email to unsubscribe,0
1829,2025-03-12T15:18:50,Octane: Quiz Completed: Find The Perfect Eye Shadow   .,0
2581,2025-02-06T05:45:09,Order Placed,1
2390,2025-02-10T22:05:53,Blotout Viewed Product Xyz,0
2273,2025-04-25T00:40:46,SMS Delivered,0
1030,2025-01-26T03:08:44,Clicked email to unsubscribe,0
1367,2025-03-28T06:36:39,Clicked Email,0
706,2025-04-04T13:06:04,Clicked Email,0
826,2025-03-28T18:39:27,Viewed Product.,0
2487,2025-02-03T08:17:33,Active on Site,0
2035,2025-02-28T04:41:33,Blotout Viewed Product Xyz,0
2300,2025-04-05T22:19:41,Clicked email link,0
1903,2025-02-11T17:07:36,Clicked email to unsubscribe,0
519,2025-01-14T16:28:35,Email Open,0
2117,2025-02-09T02:37:18,Opened Email,1
1442,2025-03-30T20:31:32,Black Crow Identified,0
1472,2025-03-28T15:45:48,SMS Sent,0
1024,2025-03-28T00:33:23,Clicked email link,0
2818,2025-02-08T22:56:43,SMS Sent,0
2626,2025-01-05T02:13:15,Opened Email,0
2262,2025-03-18T00:42:17,Active on Site,0
1796,2025-02-09T22:49:56,Email Open,0
2206,2025-02-04T09:54:35,Clicked Email,0
1045,2025-01-28T06:23:32,Blotout Viewed Product Xyz,0
2619,2025-03-31T11:35:36,Viewed Product XYZ   ,0
167,2025-01-27T02:16:20,Unsubscribed,0
1377,2025-04-03T15:23:34,Clicked Email,0
2876,2025-01-14T04:13:32,Placed Order,1
1892,2025-04-02T07:21:47,Clicked email to unsubscribe,0
1069,2025-02-21T10:05:01,Octane: Quiz Completed: Find The Perfect Eye Shadow   .,0
891,2025-02-20T13:18:50,Blotout Viewed Product Xyz,0
2721,2025-03-10T00:57:04,Email Open,0
2574,2025-01-27T00:58:46,SMS Sent,0
413,2025-04-07T09:12:50,Octane: Quiz Completed: Find The Perfect Eye Shadow   .,0
40,2025-04-08T17:52:41,Unsubscribed,0
2208,2025-03-13T06:03:47,Email Open,0
1037,2025-04-02T23:37:31,SMS Delivered,0
2301,2025-04-25T16:35:19,Viewed Product.,0
1004,2025-03-15T00:55:16,Email Open,0
2148,2025-01-12T17:40:29,Octane: Quiz Completed: Find The Perfect Eye Shadow   .,1
989,2025-03-06T03:06:43,Active on Site,0
2502,2025-02-02T03:27:28,Clicked Email,0
2894,2025-03-26T18:23:09,Email Open,0
1729,2025-01-16T00:52:51,Opened Email,0
1735,2025-03-21T10:46:55,Black Crow Identified,0
1421,2025-01-14T16:54:51,Opened Email,0
2535,2025-03-01T08:42:35,SMS Delivered,0
91,2025-02-08T03:58:25,Viewed Product XYZ   ,0
2845,2025-01-02T09:20:53,Email Open,0
890,2025-01-07T17:18:11,Viewed Product XYZ   ,0
2058,2025-04-03T02:03:20,SMS Delivered,0
382,2025-04-15T00:39:18,Viewed Product.,1
570,2025-02-22T18:21:21,Black Crow Identified,0
1308,2025-01-13T05:26:15,Placed Order,1
2381,2025-04-08T15:25:32,Placed Order,1
501,2025-04-11T09:01:35,Order Placed,1
2081,2025-04-16T15:30:01,SMS Sent,0
312,2025-04-05T02:58:39,Opened Email,0
2019,2025-03-27T04:24:38,Email Open,0
1402,2025-01-14T20:30:45,Clicked email link,0
801,2025-02-23T01:47:51,Black Crow Identified,0
2253,2025-02-16T14:53:39,SMS Delivered,0
2863,2025-03-12T00:58:22,Opened Email,0
485,2025-04-08T06:36:46,Email Open,0
2476,2025-03-10T11:34:11,Viewed Product XYZ   ,0
2608,2025-01-07T14:37:17,SMS Delivered,0
1779,2025-04-19T23:12:28,Active on Site,0
732,2025-03-30T21:07:43,Active on Site,0
192,2025-02-07T10:53:40,Unsubscribed,0
1642,2025-02-17T17:04:40,Clicked Email,0
1039,2025-02-07T21:08:01,Blotout Viewed Product Xyz,0
2528,2025-02-17T21:12:08,Clicked email link,1
2008,2025-04-10T03:40:15,Clicked email to unsubscribe,0
2282,2025-02-27T16:05:30,Octane: Quiz Completed: Find The Perfect Eye Shadow   .,0
519,2025-02-15T10:44:38,Clicked email to unsubscribe,0
594,2025-03-21T02:55:58,Clicked email link,0
1694,2025-01-21T03:35:09,SMS Sent,0
102,2025-03-26T12:40:46,Active on Site,0
441,2025-03-26T15:25:36,Viewed Product XYZ   ,0
1877,2025-01-21T18:14:53,SMS Sent,0
790,2025-02-13T11:07:04,Black Crow Identified,0
2327,2025-01-13T10:39:21,Viewed Product.,0
1992,2025-03-17T16:17:54,Viewed Product.,0
156,2025-01-23T05:25:51,Active on Site,0
1510,2025-04-30T18:57:46,Order Placed,1
1473,2025-02-18T21:16:24,SMS Sent,0
1213,2025-01-19T00:17:45,Clicked email link,0
1175,2025-02-16T17:33:12,Viewed Product XYZ   ,0
929,2025-03-10T00:57:18,Active on Site,0
1098,2025-01-23T07:33:10,Clicked email to unsubscribe,0
107,2025-03-06T05:49:37,Placed Order,1
2858,2025-01-16T06:08:34,Clicked Email,0
1099,2025-01-21T17:35:12,Email Open,0
2884,2025-02-12T07:18:27,Octane: Quiz Completed: Find The Perfect Eye Shadow   .,0
115,2025-04-11T16:08:35,Clicked Email,0
15,2025-02-10T11:18:04,Email Open,0
1024,2025-01-09T18:09:07,Viewed Product.,1
2692,2025-02-08T14:13:16,Viewed Product.,0
2904,2025-01-22T02:33:03,Viewed Product.,0
597,2025-02-13T06:24:30,SMS Sent,0
2780,2025-02-14T12:44:20,Order Placed,1
1443,2025-03-11T19:02:38,Email Open,0
1228,2025-03-21T19:06:57,Placed Order,1
1820,2025-02-01T05:45:38,Clicked email link,0
687,2025-04-23T20:22:35,Clicked email link,0
1064,2025-04-09T16:05:40,Clicked Email,0
2093,2025-01-24T12:55:13,Viewed Product.,0
1242,2025-04-20T17:48:15,Viewed Product.,0
2826,2025-04-05T18:46:33,Placed Order,1
2397,2025-02-09T16:52:28,Black Crow Identified,0
191,2025-01-25T13:17:19,Viewed Product.,0
2440,2025-04-23T11:22:48,Clicked Email,0
2366,2025-01-25T14:53:45,Clicked email link,0
658,2025-01-24T09:01:16,Clicked email to unsubscribe,0
1327,2025-01-30T22:32:50,Viewed Product.,0
97,2025-02-01T11:03:34,Clicked email link,0
1058,2025-02-01T13:43:20,Viewed Product.,1
2229,2025-02-15T07:22:15,Email Open,0
2156,2025-03-22T01:46:28,SMS Sent,0
697,2025-04-03T19:34:07,SMS Delivered,0
1287,2025-04-01T02:45:11,Placed Order,1
539,2025-01-07T14:02:08,Opened Email,0
1186,2025-01-31T22:31:56,Clicked email to unsubscribe,0
2853,2025-02-03T21:00:17,Viewed Product XYZ   ,0
741,2025-02-23T15:06:56,Viewed Product XYZ   ,0
2409,2025-01-23T19:09:25,Clicked email to unsubscribe,1
436,2025-02-15T15:54:24,Placed Order,1
1955,2025-02-03T05:10:53,SMS Delivered,1
2723,2025-01-04T08:57:15,Clicked Email,1
2462,2025-03-20T21:55:30,Blotout Viewed Product Xyz,0
900,2025-03-26T05:49:23,Active on Site,0
2009,2025-01-13T02:21:48,SMS Delivered,0
2735,2025-02-25T07:38:13,Unsubscribed,0
1984,2025-03-29T21:27:46,SMS Delivered,0
1299,2025-01-03T03:51:48,Clicked email link,0
2840,2025-01-02T14:41:41,Viewed Product XYZ   ,0
1666,2025-03-21T20:10:40,Active on Site,0
862,2025-03-27T12:09:26,Opened Email,0
1461,2025-01-07T06:32:09,Black Crow Identified,0
2865,2025-02-15T14:24:05,SMS Sent,0
1260,2025-03-14T17:44:40,Clicked email to unsubscribe,0
1621,2025-03-13T18:07:08,Clicked email to unsubscribe,0
1708,2025-04-12T11:52:57,Clicked email link,0
1499,2025-03-05T10:17:46,SMS Sent,0
4,2025-04-27T05:45:19,Viewed Product XYZ   ,0
1301,2025-04-11T08:53:44,Clicked Email,0
2930,2025-04-16T10:30:24,Black Crow Identified,0
1625,2025-03-27T17:53:06,Viewed Product XYZ   ,0
1087,2025-03-21T04:14:51,Clicked email to unsubscribe,0
1869,2025-04-15T12:10:27,Viewed Product.,0
1711,2025-04-14T19:51:33,Blotout Viewed Product Xyz,0
1903,2025-04-01T14:16:08,SMS Sent,0
1016,2025-04-28T12:05:57,Active on Site,0
574,2025-04-18T09:26:13,Active on Site,0
62,2025-02-02T01:29:47,Black Crow Identified,0
2722,2025-02-15T20:07:12,Placed Order,1
2290,2025-03-23T15:44:18,Octane: Quiz Completed: Find The Perfect Eye Shadow   .,0
129,2025-01-26T23:46:58,Viewed Product.,0
1406,2025-04-15T06:23:54,Email Open,0
836,2025-03-28T19:11:06,Clicked Email,0
449,2025-01-14T17:07:35,Active on Site,0
481,2025-01-07T11:06:46,Active on Site,0
1268,2025-02-06T22:20:01,Blotout Viewed Product Xyz,0
1987,2025-02-11T02:52:47,Viewed Product XYZ   ,0
1531,2025-01-20T02:13:30,Clicked email to unsubscribe,0
1035,2025-03-12T01:34:30,SMS Sent,0
1498,2025-01-24T08:54:17,Viewed Product.,0
1589,2025-03-30T17:19:11,Viewed Product.,0
703,2025-02-27T23:29:02,Blotout Viewed Product Xyz,0
10,2025-03-22T07:19:11,Clicked Email,0
1647,2025-03-28T12:27:47,Active on Site,0
2096,2025-04-13T22:11:27,Clicked email to unsubscribe,0
1842,2025-01-16T13:48:15,Viewed Product XYZ   ,0
2694,2025-01-05T04:30:27,Octane: Quiz Completed: Find The Perfect Eye Shadow   .,0
2483,2025-01-13T03:42:35,Active on Site,0
1774,2025-03-02T23:18:58,Viewed Product.,0
172,2025-01-19T19:18:59,Order Placed,1
1459,2025-04-29T00:31:03,SMS Sent,0
2484,2025-03-01T16:55:51,Black Crow Identified,0
1982,2025-01-26T02:43:46,Opened Email,0
2245,2025-02-18T21:41:52,Unsubscribed,0
209,2025-04-08T08:50:36,Unsubscribed,0
2041,2025-02-05T14:21:13,Clicked Email,0
2820,2025-04-15T05:35:21,Opened Email,0
1345,2025-01-28T10:54:16,Placed Order,1
2172,2025-02-19T17:11:46,Clicked Email,0
1304,2025-02-17T09:51:16,SMS Sent,0
2329,2025-02-23T11:08:03,Order Placed,1
2100,2025-03-03T01:29:53,Viewed Product.,0
1484,2025-02-24T18:12:35,Placed Order,1
939,2025-01-06T21:16:38,Clicked Email,0
440,2025-02-03T01:09:01,Unsubscribed,0
2525,2025-04-22T06:45:17,Viewed Product XYZ   ,0
2777,2025-03-30T13:22:30,SMS Delivered,0
1840,2025-02-08T18:47:45,Email Open,0
2893,2025-01-08T10:08:16,Clicked email to unsubscribe,0
1691,2025-04-21T18:03:14,Email Open,0
533,2025-03-02T12:33:32,Clicked Email,0
2393,2025-04-08T22:17:33,Placed Order,1
80,2025-02-09T19:17:59,Octane: Quiz Completed: Find The Perfect Eye Shadow   .,0
2038,2025-03-21T03:49:19,Clicked email link,1
1362,2025-04-13T19:23:19,Black Crow Identified,0
1478,2025-04-03T22:15:18,Placed Order,1
2035,2025-04-23T21:26:16,Viewed Product.,0
861,2025-03-13T04:20:37,Placed Order,1
2041,2025-02-06T16:50:58,Clicked email link,0
809,2025-01-27T21:00:56,Viewed Product XYZ   ,0
1757,2025-04-16T19:32:20,Clicked Email,0
492,2025-03-19T10:06:22,Order Placed,1
2183,2025-03-24T06:24:40,Email Open,0
835,2025-01-22T07:20:53,Email Open,0
2530,2025-02-27T01:18:19,Email Open,0
881,2025-01-23T19:55:32,Viewed Product XYZ   ,0
2160,2025-01-27T03:48:07,Octane: Quiz Completed: Find The Perfect Eye Shadow   .,0
1649,2025-03-14T04:46:47,Black Crow Identified,0
833,2025-01-14T10:26:00,Clicked email link,1
1477,2025-01-01T23:08:27,Clicked Email,0
1745,2025-03-03T01:32:12,Clicked email to unsubscribe,0
1827,2025-01-17T12:24:48,Black Crow Identified,0
2633,2025-04-05T18:29:36,Clicked email link,0
2386,2025-04-10T15:54:18,SMS Delivered,0
2655,2025-03-23T08:55:06,Clicked email link,0
2356,2025-03-03T20:22:56,Opened Email,0
2260,2025-03-22T06:04:18,SMS Sent,0
1174,2025-02-19T14:37:08,Placed Order,1
2346,2025-02-08T09:13:11,Order Placed,1
2078,2025-01-06T05:52:08,Viewed Product.,0
2871,2025-02-26T22:01:16,SMS Delivered,0
1429,2025-02-05T14:29:26,Email Open,0
2341,2025-01-22T21:14:04,Order Placed,1
1874,2025-02-08T22:02:25,Active on Site,0
1926,2025-03-18T01:02:02,Clicked email link,0
1970,2025-01-14T04:31:35,Unsubscribed,0
1758,2025-04-28T03:13:15,SMS Delivered,0
1451,2025-03-05T17:40:36,Placed Order,1
1527,2025-04-05T07:48:26,Blotout Viewed Product Xyz,0
2070,2025-02-19T18:10:16,Viewed Product.,0
2591,2025-03-16T02:40:11,SMS Delivered,0
785,2025-02-24T10:42:53,Black Crow Identified,0
2794,2025-04-28T10:03:21,Viewed Product.,0
1820,2025-04-29T18:19:50,Email Open,0
2433,2025-01-05T12:46:45,SMS Delivered,0
2377,2025-04-23T19:05:40,Unsubscribed,0
2725,2025-01-15T00:21:46,Black Crow Identified,0
2587,2025-04-29T06:40:13,Opened Email,0
444,2025-04-01T03:23:26,Clicked email to unsubscribe,0
905,2025-03-23T18:20:43,Clicked Email,0
2112,2025-02-18T12:13:03,Clicked Email,0
2286,2025-03-29T05:51:55,SMS Sent,0
2130,2025-03-12T01:08:37,Email Open,0
899,2025-01-13T20:44:48,SMS Sent,0
698,2025-01-13T07:20:54,Blotout Viewed Product Xyz,0
335,2025-03-12T16:15:05,Clicked Email,0
1674,2025-01-31T15:07:26,Viewed Product.,0
1953,2025-01-18T13:47:03,Clicked email link,0
1568,2025-02-14T03:25:38,SMS Sent,0
1236,2025-04-24T23:36:56,Active on Site,0
1294,2025-04-09T18:52:00,Viewed Product.,0
1474,2025-03-31T16:02:30,Placed Order,1
2291,2025-02-07T01:57:13,Clicked Email,0
1215,2025-04-09T13:02:56,Email Open,0
330,2025-01-27T12:22:46,Viewed Product XYZ   ,0
2888,2025-03-28T10:49:46,Opened Email,0
890,2025-03-24T09:49:03,Active on Site,1
1359,2025-02-02T17:33:25,Active on Site,0
2397,2025-01-19T20:47:37,Blotout Viewed Product Xyz,1
1681,2025-02-07T20:22:37,Placed Order,1
2471,2025-03-15T01:40:31,Viewed Product XYZ   ,0
1937,2025-01-16T04:51:13,Blotout Viewed Product Xyz,0
688,2025-03-11T22:25:27,Octane: Quiz Completed: Find The Perfect Eye Shadow   .,0
2889,2025-02-01T04:46:25,SMS Sent,0
1015,2025-01-18T16:07:12,Viewed Product.,0
999,2025-01-21T16:02:43,Unsubscribed,0
663,2025-03-21T10:38:01,Opened Email,0
2670,2025-04-14T06:34:05,Email Open,0
1486,2025-02-25T06:56:04,Active on Site,0
2615,2025-01-30T22:25:15,Black Crow Identified,0
1341,2025-01-24T04:47:15,Octane: Quiz Completed: Find The Perfect Eye Shadow   .,0
1806,2025-03-02T11:40:06,Email Open,0
2494,2025-03-22T13:58:33,Black Crow Identified,0
1584,2025-01-14T15:22:39,Black Crow Identified,0
1703,2025-02-19T09:59:01,SMS Sent,0
907,2025-04-13T01:11:27,Active on Site,1
724,2025-03-08T16:37:07,Blotout Viewed Product Xyz,0
1198,2025-02-11T00:11:49,Viewed Product.,0
1756,2025-04-12T13:21:18,Blotout Viewed Product Xyz,0
535,2025-01-08T14:05:41,Viewed Product.,0
886,2025-01-26T08:55:11,Email Open,0
2696,2025-02-08T05:23:51,Clicked email to unsubscribe,1
1123,2025-04-30T01:09:11,SMS Delivered,0
1456,2025-03-06T06:54:09,Unsubscribed,0
479,2025-02-19T13:36:59,Opened Email,0
1037,2025-04-03T09:03:19,Viewed Product XYZ   ,0
2267,2025-02-18T17:37:01,Clicked Email,0
2043,2025-03-30T00:53:50,Clicked Email,0
737,2025-04-04T06:36:23,Blotout Viewed Product Xyz,0
2013,2025-03-13T00:02:33,Viewed Product.,0
2005,2025-04-27T22:32:58,Unsubscribed,0
1598,2025-04-25T19:42:53,Email Open,0
441,2025-02-02T19:31:47,Octane: Quiz Completed: Find The Perfect Eye Shadow   .,0
1284,2025-01-02T13:53:25,Viewed Product XYZ   ,0
304,2025-02-02T15:04:15,Order Placed,1
914,2025-01-10T17:08:49,Clicked Email,0
558,2025-02-28T15:26:34,Active on Site,1
2565,2025-04-04T10:58:43,Email Open,0
1833,2025-03-25T23:11:00,Unsubscribed,0
461,2025-01-18T16:32:40,Active on Site,0
2830,2025-03-21T01:07:14,Placed Order,1
671,2025-03-08T11:06:26,Unsubscribed,0
427,2025-03-27T23:03:14,Viewed Product XYZ   ,0
244,2025-02-09T00:06:04,Opened Email,0
187,2025-03-21T07:57:00,Black Crow Identified,0
2837,2025-03-07T02:36:46,Unsubscribed,1
1562,2025-02-20T20:31:27,Order Placed,1
841,2025-01-31T15:52:33,Placed Order,1
2753,2025-01-09T10:22:36,Clicked email link,1
2623,2025-04-05T15:45:58,Blotout Viewed Product Xyz,0
2567,2025-03-25T21:22:02,SMS Delivered,0
1578,2025-01-28T22:49:26,Blotout Viewed Product Xyz,0
2441,2025-01-21T01:55:12,Clicked Email,0
2885,2025-01-16T20:30:17,Active on Site,0
262,2025-04-23T01:13:15,Opened Email,0
162,2025-02-17T21:47:07,Order Placed,1
2568,2025-04-20T07:54:28,Viewed Product.,0
1476,2025-03-22T22:14:38,Viewed Product.,0
332,2025-01-26T18:16:46,Black Crow Identified,0
2495,2025-04-03T09:13:47,SMS Sent,0
2722,2025-01-20T00:44:38,Viewed Product.,0
192,2025-03-07T01:42:11,Unsubscribed,0
103,2025-01-28T03:43:34,Placed Order,1
2696,2025-04-09T18:12:29,Opened Email,0
2987,2025-01-16T20:57:52,Opened Email,0
2021,2025-01-15T14:45:44,Black Crow Identified,0
125,2025-04-17T14:25:43,SMS Delivered,0
204,2025-01-06T10:42:35,Blotout Viewed Product Xyz,0
1913,2025-04-15T23:33:42,Order Placed,1
1807,2025-04-18T02:06:32,SMS Delivered,0
2251,2025-02-28T01:16:21,Clicked email to unsubscribe,0
2583,2025-01-24T23:53:15,Opened Email,0
1697,2025-03-30T09:51:01,Placed Order,1
2326,2025-04-29T07:27:19,Blotout Viewed Product Xyz,0
1658,2025-01-06T17:27:17,Blotout Viewed Product Xyz,0
2755,2025-02-01T12:04:10,SMS Sent,0
1577,2025-04-10T00:15:51,SMS Sent,0
2016,2025-04-15T23:21:38,Black Crow Identified,0
1577,2025-04-29T08:53:15,Unsubscribed,0
1824,2025-01-03T05:48:31,Viewed Product.,0
936,2025-02-16T13:03:31,Order Placed,1
922,2025-03-14T04:07:44,SMS Sent,0
1296,2025-03-20T18:59:01,SMS Delivered,0
1735,2025-04-27T09:20:16,SMS Delivered,0
2991,2025-02-20T12:20:55,Black Crow Identified,0
55,2025-01-24T17:58:43,Clicked Email,0
887,2025-01-11T15:02:17,Unsubscribed,0
1273,2025-03-05T23:00:04,Active on Site,0
1497,2025-02-21T10:54:56,Unsubscribed,0
2656,2025-02-09T04:42:54,Viewed Product XYZ   ,0
1866,2025-03-19T22:40:14,Active on Site,0
2677,2025-04-25T11:05:41,Clicked Email,0
1569,2025-02-27T08:59:16,Octane: Quiz Completed: Find The Perfect Eye Shadow   .,0
1205,2025-04-28T16:41:51,Clicked email to unsubscribe,1
109,2025-01-23T22:17:57,Black Crow Identified,0
8,2025-04-21T08:37:12,Viewed Product XYZ   ,0
2445,2025-03-30T03:28:16,Unsubscribed,0
1319,2025-04-24T12:15:11,Viewed Product XYZ   ,0
2987,2025-04-20T06:26:27,Black Crow Identified,0
1875,2025-04-17T06:22:42,Active on Site,0
1782,2025-02-27T18:51:59,SMS Sent,0
305,2025-01-26T11:47:07,SMS Sent,0
609,2025-03-03T04:24:02,Email Open,0
2901,2025-04-09T22:39:11,Octane: Quiz Completed: Find The Perfect Eye Shadow   .,0
379,2025-03-21T01:21:07,Active on Site,0
2182,2025-03-09T01:00:27,Clicked email link,0
1149,2025-03-22T07:13:13,Viewed Product.,0
27,2025-04-24T19:21:14,SMS Sent,1
1173,2025-03-26T09:30:35,Opened Email,0
2898,2025-03-12T18:43:14,Clicked email to unsubscribe,0
442,2025-01-01T03:41:40,Order Placed,1
56,2025-02-26T12:30:36,Opened Email,1
466,2025-03-16T23:40:38,Placed Order,1
846,2025-01-22T09:51:32,Active on Site,0
2450,2025-04-23T02:43:28,Clicked email link,0
1764,2025-04-16T11:46:30,Viewed Product.,0
1280,2025-04-15T23:25:23,Clicked email link,0
486,2025-01-30T17:48:35,SMS Sent,0
2965,2025-04-22T02:47:25,Clicked email to unsubscribe,0
2935,2025-03-21T05:34:06,Viewed Product.,1
1804,2025-03-29T10:40:55,Clicked Email,0
233,2025-04-22T09:44:02,Placed Order,1
795,2025-03-26T04:05:11,Unsubscribed,0
2169,2025-02-18T22:58:42,Black Crow Identified,0
76,2025-04-21T03:25:59,Email Open,0
2477,2025-01-23T12:55:36,Viewed Product.,0
2407,2025-03-13T18:06:13,Order Placed,1
1203,2025-04-19T02:05:28,Placed Order,1
1126,2025-04-14T19:46:27,Viewed Product.,0
1609,2025-04-02T16:10:36,Order Placed,1
1335,2025-02-25T23:14:28,Viewed Product.,0
55,2025-04-20T21:49:50,Black Crow Identified,0
1515,2025-03-03T11:03:13,Opened Email,0
2963,2025-01-19T06:44:48,Clicked email to unsubscribe,0
246,2025-03-24T11:33:03,Placed Order,1
2981,2025-03-17T14:30:35,Placed Order,1
1463,2025-02-09T13:28:40,Clicked email link,0
264,2025-02-09T01:41:23,SMS Delivered,0
341,2025-01-28T21:15:41,Clicked email link,0
2674,2025-03-24T15:55:10,Email Open,0
745,2025-03-03T11:30:42,Octane: Quiz Completed: Find The Perfect Eye Shadow   .,0
723,2025-01-11T01:20:54,SMS Sent,0
2125,2025-04-27T08:45:17,Black Crow Identified,0
2551,2025-02-23T15:19:21,Clicked Email,0
2101,2025-01-08T22:02:26,Unsubscribed,0
2018,2025-03-09T01:10:07,Email Open,0
982,2025-04-29T23:33:03,Octane: Quiz Completed: Find The Perfect Eye Shadow   .,0
1074,2025-03-06T13:38:19,Email Open,0
749,2025-04-04T20:29:30,Viewed Product XYZ   ,0
1134,2025-01-15T06:54:30,Email Open,1
661,2025-01-01T13:40:58,Viewed Product XYZ   ,0
706,2025-01-26T10:40:18,Placed Order,1
2806,2025-04-28T06:10:40,SMS Delivered,0
957,2025-03-21T19:26:25,Blotout Viewed Product Xyz,0
1134,2025-02-10T18:56:11,SMS Sent,0
1021,2025-04-10T12:04:37,Email Open,0
1192,2025-03-20T02:03:59,Unsubscribed,0
577,2025-04-07T01:12:31,Blotout Viewed Product Xyz,0
2451,2025-03-04T17:37:04,SMS Delivered,0
1160,2025-03-28T16:49:00,Unsubscribed,0
1633,2025-03-06T17:23:13,Opened Email,1
1822,2025-03-12T13:53:19,Placed Order,1
1012,2025-02-24T19:32:26,Viewed Product.,0
381,2025-03-03T11:14:37,Viewed Product.,0
953,2025-02-12T10:16:25,Email Open,0
1689,2025-03-24T02:01:48,Viewed Product.,0
1976,2025-01-19T15:36:54,Active on Site,0
1539,2025-03-13T20:20:32,Order Placed,1
2166,2025-03-09T13:06:06,Octane: Quiz Completed: Find The Perfect Eye Shadow   .,0
2959,2025-01-05T03:00:44,Unsubscribed,0
2273,2025-02-15T10:23:51,Viewed Product XYZ   ,0
1734,2025-02-03T13:40:35,Email Open,0
1727,2025-04-25T07:49:57,Octane: Quiz Completed: Find The Perfect Eye Shadow   .,1
116,2025-03-26T06:10:47,Viewed Product.,0
2513,2025-02-13T02:30:43,Black Crow Identified,0
1966,2025-01-16T00:58:39,Unsubscribed,0
1943,2025-01-07T02:32:22,Viewed Product.,0
632,2025-03-02T13:09:18,Clicked email to unsubscribe,0
2554,2025-02-19T10:55:17,Order Placed,1
293,2025-03-31T17:10:03,Black Crow Identified,0
2680,2025-03-31T02:53:54,SMS Delivered,0
1000,2025-03-29T08:22:16,Order Placed,1
787,2025-01-30T15:39:16,Email Open,0
1178,2025-04-22T19:05:04,Email Open,0
2044,2025-02-19T03:03:22,Viewed Product.,0
182,2025-02-15T13:58:08,Clicked email link,0
647,2025-03-27T20:53:47,Placed Order,1
1962,2025-02-16T01:51:02,Viewed Product XYZ   ,0
2042,2025-03-25T09:22:21,SMS Sent,0
186,2025-01-30T18:06:26,Active on Site,0
181,2025-01-25T09:25:13,Viewed Product.,0
1717,2025-03-29T19:18:31,Blotout Viewed Product Xyz,0
1571,2025-04-12T02:34:30,Order Placed,1
953,2025-02-20T18:47:06,SMS Delivered,0
775,2025-01-17T03:39:46,Placed Order,1
494,2025-02-12T14:40:06,Viewed Product.,0
2031,2025-04-17T20:47:49,Placed Order,1
313,2025-01-30T07:55:56,Viewed Product.,0
1403,2025-01-17T01:29:28,Viewed Product.,1
2112,2025-01-09T16:07:07,Email Open,0
1052,2025-02-17T07:10:30,Active on Site,0
563,2025-04-02T11:50:32,SMS Delivered,0
453,2025-01-29T23:24:03,Active on Site,0
282,2025-04-18T04:19:43,SMS Delivered,0
1577,2025-02-17T17:33:59,Opened Email,0
826,2025-04-04T03:53:38,Viewed Product XYZ   ,0
1718,2025-01-28T12:22:29,Viewed Product.,0
1983,2025-01-23T23:54:53,Clicked email link,0
185,2025-03-23T16:38:30,SMS Delivered,0
2506,2025-03-27T11:12:08,Clicked Email,0
1623,2025-02-13T15:11:48,Clicked email to unsubscribe,0
1015,2025-01-19T08:32:44,Blotout Viewed Product Xyz,0
2414,2025-01-15T21:19:37,Octane: Quiz Completed: Find The Perfect Eye Shadow   .,0
458,2025-02-26T20:40:52,Opened Email,0
185,2025-03-09T14:25:30,Viewed Product XYZ   ,0
606,2025-01-27T11:38:13,Clicked email to unsubscribe,0
1040,2025-01-06T19:41:38,Placed Order,1
2879,2025-04-14T02:53:53,Order Placed,1
1628,2025-03-28T00:43:33,Order Placed,1
1659,2025-01-11T16:21:16,Active on Site,0
1954,2025-03-03T23:44:55,Blotout Viewed Product Xyz,0
2460,2025-04-16T12:49:38,Clicked email to unsubscribe,0
2403,2025-03-07T21:53:58,Unsubscribed,0
2839,2025-04-15T14:40:20,Viewed Product.,0
1351,2025-01-20T05:57:58,Unsubscribed,0
1690,2025-03-06T03:31:54,Viewed Product XYZ   ,0
470,2025-04-13T11:47:22,Opened Email,0
706,2025-03-07T05:14:00,Opened Email,0
2671,2025-02-19T10:56:56,Placed Order,1
2282,2025-03-19T03:42:24,SMS Sent,0
1599,2025-04-05T13:37:21,Clicked email link,0
522,2025-01-28T00:28:24,Opened Email,0
1780,2025-01-30T21:48:09,Opened Email,0
402,2025-04-10T14:46:33,SMS Sent,0
2364,2025-04-11T18:53:48,Black Crow Identified,0
1627,2025-01-26T08:29:36,Octane: Quiz Completed: Find The Perfect Eye Shadow   .,0
2024,2025-01-07T11:55:57,Order Placed,1
1181,2025-02-23T13:39:06,Active on Site,0
1785,2025-02-20T00:07:05,Viewed Product.,1
823,2025-02-14T06:21:55,Placed Order,1
2434,2025-02-02T13:26:34,SMS Sent,0
1578,2025-04-20T10:52:45,Clicked email link,0
1879,2025-04-03T15:19:39,Clicked email to unsubscribe,0
2518,2025-01-04T16:34:10,Clicked email link,0
1176,2025-01-10T07:37:04,Opened Email,0
1284,2025-02-07T05:01:26,SMS Sent,0
1866,2025-04-03T02:05:03,Octane: Quiz Completed: Find The Perfect Eye Shadow   .,0
1150,2025-03-15T10:12:14,Clicked email link,0
2973,2025-02-26T04:39:11,Email Open,0
977,2025-03-20T05:51:27,Order Placed,1
789,2025-03-19T23:17:38,Octane: Quiz Completed: Find The Perfect Eye Shadow   .,0
2843,2025-02-23T21:11:16,Unsubscribed,0
1952,2025-04-11T05:14:19,SMS Delivered,1
869,2025-01-26T04:40:49,Active on Site,0
862,2025-03-09T02:57:56,Clicked Email,0
1825,2025-03-24T03:11:38,Email Open,0
2481,2025-04-30T03:45:58,Viewed Product.,1
994,2025-04-03T23:58:32,Blotout Viewed Product Xyz,1
163,2025-01-18T04:07:49,Opened Email,0
1040,2025-01-30T00:35:41,Clicked email link,0
1414,2025-03-14T03:14:56,Viewed Product.,0
1157,2025-04-21T03:16:19,Clicked Email,0
1583,2025-02-14T04:41:23,Blotout Viewed Product Xyz,0
640,2025-04-02T23:14:50,Viewed Product XYZ   ,0
1969,2025-04-29T13:50:37,Octane: Quiz Completed: Find The Perfect Eye Shadow   .,1
636,2025-04-09T16:37:29,Unsubscribed,0
951,2025-01-03T00:35:39,SMS Delivered,0
1643,2025-04-01T16:42:22,Octane: Quiz Completed: Find The Perfect Eye Shadow   .,0
1421,2025-01-30T17:55:37,SMS Sent,0
780,2025-03-07T22:10:42,Blotout Viewed Product Xyz,0
313,2025-04-21T03:50:43,Active on Site,0
2691,2025-01-02T02:26:10,Active on Site,0
44,2025-01-18T22:08:07,Order Placed,1
1205,2025-01-27T09:32:07,Blotout Viewed Product Xyz,0
737,2025-02-05T15:59:48,SMS Sent,0
536,2025-01-14T13:40:59,Blotout Viewed Product Xyz,0
2324,2025-03-06T03:01:14,Email Open,0
2353,2025-01-29T07:52:10,Clicked Email,0
759,2025-02-18T01:24:59,Blotout Viewed Product Xyz,0
2307,2025-04-15T11:26:30,Clicked email to unsubscribe,0
1549,2025-04-14T06:29:27,SMS Delivered,0
2995,2025-02-12T09:28:05,Clicked Email,0
2966,2025-02-18T01:37:17,Black Crow Identified,0
1464,2025-04-23T18:08:59,Placed Order,1
2283,2025-04-25T12:42:55,Email Open,0
1873,2025-02-02T14:22:13,Clicked Email,0
2593,2025-03-02T16:20:24,Viewed Product XYZ   ,0
1755,2025-01-18T18:36:17,Unsubscribed,0
195,2025-03-01T07:24:30,Clicked email to unsubscribe,0
2135,2025-02-03T16:16:50,Blotout Viewed Product Xyz,0
2791,2025-02-10T09:00:05,Order Placed,1
2482,2025-03-09T14:32:03,Black Crow Identified,0
2586,2025-03-28T18:03:30,Opened Email,0
172,2025-04-28T18:22:23,SMS Delivered,0
2501,2025-01-01T11:04:49,Order Placed,1
2300,2025-04-03T07:10:27,Unsubscribed,0
2685,2025-04-11T02:07:07,Active on Site,0
813,2025-03-26T20:00:40,Placed Order,1
2899,2025-01-30T11:29:18,Black Crow Identified,0
517,2025-03-09T22:41:27,Order Placed,1
1381,2025-04-05T02:29:12,Octane: Quiz Completed: Find The Perfect Eye Shadow   .,0
1379,2025-01-24T03:01:41,Clicked Email,0
1886,2025-01-01T19:13:25,Placed Order,1
2223,2025-04-24T05:14:29,Placed Order,1
986,2025-02-09T01:15:27,Unsubscribed,0
563,2025-01-17T14:16:27,SMS Sent,0
923,2025-03-28T05:01:14,Clicked Email,0
185,2025-03-21T17:55:38,Email Open,0
1865,2025-01-07T23:36:04,SMS Sent,0
386,2025-04-28T16:38:44,Clicked email link,1
1088,2025-01-31T18:49:06,Email Open,0
2853,2025-02-26T05:27:42,Placed Order,1
330,2025-04-30T17:01:28,Placed Order,1
1700,2025-03-29T03:28:26,Order Placed,1
1371,2025-01-18T05:32:07,Viewed Product XYZ   ,0
512,2025-01-12T22:28:53,Clicked Email,0
589,2025-04-17T10:51:39,Opened Email,1
1787,2025-04-02T00:20:21,Email Open,0
48,2025-01-14T12:04:37,Viewed Product.,0
77,2025-02-19T12:16:48,Opened Email,0
1711,2025-01-27T11:34:28,Black Crow Identified,0
1551,2025-01-29T03:40:51,Viewed Product.,0
1535,2025-03-15T06:38:08,Active on Site,0
1089,2025-02-23T09:59:16,Black Crow Identified,1
1489,2025-04-16T03:06:55,Clicked email to unsubscribe,0
1751,2025-04-26T03:30:58,Clicked email to unsubscribe,0
114,2025-04-04T13:25:29,Blotout Viewed Product Xyz,0
2360,2025-03-09T00:06:32,Email Open,0
68,2025-02-15T05:45:36,Viewed Product XYZ   ,0
1740,2025-04-25T17:18:04,Clicked Email,0
728,2025-04-02T18:46:55,SMS Delivered,0
272,2025-01-07T17:52:57,Active on Site,0
2579,2025-02-09T19:37:23,Active on Site,0
1775,2025-04-09T15:25:48,Clicked Email,0
1250,2025-03-02T11:36:12,Clicked email to unsubscribe,0
1169,2025-03-30T00:43:50,Clicked email link,0
575,2025-03-24T13:43:36,Blotout Viewed Product Xyz,0
293,2025-04-27T20:28:48,Clicked email link,0
1165,2025-03-24T02:28:27,Black Crow Identified,0
1903,2025-02-28T11:45:33,Black Crow Identified,0
636,2025-01-28T06:56:02,Viewed Product.,0
1121,2025-01-14T07:09:00,Black Crow Identified,0
2267,2025-02-09T14:00:28,Placed Order,1
951,2025-03-11T07:01:20,Active on Site,0
468,2025-04-30T07:30:13,Clicked Email,0
2242,2025-03-04T00:51:21,Unsubscribed,0
1634,2025-01-30T22:51:37,Placed Order,1
1978,2025-03-29T05:28:25,Placed Order,1
321,2025-01-29T16:26:30,Opened Email,0
1545,2025-02-22T22:08:36,Unsubscribed,1
521,2025-02-10T15:39:21,Clicked email to unsubscribe,0
2474,2025-04-13T13:55:58,Active on Site,1
771,2025-01-06T12:24:25,SMS Delivered,0
2314,2025-03-07T13:15:36,Black Crow Identified,0
1282,2025-04-15T07:26:25,Octane: Quiz Completed: Find The Perfect Eye Shadow   .,0
184,2025-01-07T13:07:26,Active on Site,0
2423,2025-03-06T19:19:29,SMS Delivered,1
962,2025-03-07T14:48:24,Octane: Quiz Completed: Find The Perfect Eye Shadow   .,0
359,2025-04-10T00:45:20,Viewed Product.,1
602,2025-01-09T09:15:58,Clicked email link,0
1100,2025-01-04T14:02:16,Active on Site,0
240,2025-01-18T09:03:41,Blotout Viewed Product Xyz,0
673,2025-02-07T02:00:17,Black Crow Identified,0
344,2025-02-25T17:53:41,Black Crow Identified,0
2455,2025-04-01T07:20:18,Viewed Product.,0
2570,2025-04-07T00:26:41,Email Open,1
1784,2025-01-09T17:44:38,Black Crow Identified,0
627,2025-04-29T12:06:13,Unsubscribed,0
2589,2025-01-08T11:35:28,Placed Order,1
312,2025-04-18T20:39:18,Order Placed,1
1618,2025-01-09T17:35:35,Blotout Viewed Product Xyz,0
1028,2025-04-13T01:12:47,Octane: Quiz Completed: Find The Perfect Eye Shadow   .,0
293,2025-04-03T03:05:19,SMS Delivered,0
2060,2025-03-06T08:57:12,Unsubscribed,0
2706,2025-03-14T09:47:21,Active on Site,0
2324,2025-03-05T11:20:16,Active on Site,0
652,2025-01-30T19:03:21,SMS Delivered,0
1019,2025-02-02T06:02:43,Clicked email link,0
161,2025-02-25T21:17:01,Clicked Email,0
1753,2025-01-14T15:37:10,Octane: Quiz Completed: Find The Perfect Eye Shadow   .,0
1431,2025-03-02T06:29:06,SMS Delivered,0
1483,2025-02-01T12:15:07,Placed Order,1
1511,2025-03-14T03:39:15,Placed Order,1
2728,2025-04-02T08:58:59,Active on Site,0
1246,2025-02-22T09:56:02,Clicked email link,0
1534,2025-04-04T19:30:11,Email Open,0
1027,2025-03-22T23:18:20,SMS Delivered,0
2345,2025-04-07T08:37:33,Black Crow Identified,0
1915,2025-03-19T08:25:12,Black Crow Identified,0
1885,2025-02-22T11:35:14,Clicked email link,0
2667,2025-04-19T05:16:17,Unsubscribed,0
770,2025-01-18T05:47:46,Blotout Viewed Product Xyz,0
1691,2025-01-27T15:13:24,Active on Site,1
2986,2025-03-16T23:50:12,Blotout Viewed Product Xyz,0
1518,2025-01-08T10:26:46,Unsubscribed,0
541,2025-04-26T17:43:13,Clicked email to unsubscribe,0
2027,2025-03-05T09:03:31,SMS Sent,0
2947,2025-02-28T22:23:53,Viewed Product.,0
2878,2025-02-09T05:49:28,Blotout Viewed Product Xyz,0
1421,2025-01-20T03:29:39,Blotout Viewed Product Xyz,0
2613,2025-04-15T22:17:24,Placed Order,1
1780,2025-01-29T17:56:48,Clicked email to unsubscribe,1
178,2025-03-11T00:18:57,Active on Site,0
1820,2025-03-14T06:08:58,Clicked Email,0
1288,2025-01-29T16:56:44,Email Open,0
1646,2025-04-08T07:13:14,Clicked email to unsubscribe,0
2017,2025-04-05T18:57:58,Order Placed,1
1695,2025-03-04T00:42:21,Viewed Product XYZ   ,0
2497,2025-01-02T16:20:26,Viewed Product XYZ   ,0
911,2025-04-08T08:22:14,Viewed Product XYZ   ,0
449,2025-03-23T08:24:44,Placed Order,1
2583,2025-02-16T14:17:18,SMS Sent,0
1957,2025-01-02T22:11:35,Active on Site,0
2064,2025-04-26T23:41:34,Clicked email to unsubscribe,0
326,2025-02-25T01:11:49,SMS Delivered,0
1512,2025-02-09T06:37:53,Octane: Quiz Completed: Find The Perfect Eye Shadow   .,0
1954,2025-03-22T04:39:57,Order Placed,1
179,2025-03-04T11:09:03,SMS Delivered,0
2722,2025-02-05T04:34:31,Order Placed,1
2558,2025-04-06T14:32:17,Octane: Quiz Completed: Find The Perfect Eye Shadow   .,0
2668,2025-04-10T20:36:22,Unsubscribed,0
1409,2025-04-03T23:11:57,Octane: Quiz Completed: Find The Perfect Eye Shadow   .,0
1786,2025-01-04T04:22:31,Email Open,0
1784,2025-04-09T23:57:49,Octane: Quiz Completed: Find The Perfect Eye Shadow   .,0
2030,2025-04-06T23:15:10,Order Placed,1
1871,2025-03-29T23:11:17,Octane: Quiz Completed: Find The Perfect Eye Shadow   .,0
1155,2025-02-12T06:03:57,Opened Email,0
121,2025-02-20T16:08:27,Unsubscribed,1
1617,2025-03-01T05:02:17,Clicked email to unsubscribe,1
2176,2025-03-20T23:36:18,Email Open,0
1136,2025-04-01T05:18:35,Black Crow Identified,0
950,2025-02-14T04:33:52,Clicked email to unsubscribe,0
439,2025-01-14T17:01:23,SMS Sent,0
101,2025-03-05T06:20:42,Order Placed,1
251,2025-03-07T21:36:31,Active on Site,0
1812,2025-04-09T11:15:30,Placed Order,1
2075,2025-02-15T06:51:18,Blotout Viewed Product Xyz,0
710,2025-04-21T01:50:34,Viewed Product XYZ   ,0
932,2025-02-09T19:00:36,SMS Delivered,0
274,2025-04-07T17:12:51,Opened Email,0
2051,2025-01-18T20:19:15,SMS Sent,0
1706,2025-04-27T07:40:56,Opened Email,0
2745,2025-02-13T05:13:01,Placed Order,1
2841,2025-01-08T02:20:12,Order Placed,1
1828,2025-01-02T14:10:08,Order Placed,1
270,2025-04-11T16:33:53,Opened Email,0
2628,2025-04-05T05:51:23,Octane: Quiz Completed: Find The Perfect Eye Shadow   .,0
164,2025-03-09T10:16:04,Active on Site,0
1268,2025-02-12T15:46:47,Clicked Email,0
2766,2025-01-02T02:55:36,Blotout Viewed Product Xyz,0
2357,2025-02-05T12:41:01,Viewed Product.,0
772,2025-02-22T04:11:08,Email Open,0
2799,2025-02-27T07:44:55,Opened Email,0
2440,2025-02-13T14:15:00,Blotout Viewed Product Xyz,0
2470,2025-03-28T08:59:49,Viewed Product XYZ   ,1
1155,2025-04-04T13:25:53,Clicked Email,0
1302,2025-04-14T07:35:42,Clicked Email,0
2897,2025-04-27T01:51:08,SMS Sent,0
394,2025-04-02T11:32:30,Order Placed,1
2252,2025-04-04T19:06:02,Viewed Product XYZ   ,0
854,2025-02-23T16:05:26,Clicked email link,0
811,2025-02-05T13:27:11,Viewed Product.,1
674,2025-01-17T06:01:44,SMS Delivered,0
1992,2025-03-05T01:42:26,Placed Order,1
357,2025-01-10T10:26:42,Order Placed,1
1014,2025-03-22T15:26:12,SMS Sent,0
2983,2025-04-07T14:27:56,Viewed Product XYZ   ,0
1717,2025-02-21T08:00:09,Octane: Quiz Completed: Find The Perfect Eye Shadow   .,0
819,2025-02-02T07:52:10,Blotout Viewed Product Xyz,0
2146,2025-02-14T06:19:43,Active on Site,0
2503,2025-03-01T16:21:56,Active on Site,0
483,2025-01-27T01:23:03,SMS Delivered,0
2401,2025-04-24T16:17:05,Octane: Quiz Completed: Find The Perfect Eye Shadow   .,0
766,2025-01-18T13:08:01,Unsubscribed,0
506,2025-01-31T22:33:32,Black Crow Identified,0
2950,2025-03-14T10:53:45,Placed Order,1
578,2025-04-14T19:48:39,Black Crow Identified,0
118,2025-02-20T15:37:30,Opened Email,0
350,2025-04-13T13:41:25,SMS Delivered,0
894,2025-01-28T13:16:59,Unsubscribed,0
2488,2025-04-18T06:04:45,Unsubscribed,0
446,2025-02-10T00:14:53,Clicked Email,0
12,2025-02-08T13:39:56,Blotout Viewed Product Xyz,0
1806,2025-01-07T19:46:20,Email Open,1
2296,2025-02-27T03:57:01,Order Placed,1
2512,2025-04-15T04:30:08,Order Placed,1
1129,2025-01-24T04:50:36,SMS Delivered,0
619,2025-04-28T02:23:53,Opened Email,0
1751,2025-02-13T14:45:33,Blotout Viewed Product Xyz,0
2150,2025-02-17T17:34:06,Black Crow Identified,0
2217,2025-04-28T02:02:32,SMS Sent,0
2314,2025-04-05T23:59:12,Email Open,0
2680,2025-03-22T09:44:18,SMS Delivered,0
1899,2025-01-24T07:41:58,Order Placed,1
1229,2025-04-28T07:55:57,Unsubscribed,0
223,2025-04-21T23:54:41,Black Crow Identified,0
802,2025-02-10T22:48:41,Blotout Viewed Product Xyz,0
2551,2025-02-08T15:17:05,Black Crow Identified,0
1745,2025-02-19T19:41:59,Black Crow Identified,0
1003,2025-02-21T17:20:13,Black Crow Identified,0
1806,2025-03-29T16:08:12,Order Placed,1
2183,2025-01-07T01:05:23,Viewed Product XYZ   ,0
1204,2025-01-10T03:10:09,Opened Email,0
2923,2025-04-13T19:10:00,Active on Site,0
2406,2025-01-03T01:59:27,Clicked email link,0
562,2025-02-15T06:19:52,Unsubscribed,0
1975,2025-01-12T07:05:24,Clicked email to unsubscribe,1
1043,2025-01-12T02:08:24,Unsubscribed,0
295,2025-04-26T08:05:56,SMS Sent,0
2019,2025-01-07T20:18:48,Viewed Product.,0
2944,2025-01-13T04:57:02,Email Open,0
722,2025-01-23T07:15:16,Octane: Quiz Completed: Find The Perfect Eye Shadow   .,0
2169,2025-04-24T08:23:23,Unsubscribed,0
2161,2025-04-03T05:58:47,Clicked email to unsubscribe,0
2186,2025-02-12T20:05:29,Email Open,0
1086,2025-01-19T17:53:17,Clicked email to unsubscribe,0
357,2025-03-28T11:34:28,Active on Site,0
1336,2025-01-09T01:57:58,SMS Sent,0
617,2025-03-22T17:49:58,Email Open,0
682,2025-04-15T10:27:55,SMS Delivered,0
498,2025-02-07T13:48:25,Placed Order,1
1644,2025-03-29T05:29:48,Clicked email link,0
2594,2025-01-04T17:43:19,Black Crow Identified,0
2085,2025-04-10T23:54:17,Black Crow Identified,0
833,2025-04-02T10:03:08,SMS Sent,0
2449,2025-04-13T02:14:37,SMS Delivered,0
2755,2025-04-17T23:42:05,Order Placed,1
2510,2025-02-13T07:53:51,Viewed Product.,0
1692,2025-04-30T00:15:36,Unsubscribed,0
2046,2025-01-01T16:41:04,SMS Sent,0
1635,2025-01-10T14:22:08,SMS Sent,0
1732,2025-02-17T01:07:20,Blotout Viewed Product Xyz,0
1327,2025-02-07T18:46:26,SMS Sent,0
1334,2025-02-13T21:34:45,Clicked Email,1
374,2025-02-20T20:05:44,SMS Delivered,0
761,2025-04-11T07:27:56,Clicked email to unsubscribe,0
1007,2025-01-28T03:06:07,Black Crow Identified,0
1051,2025-02-08T10:16:01,Clicked email link,1
268,2025-02-14T03:17:00,Clicked email link,1
2880,2025-01-18T05:35:16,Email Open,0
687,2025-01-02T22:03:59,Clicked Email,0
972,2025-03-29T13:15:44,Viewed Product.,0
787,2025-04-14T12:04:41,Placed Order,1
1373,2025-02-27T20:51:20,Order Placed,1
1545,2025-02-20T23:37:43,Active on Site,0
2073,2025-04-12T16:57:46,Viewed Product.,0
1817,2025-03-12T11:27:26,Black Crow Identified,0
989,2025-02-22T10:47:24,Clicked Email,0
345,2025-01-06T10:14:50,Black Crow Identified,0
773,2025-03-19T07:06:53,Clicked email to unsubscribe,1
1946,2025-03-17T01:57:09,SMS Delivered,0
1675,2025-03-17T02:44:57,Placed Order,1
1334,2025-02-21T12:26:27,Unsubscribed,0
2948,2025-02-22T12:26:14,Clicked email to unsubscribe,0
1500,2025-01-12T07:17:27,Clicked email to unsubscribe,0
476,2025-04-18T01:48:58,Placed Order,1
2021,2025-04-21T13:40:43,Placed Order,1
723,2025-03-12T03:55:30,Viewed Product XYZ   ,0
283,2025-04-04T04:58:19,SMS Sent,0
1392,2025-03-03T03:44:16,Octane: Quiz Completed: Find The Perfect Eye Shadow   .,0
602,2025-03-30T02:38:56,Black Crow Identified,0
759,2025-03-08T05:21:27,Opened Email,0
1783,2025-01-09T04:36:53,Octane: Quiz Completed: Find The Perfect Eye Shadow   .,0
1560,2025-01-25T15:33:36,Viewed Product XYZ   ,1
2562,2025-01-27T17:36:22,Viewed Product XYZ   ,0
1858,2025-04-07T17:19:47,Viewed Product XYZ   ,0
1234,2025-03-09T12:47:19,Clicked Email,0
2023,2025-01-01T15:04:22,Placed Order,1
1324,2025-04-02T17:15:35,Opened Email,0
812,2025-02-17T11:05:14,Unsubscribed,1
1214,2025-04-12T05:56:25,SMS Sent,0
1290,2025-03-15T09:58:59,Black Crow Identified,1
2632,2025-03-24T14:42:49,Active on Site,0
1882,2025-01-24T07:17:06,SMS Delivered,0
1460,2025-04-25T14:19:09,Blotout Viewed Product Xyz,0
1317,2025-04-12T22:40:43,Opened Email,1
818,2025-01-16T17:24:31,Active on Site,0
2707,2025-03-05T07:51:59,Octane: Quiz Completed: Find The Perfect Eye Shadow   .,0
725,2025-01-11T15:28:25,Clicked email to unsubscribe,0
2224,2025-03-07T15:21:57,SMS Delivered,0
1978,2025-03-18T11:12:56,Viewed Product.,0
2035,2025-01-03T17:24:40,Clicked email to unsubscribe,0
2830,2025-03-30T20:32:47,SMS Delivered,0
1616,2025-04-04T20:23:52,Octane: Quiz Completed: Find The Perfect Eye Shadow   .,0
1322,2025-02-16T09:17:54,Order Placed,1
1733,2025-04-27T05:29:37,Placed Order,1
1881,2025-03-30T20:36:44,Active on Site,0
2722,2025-04-13T23:03:15,SMS Sent,0
1430,2025-04-15T11:44:19,Active on Site,0
485,2025-03-03T04:39:11,Clicked Email,0
460,2025-04-14T16:41:16,SMS Delivered,0
1646,2025-01-11T00:05:36,Active on Site,0
794,2025-03-16T07:31:31,Unsubscribed,0
1575,2025-02-19T12:36:15,Clicked email to unsubscribe,0
1031,2025-04-12T22:11:48,Blotout Viewed Product Xyz,0
2666,2025-04-20T09:31:37,Unsubscribed,0
2480,2025-04-30T09:09:40,Clicked email link,0
48,2025-04-11T15:01:10,Clicked email link,0
62,2025-03-17T18:21:20,Placed Order,1
510,2025-02-03T07:18:49,Placed Order,1
1691,2025-02-18T00:39:58,Placed Order,1
2483,2025-03-25T09:55:47,Clicked email link,0
1551,2025-01-31T21:27:54,Clicked email to unsubscribe,0
764,2025-01-03T04:03:15,Black Crow Identified,0
2201,2025-04-04T04:52:50,Placed Order,1
1032,2025-04-04T00:14:14,Order Placed,1
1117,2025-02-18T06:15:22,Viewed Product.,0
2119,2025-04-19T10:25:03,Email Open,0
2297,2025-04-01T00:56:57,Email Open,0
1490,2025-02-02T02:32:57,Viewed Product XYZ   ,0
691,2025-01-31T16:18:27,Blotout Viewed Product Xyz,0
1723,2025-04-06T21:10:56,SMS Delivered,0
1307,2025-04-04T18:40:54,Active on Site,0
98,2025-03-12T01:38:36,Clicked email link,0
714,2025-04-03T09:47:29,Unsubscribed,0
47,2025-01-15T16:06:21,Clicked Email,0
99,2025-01-22T03:50:09,Clicked email link,1
186,2025-01-08T15:41:05,Active on Site,0
2122,2025-03-04T08:49:28,Octane: Quiz Completed: Find The Perfect Eye Shadow   .,0
1326,2025-03-27T06:34:09,Clicked email link,0
2016,2025-02-19T22:33:16,Octane: Quiz Completed: Find The Perfect Eye Shadow   .,0
2591,2025-01-17T14:36:25,Viewed Product.,0
1173,2025-01-13T13:55:29,SMS Delivered,0
2309,2025-03-27T12:11:44,Viewed Product XYZ   ,0
2564,2025-02-21T23:12:44,Opened Email,0
873,2025-03-20T07:28:44,Viewed Product.,0
169,2025-02-21T19:08:13,Email Open,0
2164,2025-03-14T21:15:01,Placed Order,1
573,2025-02-20T16:48:10,Viewed Product XYZ   ,0
508,2025-02-16T20:30:05,Placed Order,1
2041,2025-01-07T05:22:58,Opened Email,0
260,2025-03-26T21:15:55,Email Open,0
2861,2025-03-14T22:39:28,Black Crow Identified,0
1870,2025-04-12T18:52:35,Clicked email link,0
635,2025-04-27T08:48:09,Clicked email to unsubscribe,0
2529,2025-04-25T12:49:12,Unsubscribed,0
1831,2025-04-12T03:32:35,Blotout Viewed Product Xyz,0
2650,2025-04-13T12:25:39,Opened Email,0
2974,2025-04-08T06:32:13,Unsubscribed,0
2390,2025-04-15T05:06:44,Order Placed,1
1125,2025-03-26T07:56:10,Clicked Email,0
306,2025-01-27T15:57:23,SMS Delivered,0
1747,2025-02-09T21:55:03,Clicked Email,0
1227,2025-02-16T07:18:05,Viewed Product.,0
263,2025-03-13T20:16:05,Email Open,0
437,2025-02-05T13:10:53,Clicked email link,0
657,2025-02-07T08:25:23,Blotout Viewed Product Xyz,0
35,2025-02-01T01:32:35,Placed Order,1
1809,2025-03-16T05:46:44,Viewed Product XYZ   ,0
354,2025-03-05T00:29:32,Email Open,0
1127,2025-04-25T13:53:15,Order Placed,1
2813,2025-03-13T11:14:20,Clicked email to unsubscribe,1
1342,2025-04-28T12:15:56,Blotout Viewed Product Xyz,0
2918,2025-03-27T16:53:06,Clicked Email,0
1114,2025-04-07T02:56:20,Opened Email,0
2941,2025-01-21T05:08:18,Clicked email to unsubscribe,0
2204,2025-03-08T08:49:22,Viewed Product.,1
1944,2025-02-19T00:49:23,Clicked Email,0
258,2025-02-23T08:35:38,Email Open,0
2214,2025-04-17T08:24:17,Email Open,0
774,2025-01-08T23:59:12,Opened Email,0
2463,2025-02-24T15:30:50,Clicked email to unsubscribe,0
894,2025-04-27T00:07:39,Viewed Product XYZ   ,0
653,2025-02-01T05:07:28,Octane: Quiz Completed: Find The Perfect Eye Shadow   .,0
1394,2025-03-19T17:07:28,Viewed Product.,0
588,2025-01-19T05:52:07,Order Placed,1
2114,2025-02-18T08:09:14,Active on Site,0
954,2025-01-08T22:15:05,Active on Site,0
399,2025-03-07T05:52:58,Clicked email to unsubscribe,1
2844,2025-02-18T13:05:13,SMS Delivered,0
587,2025-01-08T14:53:43,Viewed Product.,0
361,2025-02-10T20:27:22,Unsubscribed,0
242,2025-03-23T02:24:54,SMS Delivered,0
404,2025-04-26T03:55:24,Active on Site,0
1312,2025-01-28T13:59:21,Blotout Viewed Product Xyz,0
1685,2025-02-05T12:31:00,Active on Site,0
2782,2025-01-24T11:50:22,Order Placed,1
2672,2025-03-17T21:53:27,SMS Sent,1
2776,2025-03-27T03:17:11,SMS Sent,0
1160,2025-04-18T03:55:37,Viewed Product.,0
1692,2025-02-10T15:54:11,SMS Sent,0
196,2025-03-13T13:15:48,Viewed Product.,0
2226,2025-02-13T23:54:25,Blotout Viewed Product Xyz,0
932,2025-02-26T01:12:33,Clicked email link,0
2614,2025-04-28T06:53:14,Active on Site,0
1767,2025-01-01T10:29:59,SMS Sent,0
447,2025-02-26T18:46:25,Clicked email to unsubscribe,0
1814,2025-01-25T07:50:26,Unsubscribed,0
7,2025-01-06T16:20:22,Order Placed,1
667,2025-01-16T19:27:46,Octane: Quiz Completed: Find The Perfect Eye Shadow   .,0
1385,2025-03-21T17:32:41,SMS Delivered,0
2622,2025-02-07T04:45:41,Clicked email to unsubscribe,0
1975,2025-04-06T19:21:47,Email Open,0
189,2025-02-21T15:34:58,Blotout Viewed Product Xyz,0
541,2025-03-11T16:57:18,Clicked email link,0
605,2025-01-19T23:44:21,Clicked Email,1
253,2025-04-06T21:19:09,Viewed Product.,0
1506,2025-03-22T13:38:57,Active on Site,0
1764,2025-04-22T13:58:48,Octane: Quiz Completed: Find The Perfect Eye Shadow   .,0
1849,2025-01-12T11:52:33,Clicked Email,0
1940,2025-01-22T00:02:07,Placed Order,1
418,2025-01-25T07:00:31,Email Open,0
2402,2025-01-07T15:03:10,Blotout Viewed Product Xyz,0
164,2025-04-01T16:18:08,Active on Site,0
628,2025-02-11T22:01:15,Clicked email link,0
439,2025-02-08T10:39:12,Octane: Quiz Completed: Find The Perfect Eye Shadow   .,0
2472,2025-03-14T23:20:24,Octane: Quiz Completed: Find The Perfect Eye Shadow   .,0
1919,2025-03-04T16:44:48,SMS Sent,0
1744,2025-03-07T21:04:21,Viewed Product.,0
515,2025-03-06T16:11:21,SMS Delivered,0
310,2025-04-06T23:07:17,Opened Email,0
1569,2025-03-31T00:19:50,Email Open,0
622,2025-02-04T11:59:47,SMS Sent,0
2009,2025-03-13T23:08:19,Viewed Product XYZ   ,0
1127,2025-04-07T15:48:23,Viewed Product XYZ   ,0
298,2025-01-24T04:59:00,Viewed Product.,0
303,2025-04-28T06:27:37,Octane: Quiz Completed: Find The Perfect Eye Shadow   .,0
742,2025-04-10T16:26:38,SMS Delivered,0
1684,2025-04-20T03:43:53,Clicked Email,0
289,2025-01-27T14:48:20,Clicked email link,0
2301,2025-02-26T23:37:58,Unsubscribed,0
652,2025-02-04T23:56:37,Placed Order,1
1635,2025-04-12T02:24:58,Black Crow Identified,0
1752,2025-01-27T15:45:34,SMS Sent,0
1826,2025-02-23T04:46:53,SMS Sent,0
2973,2025-04-02T02:53:53,Unsubscribed,0
312,2025-02-21T04:05:12,Opened Email,0
1808,2025-02-26T00:29:03,Viewed Product.,0
2837,2025-02-14T21:34:28,Octane: Quiz Completed: Find The Perfect Eye Shadow   .,0
2038,2025-02-26T06:10:31,Placed Order,1
715,2025-01-31T15:33:57,Clicked email link,0
1920,2025-01-16T17:50:21,SMS Sent,0
2213,2025-03-21T13:05:30,Viewed Product.,0
2609,2025-01-02T02:27:38,Black Crow Identified,0
2725,2025-01-28T17:39:58,Viewed Product XYZ   ,0
173,2025-03-16T01:54:18,Viewed Product XYZ   ,0
1761,2025-01-11T12:52:16,Clicked email link,0
516,2025-03-06T12:47:12,Blotout Viewed Product Xyz,0
2748,2025-03-02T01:08:05,Unsubscribed,0
218,2025-04-04T15:44:15,Placed Order,1
2438,2025-01-28T01:46:20,Placed Order,1
1122,2025-04-28T07:04:07,Unsubscribed,0
1632,2025-04-05T02:41:53,Order Placed,1
434,2025-02-05T04:11:03,Opened Email,0
1387,2025-02-17T16:33:30,Unsubscribed,0
2637,2025-01-29T18:56:22,Viewed Product.,0
1664,2025-03-20T19:56:20,Email Open,0
1593,2025-01-26T08:38:07,Viewed Product XYZ   ,0
2920,2025-03-06T09:03:19,Octane: Quiz Completed: Find The Perfect Eye Shadow   .,0
2690,2025-01-05T23:30:13,Unsubscribed,0
2475,2025-04-27T04:14:15,Placed Order,1
31,2025-03-03T10:45:40,Viewed Product XYZ   ,0
226,2025-02-06T23:59:07,Clicked email link,0
719,2025-01-21T21:47:03,SMS Delivered,0
2068,2025-01-07T18:08:23,Viewed Product XYZ   ,0
1340,2025-02-11T16:00:50,Octane: Quiz Completed: Find The Perfect Eye Shadow   .,0
308,2025-02-18T18:21:35,Unsubscribed,0
2486,2025-02-12T06:52:15,Order Placed,1
2033,2025-02-21T05:16:13,Viewed Product.,0
1263,2025-04-28T02:52:27,Active on Site,0
2789,2025-04-28T18:41:31,Unsubscribed,0
2727,2025-02-05T14:15:12,Email Open,0
272,2025-01-01T22:49:57,Clicked Email,0
2530,2025-01-11T09:58:33,Clicked Email,0
2199,2025-01-06T04:23:10,Clicked email to unsubscribe,0
1514,2025-01-13T01:41:53,Clicked email to unsubscribe,0
2507,2025-01-19T05:16:33,SMS Delivered,0
230,2025-04-12T01:22:17,Blotout Viewed Product Xyz,0
1528,2025-03-14T02:23:00,Clicked email link,0
1120,2025-03-03T23:06:39,Order Placed,1
2018,2025-03-24T07:51:18,Clicked email to unsubscribe,0
1864,2025-04-20T12:18:35,Black Crow Identified,0
520,2025-01-20T13:33:30,Blotout Viewed Product Xyz,0
2864,2025-02-26T03:16:16,Order Placed,1
505,2025-01-01T02:56:08,Email Open,0
2475,2025-04-23T00:00:51,Blotout Viewed Product Xyz,0
302,2025-01-05T18:29:15,Black Crow Identified,0
629,2025-03-22T06:01:34,Opened Email,0
705,2025-03-12T11:57:33,SMS Sent,0
867,2025-01-01T04:46:18,Clicked email link,1
1542,2025-02-01T02:41:00,Black Crow Identified,0
1532,2025-02-06T10:04:30,Placed Order,1
2011,2025-02-05T21:36:44,Clicked Email,0
959,2025-03-23T09:55:21,Clicked email link,0
596,2025-01-02T17:12:17,Clicked Email,0
488,2025-03-13T19:07:18,Active on Site,0
2873,2025-01-03T21:09:01,Viewed Product XYZ   ,0
1025,2025-02-18T02:59:53,Order Placed,1
8,2025-03-16T01:02:24,Viewed Product XYZ   ,0
2146,2025-01-18T22:50:55,Placed Order,1
1359,2025-01-25T15:55:15,Blotout Viewed Product Xyz,0
1847,2025-01-13T01:47:06,Clicked email to unsubscribe,0
2171,2025-01-07T16:28:20,Octane: Quiz Completed: Find The Perfect Eye Shadow   .,0
2908,2025-01-06T09:55:48,Clicked Email,0
897,2025-04-04T01:21:20,Unsubscribed,0
125,2025-02-21T11:49:50,Clicked Email,1
2377,2025-03-03T22:08:31,SMS Delivered,0
1970,2025-03-02T16:48:43,Active on Site,0
252,2025-04-12T20:05:31,Viewed Product.,0
2196,2025-02-14T12:04:53,Viewed Product XYZ   ,0
1235,2025-03-14T18:32:03,Placed Order,1
2957,2025-01-22T19:40:10,Email Open,0
2590,2025-04-25T04:11:11,SMS Delivered,0
1518,2025-01-12T02:29:01,Black Crow Identified,0
2344,2025-03-19T08:11:08,Clicked email link,0
2491,2025-01-31T05:49:41,Viewed Product XYZ   ,0
1619,2025-04-24T09:56:13,Black Crow Identified,0
1647,2025-02-12T10:19:33,SMS Sent,0
568,2025-04-16T17:20:37,Clicked email link,0
1520,2025-02-25T21:46:03,Clicked email to unsubscribe,0
1622,2025-03-19T14:36:58,Active on Site,0
1022,2025-01-13T02:58:39,Order Placed,1
2595,2025-02-27T11:35:49,SMS Sent,0
2076,2025-04-04T13:33:43,Placed Order,1
1772,2025-03-08T12:58:38,Unsubscribed,0
1955,2025-04-03T09:43:20,Viewed Product.,0
1772,2025-03-07T21:50:35,Opened Email,0
2735,2025-04-05T02:14:51,Black Crow Identified,0
2644,2025-01-07T14:00:45,SMS Delivered,0
1854,2025-01-17T20:08:23,Viewed Product XYZ   ,0
1106,2025-04-06T08:13:07,SMS Delivered,0
662,2025-03-02T15:33:42,Opened Email,0
230,2025-02-25T03:04:08,SMS Delivered,0
2084,2025-03-31T06:00:03,Clicked email link,0
2028,2025-04-12T20:11:39,Blotout Viewed Product Xyz,0
1019,2025-03-30T10:14:36,Placed Order,1
1666,2025-04-11T03:44:05,SMS Delivered,0
87,2025-03-22T20:35:18,SMS Delivered,0
992,2025-02-02T16:40:01,Clicked Email,0
2899,2025-03-11T21:46:45,Unsubscribed,0
836,2025-04-10T20:57:05,Active on Site,0
13,2025-01-12T06:39:08,Clicked Email,0
1530,2025-01-24T22:05:06,Clicked Email,0
1117,2025-03-28T12:27:26,SMS Sent,0
1494,2025-04-06T05:30:41,Clicked Email,0
2351,2025-04-30T18:01:49,Opened Email,0
837,2025-04-10T20:00:13,Black Crow Identified,0
2762,2025-02-18T09:23:46,SMS Delivered,0
1977,2025-01-14T11:15:45,Blotout Viewed Product Xyz,0
906,2025-04-01T14:21:51,SMS Delivered,0
2473,2025-04-21T13:46:56,Viewed Product XYZ   ,0
317,2025-02-12T07:56:11,Blotout Viewed Product Xyz,0
2356,2025-03-13T03:22:25,Viewed Product XYZ   ,0
685,2025-01-16T22:42:32,Placed Order,1
1938,2025-02-09T08:34:41,Clicked email to unsubscribe,0
2049,2025-04-04T08:44:56,Opened Email,0
2289,2025-01-16T19:29:10,Viewed Product.,0
2314,2025-04-14T04:06:44,Email Open,0
1811,2025-04-11T03:59:09,Clicked email to unsubscribe,0
1911,2025-04-06T00:40:51,Black Crow Identified,0
2336,2025-02-20T14:55:39,Email Open,0
378,2025-04-06T22:19:25,Opened Email,0
448,2025-01-07T18:16:10,Viewed Product.,0
2097,2025-01-18T20:32:20,Active on Site,0
355,2025-02-18T06:17:15,Order Placed,1
1237,2025-01-25T05:37:54,SMS Delivered,0
2359,2025-01-07T06:37:05,Black Crow Identified,0
1140,2025-02-04T23:28:19,Clicked email link,0
1488,2025-03-07T15:35:35,Viewed Product XYZ   ,0
313,2025-02-24T17:43:15,Unsubscribed,0
1366,2025-04-27T06:02:17,Clicked email link,0
1752,2025-01-15T15:35:51,Blotout Viewed Product Xyz,0
1652,2025-01-12T22:39:54,Viewed Product.,0
1927,2025-01-08T00:47:27,Order Placed,1
2378,2025-04-19T04:40:34,Opened Email,0
2248,2025-02-14T04:20:45,SMS Sent,0
1640,2025-04-25T23:11:44,Black Crow Identified,1
542,2025-03-15T07:14:07,Email Open,0
365,2025-03-27T08:27:15,SMS Sent,0
2295,2025-01-27T02:20:06,Active on Site,0
1873,2025-01-29T16:26:24,Unsubscribed,0
2120,2025-01-09T20:46:12,Email Open,0
2062,2025-03-30T08:18:41,Viewed Product XYZ   ,0
1154,2025-01-06T22:57:04,SMS Sent,0
707,2025-03-25T18:26:15,Black Crow Identified,0
2074,2025-02-14T05:52:20,Clicked email link,0
1844,2025-01-20T12:59:57,Order Placed,1
1078,2025-03-16T09:51:26,Viewed Product XYZ   ,0
2072,2025-02-16T01:28:33,Email Open,0
2277,2025-02-14T07:26:00,Blotout Viewed Product Xyz,0
1039,2025-01-22T15:15:29,Clicked email link,0
509,2025-02-11T15:26:15,SMS Delivered,0
362,2025-02-18T10:41:13,SMS Sent,0
2778,2025-03-25T04:41:18,Clicked email to unsubscribe,0
1314,2025-02-26T11:06:11,SMS Sent,0
2755,2025-01-06T18:17:06,Opened Email,0
934,2025-01-16T12:57:29,Unsubscribed,0
1860,2025-01-15T10:59:44,Viewed Product.,0
1528,2025-01-26T12:05:49,Blotout Viewed Product Xyz,0
106,2025-01-24T11:50:16,Black Crow Identified,0
1549,2025-02-21T12:18:29,Blotout Viewed Product Xyz,0
306,2025-02-23T11:14:42,Clicked email to unsubscribe,0
432,2025-01-23T09:19:57,Email Open,0
301,2025-03-19T12:00:39,SMS Delivered,0
1390,2025-03-27T16:19:04,SMS Delivered,0
318,2025-04-21T06:42:59,Opened Email,0
829,2025-01-12T12:28:01,Active on Site,0
499,2025-02-17T11:04:36,SMS Sent,0
746,2025-04-01T17:11:57,Viewed Product.,0
2172,2025-03-25T17:10:08,Unsubscribed,0
607,2025-04-23T18:05:55,SMS Delivered,0
2728,2025-01-19T21:41:02,Black Crow Identified,0
468,2025-02-23T20:27:15,Unsubscribed,0
1072,2025-03-29T23:52:34,Black Crow Identified,0
2989,2025-02-16T21:03:54,Viewed Product.,0
2901,2025-04-29T04:20:56,Viewed Product.,0
2738,2025-01-20T00:42:04,Black Crow Identified,0
1049,2025-02-25T21:35:07,Clicked email link,0
256,2025-02-04T10:08:04,Opened Email,0
2726,2025-03-19T12:41:18,Blotout Viewed Product Xyz,0
2241,2025-01-01T15:09:15,Viewed Product XYZ   ,0
2317,2025-03-10T18:44:13,Octane: Quiz Completed: Find The Perfect Eye Shadow   .,0
2150,2025-04-18T21:02:34,Black Crow Identified,0
1972,2025-02-17T23:36:08,Viewed Product.,0
1271,2025-01-27T22:20:20,Clicked email link,0
1173,2025-04-29T00:11:09,Black Crow Identified,1
2400,2025-01-12T22:13:39,Unsubscribed,0
1231,2025-01-05T16:43:21,SMS Sent,0
1841,2025-01-30T10:42:15,Order Placed,1
2065,2025-02-16T09:16:46,Octane: Quiz Completed: Find The Perfect Eye Shadow   .,0
724,2025-02-06T03:31:44,Octane: Quiz Completed: Find The Perfect Eye Shadow   .,0
898,2025-01-29T05:39:33,Clicked Email,0
151,2025-03-10T23:36:47,Viewed Product XYZ   ,0
752,2025-03-09T10:59:35,Clicked Email,0
286,2025-03-11T18:44:59,Email Open,0
2008,2025-01-18T17:41:40,SMS Delivered,0
1469,2025-03-14T05:39:35,Clicked email link,0
480,2025-02-04T13:48:45,Viewed Product XYZ   ,1
1010,2025-04-25T08:21:30,SMS Sent,0
2280,2025-01-18T15:40:18,Unsubscribed,0
851,2025-01-26T17:45:11,Email Open,0
1307,2025-03-03T11:27:03,Clicked Email,0
1665,2025-01-19T02:16:21,Order Placed,1
2726,2025-04-25T08:49:31,Email Open,0
648,2025-03-27T18:18:24,Placed Order,1
894,2025-01-15T16:11:44,SMS Sent,0
2016,2025-01-15T18:36:49,Blotout Viewed Product Xyz,0
717,2025-01-16T13:08:52,Blotout Viewed Product Xyz,0
1483,2025-02-14T03:35:37,Active on Site,0
2322,2025-02-06T22:25:17,Blotout Viewed Product Xyz,0
830,2025-02-15T20:29:17,Viewed Product.,0
2974,2025-03-02T05:15:43,Black Crow Identified,0
190,2025-04-10T01:02:31,Placed Order,1
1131,2025-03-07T11:45:10,Unsubscribed,0
2898,2025-03-22T15:08:06,Opened Email,0
1449,2025-03-03T20:15:15,Blotout Viewed Product Xyz,0
803,2025-04-02T02:55:22,Placed Order,1
744,2025-04-15T00:19:56,Blotout Viewed Product Xyz,0
607,2025-03-08T00:52:51,Email Open,0
2041,2025-03-06T21:52:46,Order Placed,1
1526,2025-04-06T01:12:37,SMS Delivered,0
2260,2025-01-01T14:19:13,Placed Order,1
681,2025-04-12T14:48:50,Viewed Product XYZ   ,0
277,2025-01-30T21:28:57,Viewed Product XYZ   ,0
2963,2025-03-16T19:01:38,Octane: Quiz Completed: Find The Perfect Eye Shadow   .,0
2736,2025-04-16T19:11:52,Clicked email to unsubscribe,0
1852,2025-04-27T02:40:11,Clicked Email,0
2913,2025-04-01T23:11:45,Placed Order,1
1344,2025-03-17T16:03:52,Clicked Email,0
2714,2025-03-12T09:06:59,Black Crow Identified,0
2008,2025-04-27T18:12:32,Clicked Email,0
2646,2025-03-06T22:49:19,Clicked email to unsubscribe,0
2185,2025-03-11T21:55:38,Active on Site,0
2351,2025-03-14T22:10:47,SMS Sent,0
67,2025-03-16T04:32:33,Unsubscribed,0
1952,2025-03-14T22:38:19,Octane: Quiz Completed: Find The Perfect Eye Shadow   .,0
2042,2025-04-11T16:38:16,Opened Email,0
2403,2025-02-06T10:23:39,SMS Sent,0
2277,2025-04-11T00:28:27,Active on Site,0
1755,2025-02-08T01:44:09,Blotout Viewed Product Xyz,0
431,2025-02-06T09:51:34,SMS Delivered,0
2894,2025-01-31T01:07:35,Unsubscribed,0
2685,2025-02-16T10:11:24,Black Crow Identified,1
819,2025-03-01T07:44:28,Clicked Email,0
877,2025-01-16T18:19:34,SMS Delivered,0
1486,2025-01-07T07:40:45,Placed Order,1
323,2025-02-11T04:11:35,Black Crow Identified,0
2858,2025-01-10T17:05:10,Blotout Viewed Product Xyz,0
361,2025-03-10T14:06:10,Placed Order,1
1506,2025-01-04T16:20:08,Email Open,0
2769,2025-03-12T13:28:15,Clicked email to unsubscribe,0
2537,2025-01-02T12:26:55,SMS Sent,0
233,2025-03-29T15:34:32,Clicked Email,0
627,2025-01-28T14:03:01,Active on Site,0
955,2025-01-16T09:29:31,SMS Sent,0
1050,2025-01-04T17:41:18,Viewed Product.,0
935,2025-01-07T01:58:20,Octane: Quiz Completed: Find The Perfect Eye Shadow   .,0
135,2025-02-07T15:25:37,Viewed Product XYZ   ,0
2514,2025-04-23T04:36:22,Unsubscribed,0
2835,2025-01-30T15:50:12,Order Placed,1
1069,2025-01-12T22:08:19,Viewed Product XYZ   ,0
1724,2025-03-29T22:29:33,Black Crow Identified,0
2744,2025-01-04T00:27:40,Black Crow Identified,0
522,2025-03-18T04:12:57,Clicked Email,0
1648,2025-03-19T10:38:28,Order Placed,1
2061,2025-03-22T17:16:44,Placed Order,1
2112,2025-01-20T15:15:28,Unsubscribed,0
2475,2025-03-28T02:43:57,Black Crow Identified,0
2160,2025-04-07T03:34:21,Placed Order,1
240,2025-03-27T18:46:57,Opened Email,0
1962,2025-04-22T10:37:58,Email Open,0
2621,2025-03-26T06:29:14,Clicked Email,0
802,2025-03-10T16:49:01,Order Placed,1
774,2025-02-15T22:59:17,Blotout Viewed Product Xyz,0
1662,2025-04-13T03:34:08,SMS Delivered,0
954,2025-03-02T22:55:38,Placed Order,1
2058,2025-01-22T17:41:56,Clicked email link,0
760,2025-03-31T23:37:20,SMS Sent,0
649,2025-04-15T10:11:19,Blotout Viewed Product Xyz,1
2136,2025-04-05T10:16:03,Octane: Quiz Completed: Find The Perfect Eye Shadow   .,0
1148,2025-02-12T20:01:36,Viewed Product.,0
1656,2025-03-31T19:08:15,Unsubscribed,0
1821,2025-03-01T13:29:12,Octane: Quiz Completed: Find The Perfect Eye Shadow   .,0
2778,2025-04-20T10:18:00,Clicked email link,0
980,2025-04-19T06:33:42,Blotout Viewed Product Xyz,0
515,2025-02-11T14:19:21,Black Crow Identified,0
1643,2025-02-28T21:14:00,Email Open,0
164,2025-01-25T23:27:42,Black Crow Identified,0
2463,2025-02-27T10:18:05,Unsubscribed,0
782,2025-04-15T08:23:50,Clicked email to unsubscribe,0
2616,2025-02-23T18:52:14,Active on Site,0
70,2025-04-27T06:22:44,Opened Email,0
322,2025-01-01T18:24:39,Email Open,0
2326,2025-02-24T03:48:45,SMS Delivered,0
2654,2025-03-29T14:47:13,Email Open,1
2441,2025-01-27T00:22:53,SMS Sent,0
1304,2025-03-22T23:31:17,SMS Sent,0
1620,2025-01-18T05:27:11,SMS Sent,0
725,2025-03-16T17:19:21,Order Placed,1
2135,2025-02-16T23:30:44,Placed Order,1
400,2025-04-25T21:10:38,Active on Site,0
2334,2025-02-26T23:31:12,SMS Sent,0
26,2025-04-19T00:42:24,Clicked Email,0
1019,2025-04-04T07:30:30,Opened Email,0
1697,2025-01-30T19:30:12,SMS Sent,0
2107,2025-04-19T19:07:48,Clicked Email,0
374,2025-01-22T09:04:03,Clicked email link,0
1314,2025-01-29T11:39:47,Clicked Email,0
1675,2025-04-18T22:37:14,Email Open,0
539,2025-01-29T05:54:52,Octane: Quiz Completed: Find The Perfect Eye Shadow   .,0
74,2025-02-18T17:02:39,Opened Email,0
1090,2025-03-14T15:16:15,Active on Site,0
1041,2025-03-05T19:49:56,Clicked Email,0
2272,2025-03-07T03:34:31,Active on Site,0
2601,2025-04-24T06:02:44,Clicked email link,0
404,2025-04-16T20:53:41,Viewed Product XYZ   ,0
1830,2025-04-04T04:45:22,Opened Email,0
1005,2025-04-07T22:09:07,Blotout Viewed Product Xyz,0
1301,2025-03-29T01:04:55,Black Crow Identified,0
628,2025-03-07T07:53:33,Active on Site,0
1808,2025-01-03T11:37:16,Unsubscribed,1
915,2025-04-23T05:24:10,Order Placed,1
2008,2025-04-11T11:31:19,Clicked email link,0
1886,2025-03-05T17:50:27,Order Placed,1
2585,2025-02-09T14:22:27,Clicked email link,0
2128,2025-02-24T08:15:46,Octane: Quiz Completed: Find The Perfect Eye Shadow   .,0
150,2025-02-09T00:28:16,SMS Sent,0
1889,2025-03-14T02:02:07,Black Crow Identified,0
1719,2025-01-24T11:54:17,Octane: Quiz Completed: Find The Perfect Eye Shadow   .,0
2995,2025-03-09T20:57:40,Viewed Product XYZ   ,0
1618,2025-01-19T03:21:43,Clicked email link,0
2282,2025-03-04T00:37:42,Opened Email,0
383,2025-03-17T07:18:26,Active on Site,0
812,2025-01-28T15:22:12,Clicked email to unsubscribe,0
722,2025-01-12T20:49:06,Clicked Email,0
1544,2025-04-05T07:35:55,Active on Site,0
477,2025-03-20T04:46:08,Clicked Email,0
708,2025-03-02T19:26:11,Viewed Product.,0
702,2025-02-13T18:32:01,Active on Site,0
2626,2025-03-09T07:38:23,Viewed Product.,0
2739,2025-04-08T21:17:24,Order Placed,1
1187,2025-02-02T19:15:59,Clicked email to unsubscribe,0
2635,2025-03-25T21:20:04,Clicked Email,0
1888,2025-02-20T02:46:24,Opened Email,0
2202,2025-02-03T11:10:54,Clicked email link,0
328,2025-01-25T02:18:25,SMS Sent,0
1989,2025-03-01T05:01:03,Black Crow Identified,0
1994,2025-04-20T00:49:30,SMS Sent,0
1797,2025-03-07T13:21:45,Email Open,0
2991,2025-03-01T08:14:12,Clicked Email,0
2670,2025-04-27T11:19:10,Opened Email,0
1191,2025-04-21T03:19:03,Black Crow Identified,0
1015,2025-01-02T02:55:18,Viewed Product.,0
2818,2025-02-06T22:55:17,Viewed Product XYZ   ,0
25,2025-03-19T22:22:03,SMS Sent,0
1629,2025-03-01T04:29:15,Email Open,0
1228,2025-01-11T08:05:18,Viewed Product.,0
2446,2025-04-24T15:02:04,Opened Email,0
1927,2025-02-21T23:15:14,Clicked Email,0
2455,2025-01-19T07:24:35,Clicked email link,0
2069,2025-04-27T23:32:33,Active on Site,0
1069,2025-03-16T13:47:09,Black Crow Identified,0
758,2025-02-13T03:45:34,Viewed Product XYZ   ,0
795,2025-04-06T07:21:00,SMS Sent,1
488,2025-01-08T23:29:14,Clicked Email,0
2877,2025-04-17T14:32:13,Opened Email,0
2703,2025-02-22T14:17:13,Viewed Product XYZ   ,0
823,2025-03-27T18:24:25,Order Placed,1
935,2025-04-05T17:53:26,Viewed Product.,0
2945,2025-04-03T20:51:35,SMS Sent,0
1694,2025-01-01T02:10:12,Email Open,0
2315,2025-04-03T04:42:30,Viewed Product XYZ   ,0
1941,2025-03-28T19:04:41,Opened Email,0
322,2025-02-19T10:08:57,Black Crow Identified,0
2466,2025-04-19T03:43:22,Placed Order,1
805,2025-03-20T11:21:11,Placed Order,1
21,2025-02-12T19:40:47,Black Crow Identified,0
332,2025-01-19T19:44:33,Clicked Email,0
1823,2025-04-22T15:06:54,Clicked email to unsubscribe,0
166,2025-03-30T07:06:21,Active on Site,0
1959,2025-03-18T01:54:26,Viewed Product XYZ   ,0
2139,2025-04-01T02:40:35,Clicked Email,0
2699,2025-03-23T08:23:41,Viewed Product.,0
1665,2025-03-13T22:29:53,Octane: Quiz Completed: Find The Perfect Eye Shadow   .,0
363,2025-04-02T04:18:32,Octane: Quiz Completed: Find The Perfect Eye Shadow   .,0
2422,2025-01-09T19:15:02,Order Placed,1
2389,2025-02-01T00:05:37,Clicked email link,0
1083,2025-02-12T11:03:15,Opened Email,0
2734,2025-04-02T12:39:36,Clicked email link,0
2826,2025-04-25T03:27:58,Blotout Viewed Product Xyz,0
710,2025-01-26T13:30:20,Unsubscribed,0
1981,2025-01-29T04:40:51,Octane: Quiz Completed: Find The Perfect Eye Shadow   .,0
2097,2025-03-04T08:46:18,Opened Email,1
2733,2025-03-23T00:18:47,Active on Site,0
568,2025-02-07T03:52:44,SMS Sent,0
2824,2025-04-18T14:20:54,Active on Site,0
1490,2025-02-23T11:20:22,Clicked email to unsubscribe,0
1944,2025-02-06T21:45:40,Email Open,0
896,2025-02-08T04:26:14,Unsubscribed,0
2499,2025-03-27T17:11:01,Unsubscribed,0
1031,2025-03-06T00:47:59,Blotout Viewed Product Xyz,0
938,2025-02-26T12:10:59,Blotout Viewed Product Xyz,0
828,2025-03-07T23:49:54,Viewed Product XYZ   ,0
2311,2025-03-01T14:42:22,Clicked email to unsubscribe,0
291,2025-01-25T16:27:26,Placed Order,1
2772,2025-02-08T06:21:15,Viewed Product XYZ   ,0
216,2025-04-05T00:20:48,SMS Sent,0
2999,2025-04-28T00:47:05,Email Open,0
492,2025-03-06T22:02:26,Order Placed,1
1618,2025-04-14T20:30:46,Black Crow Identified,0
2619,2025-04-11T16:55:12,Clicked email to unsubscribe,0
884,2025-03-28T07:52:57,Order Placed,1
1717,2025-02-16T16:42:19,Active on Site,0
2447,2025-02-15T09:52:43,Black Crow Identified,0
338,2025-01-07T11:10:24,Clicked email to unsubscribe,0
1725,2025-03-28T06:42:10,Octane: Quiz Completed: Find The Perfect Eye Shadow   .,0
2012,2025-04-04T12:12:25,Viewed Product XYZ   ,0
2232,2025-04-02T00:05:28,SMS Sent,0
2478,2025-02-04T14:17:05,Black Crow Identified,0
30,2025-02-10T22:12:12,Blotout Viewed Product Xyz,1
2910,2025-01-12T22:43:11,Order Placed,1
1298,2025-01-08T18:32:10,Unsubscribed,0
2155,2025-01-17T07:12:03,Clicked email link,0
2400,2025-03-04T10:55:25,Octane: Quiz Completed: Find The Perfect Eye Shadow   .,0
2565,2025-01-26T07:25:24,Viewed Product XYZ   ,0
1853,2025-01-06T14:29:39,Octane: Quiz Completed: Find The Perfect Eye Shadow   .,0
96,2025-03-11T14:40:37,Octane: Quiz Completed: Find The Perfect Eye Shadow   .,0
2983,2025-03-28T09:27:07,Order Placed,1
1382,2025-02-27T14:02:50,Clicked email to unsubscribe,0
2327,2025-01-07T02:39:29,Clicked Email,0
2047,2025-02-23T19:13:24,Clicked Email,0
449,2025-02-26T11:46:49,Black Crow Identified,0
200,2025-02-09T23:43:04,Order Placed,1
892,2025-03-29T23:28:12,Viewed Product XYZ   ,0
1514,2025-01-27T13:29:16,Placed Order,1
2885,2025-03-06T18:46:19,Clicked email to unsubscribe,0
1134,2025-03-30T12:26:56,Blotout Viewed Product Xyz,0
2073,2025-01-12T11:47:15,SMS Sent,0
997,2025-03-05T03:18:29,Opened Email,0
1442,2025-03-18T20:09:12,Black Crow Identified,0
2873,2025-02-22T21:23:39,Active on Site,1
2787,2025-04-28T21:36:36,Octane: Quiz Completed: Find The Perfect Eye Shadow   .,0
232,2025-03-20T03:40:35,Clicked Email,0
414,2025-03-14T15:40:26,Placed Order,1
2350,2025-04-05T20:59:43,Placed Order,1
910,2025-03-07T08:39:17,Blotout Viewed Product Xyz,0
2453,2025-02-04T08:33:52,Clicked email link,0
1869,2025-03-31T05:32:04,Order Placed,1
781,2025-01-10T23:24:55,Clicked Email,0
2942,2025-01-10T22:34:22,Black Crow Identified,0
75,2025-04-11T11:48:25,SMS Sent,0
421,2025-01-31T22:04:56,Blotout Viewed Product Xyz,0
767,2025-01-09T00:22:23,SMS Sent,0
2033,2025-01-17T21:12:54,Email Open,0
2968,2025-01-16T08:56:17,Viewed Product.,1
729,2025-02-02T03:25:58,Blotout Viewed Product Xyz,0
1508,2025-04-05T23:37:48,Placed Order,1
1456,2025-01-04T07:23:08,SMS Delivered,0
1849,2025-01-11T21:36:55,Opened Email,0
1754,2025-04-01T12:42:08,Active on Site,0
25,2025-03-05T11:21:22,Active on Site,0
1081,2025-04-17T16:35:55,Blotout Viewed Product Xyz,0
2292,2025-04-13T14:26:23,Viewed Product XYZ   ,0
542,2025-01-15T23:06:32,Email Open,0
2181,2025-02-13T08:20:25,SMS Delivered,0
1817,2025-03-19T03:41:52,SMS Delivered,0
740,2025-04-27T13:39:41,Viewed Product.,0
2285,2025-04-10T20:12:50,Viewed Product XYZ   ,0
2535,2025-04-08T03:40:50,Octane: Quiz Completed: Find The Perfect Eye Shadow   .,0
1598,2025-04-03T00:13:00,Clicked Email,0
2098,2025-01-14T23:51:08,Order Placed,1
2417,2025-01-28T05:16:48,Blotout Viewed Product Xyz,0
577,2025-02-11T07:03:37,Clicked email link,0
574,2025-03-31T16:27:39,Blotout Viewed Product Xyz,0
1422,2025-02-24T20:13:15,Order Placed,1
1190,2025-04-06T22:10:55,Clicked email link,0
1800,2025-03-18T02:31:13,Blotout Viewed Product Xyz,0
2597,2025-03-18T09:45:16,Clicked email to unsubscribe,0
1525,2025-03-11T13:08:20,Email Open,0
853,2025-01-08T18:27:50,Clicked email link,1
2948,2025-04-26T03:54:41,Order Placed,1
1193,2025-04-29T10:36:26,Octane: Quiz Completed: Find The Perfect Eye Shadow   .,0
2908,2025-03-14T10:48:38,Clicked email to unsubscribe,0
760,2025-03-25T07:12:05,Blotout Viewed Product Xyz,0
2693,2025-01-22T06:46:14,Unsubscribed,0
1636,2025-02-15T03:34:01,SMS Delivered,0
935,2025-02-09T01:11:28,Clicked Email,0
2809,2025-04-29T18:10:44,Viewed Product XYZ   ,0
538,2025-04-12T13:47:06,Clicked email to unsubscribe,0
2918,2025-01-14T06:26:53,Clicked email to unsubscribe,0
1530,2025-04-24T18:00:31,Blotout Viewed Product Xyz,0
571,2025-03-27T06:35:39,Email Open,1
2144,2025-02-18T14:35:07,Clicked email to unsubscribe,0
2922,2025-01-20T01:08:30,Unsubscribed,0
2976,2025-03-06T11:48:10,Octane: Quiz Completed: Find The Perfect Eye Shadow   .,0
1824,2025-01-08T06:52:41,Placed Order,1
2297,2025-01-16T08:01:47,SMS Sent,0
1961,2025-02-18T12:12:41,SMS Delivered,0
632,2025-03-17T05:01:55,Unsubscribed,0
1127,2025-01-28T18:38:45,SMS Delivered,0
1500,2025-03-27T19:32:10,Black Crow Identified,0
2260,2025-01-09T16:28:41,Unsubscribed,0
961,2025-02-08T03:20:15,Opened Email,0
205,2025-02-28T13:52:32,Black Crow Identified,0
1543,2025-01-13T23:14:08,SMS Delivered,0
1153,2025-01-28T01:18:39,Octane: Quiz Completed: Find The Perfect Eye Shadow   .,0
737,2025-03-23T03:29:17,Clicked Email,0
815,2025-03-24T00:24:08,Clicked email to unsubscribe,0
1468,2025-03-11T14:19:13,Unsubscribed,0
2495,2025-01-14T07:42:23,Clicked Email,0
955,2025-02-15T02:36:57,Placed Order,1
803,2025-03-21T17:36:20,Black Crow Identified,0
2309,2025-04-14T16:48:54,Black Crow Identified,0
158,2025-03-23T08:48:24,Clicked email link,0
2730,2025-04-09T23:56:53,Opened Email,0
950,2025-04-11T07:55:11,SMS Sent,0
1366,2025-02-07T04:21:49,Clicked email to unsubscribe,0
723,2025-02-04T13:26:18,Opened Email,0
971,2025-03-14T19:45:53,Placed Order,1
2632,2025-03-26T04:27:27,Opened Email,0
2722,2025-03-24T09:15:09,SMS Sent,0
2815,2025-04-07T03:48:38,Placed Order,1
2426,2025-01-06T10:36:29,Active on Site,0
1339,2025-02-25T10:46:03,Clicked email to unsubscribe,1
988,2025-01-19T02:20:52,Clicked email to unsubscribe,0
2233,2025-02-04T02:02:45,SMS Delivered,0
1973,2025-02-28T09:03:51,SMS Delivered,0
2376,2025-02-11T17:57:35,Clicked Email,0
2235,2025-03-07T00:39:17,SMS Sent,0
570,2025-03-28T05:07:23,Octane: Quiz Completed: Find The Perfect Eye Shadow   .,0
1005,2025-03-06T10:16:12,Email Open,0
2877,2025-04-25T17:58:16,Clicked email link,0
2942,2025-03-29T01:48:35,Email Open,1
1083,2025-01-06T00:20:45,Order Placed,1
2296,2025-02-18T17:49:53,Unsubscribed,0
1642,2025-04-28T06:26:00,Active on Site,0
1506,2025-01-09T18:54:59,Viewed Product.,1
2237,2025-02-23T01:20:48,Clicked email to unsubscribe,0
576,2025-03-14T14:07:23,Black Crow Identified,0
1911,2025-03-17T00:58:38,Placed Order,1
1122,2025-01-02T08:30:48,Email Open,0
2502,2025-03-12T06:55:45,Unsubscribed,0
756,2025-01-03T02:43:50,Opened Email,1
2124,2025-02-19T12:23:32,Opened Email,1
1622,2025-01-26T22:05:00,Viewed Product XYZ   ,0
2708,2025-04-04T02:50:41,Viewed Product.,0
2137,2025-01-15T19:17:11,SMS Sent,0
2521,2025-04-16T14:15:33,Unsubscribed,0
2929,2025-03-13T07:25:51,Viewed Product.,0
957,2025-01-29T02:04:47,Black Crow Identified,0
1299,2025-04-07T17:32:55,Octane: Quiz Completed: Find The Perfect Eye Shadow   .,0
856,2025-04-10T02:52:02,Opened Email,0
409,2025-01-28T13:45:08,Unsubscribed,0
2911,2025-03-11T05:03:18,Viewed Product XYZ   ,1
78,2025-01-17T22:41:44,Clicked Email,0
25,2025-01-06T02:44:23,Email Open,0
457,2025-01-12T08:04:46,Email Open,0
152,2025-03-17T02:07:20,Order Placed,1
1663,2025-01-17T10:42:41,Active on Site,0
755,2025-04-06T19:34:52,Unsubscribed,0
1702,2025-02-27T02:26:07,Octane: Quiz Completed: Find The Perfect Eye Shadow   .,0
1194,2025-01-15T00:52:07,SMS Delivered,0
2329,2025-04-19T06:28:49,Clicked Email,0
751,2025-01-02T18:30:34,Viewed Product XYZ   ,0
2584,2025-01-14T07:14:01,Clicked email to unsubscribe,0
457,2025-04-19T14:14:48,Clicked email to unsubscribe,0
2673,2025-02-05T00:10:34,Placed Order,1
2655,2025-03-07T06:33:47,Viewed Product.,0
290,2025-03-26T12:30:40,Clicked email to unsubscribe,0
2603,2025-01-20T02:27:58,Unsubscribed,0
8,2025-01-19T12:10:09,Order Placed,1
1412,2025-04-11T18:37:36,Order Placed,1
1879,2025-02-24T02:29:06,Viewed Product.,0
2243,2025-03-05T22:46:49,Viewed Product XYZ   ,0
2577,2025-04-15T12:53:07,SMS Delivered,0
2593,2025-04-20T16:40:54,Active on Site,0
2979,2025-04-29T00:19:02,Clicked Email,0
2530,2025-02-19T00:52:15,Black Crow Identified,0
1507,2025-01-19T02:42:07,SMS Sent,0
2678,2025-04-18T14:08:03,Order Placed,1
483,2025-02-06T01:15:11,Opened Email,0
2954,2025-02-26T15:25:26,Unsubscribed,0
1835,2025-01-21T02:07:51,Black Crow Identified,0
1777,2025-01-06T07:15:29,Order Placed,1
1539,2025-03-07T08:53:15,SMS Delivered,0
2763,2025-02-02T17:09:40,Opened Email,0
2636,2025-01-16T16:00:04,Octane: Quiz Completed: Find The Perfect Eye Shadow   .,0
2374,2025-03-21T03:31:15,Viewed Product XYZ   ,0
1179,2025-02-14T07:06:47,Clicked email to unsubscribe,0
1315,2025-04-27T08:18:04,Viewed Product.,0
2080,2025-04-08T20:45:34,Blotout Viewed Product Xyz,0
802,2025-02-20T21:33:21,Clicked email link,1
738,2025-01-20T10:58:33,Black Crow Identified,0
2128,2025-01-12T15:47:41,Clicked email link,0
117,2025-02-04T10:35:48,Viewed Product XYZ   ,0
2160,2025-02-17T02:10:40,Octane: Quiz Completed: Find The Perfect Eye Shadow   .,0
241,2025-03-05T22:47:11,Unsubscribed,0
1708,2025-03-03T17:09:45,Viewed Product.,0
2355,2025-04-23T18:23:48,Viewed Product.,0
500,2025-04-23T03:49:01,Viewed Product XYZ   ,0
548,2025-03-14T09:38:13,Clicked email link,0
2224,2025-02-12T09:05:27,SMS Delivered,0
2554,2025-04-29T20:36:58,Clicked email to unsubscribe,0
660,2025-01-31T12:12:57,SMS Sent,0
2865,2025-03-17T23:27:23,Viewed Product.,0
2609,2025-03-29T14:29:25,Blotout Viewed Product Xyz,0
1071,2025-02-11T17:58:03,Unsubscribed,0
218,2025-01-24T02:39:57,Viewed Product.,0
2357,2025-01-13T20:37:29,Black Crow Identified,0
1389,2025-02-04T03:18:59,Order Placed,1
1578,2025-04-03T02:23:25,Active on Site,0
1172,2025-01-14T08:37:48,Black Crow Identified,0
2098,2025-02-06T03:14:48,Unsubscribed,0
2527,2025-04-10T19:04:49,Clicked email to unsubscribe,0
2159,2025-01-07T14:05:27,Clicked Email,0
1524,2025-02-13T16:56:15,Order Placed,1
899,2025-04-05T09:47:47,Unsubscribed,0
2539,2025-04-24T11:22:24,Clicked Email,0
2206,2025-04-14T13:25:01,SMS Sent,0
893,2025-04-17T19:12:40,Order Placed,1
577,2025-01-19T07:46:14,Viewed Product.,0
745,2025-02-08T05:07:55,Blotout Viewed Product Xyz,0
755,2025-03-16T23:35:45,SMS Sent,0
2568,2025-04-29T07:34:34,Placed Order,1
354,2025-02-11T21:34:43,Clicked email to unsubscribe,0
1783,2025-03-11T06:16:26,Black Crow Identified,0
1141,2025-03-17T21:14:10,Email Open,0
1110,2025-04-22T07:49:58,Placed Order,1
845,2025-01-13T03:46:46,Order Placed,1
2712,2025-03-22T19:33:33,Black Crow Identified,0
322,2025-04-18T01:31:18,Octane: Quiz Completed: Find The Perfect Eye Shadow   .,0
1251,2025-01-21T22:19:40,Email Open,0
1140,2025-03-17T00:58:23,Placed Order,1
1415,2025-02-12T14:47:20,Clicked Email,0
1003,2025-03-17T00:49:55,Blotout Viewed Product Xyz,0
50,2025-02-18T00:44:44,Clicked Email,0
1586,2025-04-12T10:46:41,Octane: Quiz Completed: Find The Perfect Eye Shadow   .,0
2289,2025-02-01T10:35:39,Octane: Quiz Completed: Find The Perfect Eye Shadow   .,0
2818,2025-04-02T09:52:57,Order Placed,1
995,2025-03-25T09:46:28,Unsubscribed,0
2229,2025-04-24T07:04:59,Black Crow Identified,0
2421,2025-03-10T19:55:25,SMS Delivered,0
427,2025-02-18T13:54:14,Unsubscribed,0
2922,2025-04-09T18:56:16,Unsubscribed,0
654,2025-04-09T23:52:43,Email Open,0
2628,2025-01-19T14:09:14,Clicked email link,0
1845,2025-03-08T03:57:10,Octane: Quiz Completed: Find The Perfect Eye Shadow   .,0
855,2025-03-10T05:20:58,Octane: Quiz Completed: Find The Perfect Eye Shadow   .,0
172,2025-03-12T07:24:09,SMS Delivered,0
1900,2025-04-16T15:23:12,Unsubscribed,0
416,2025-02-09T04:00:59,Order Placed,1
2255,2025-03-12T02:05:32,SMS Delivered,0
1903,2025-04-24T07:06:18,SMS Delivered,0
2445,2025-03-01T22:41:19,Black Crow Identified,0
31,2025-04-15T17:46:32,Active on Site,0
695,2025-01-17T14:21:54,SMS Delivered,0
1274,2025-04-05T17:35:08,Clicked Email,0
1174,2025-01-18T19:49:26,Clicked email link,0
2684,2025-02-14T03:57:39,Black Crow Identified,0
2917,2025-03-02T05:36:59,Opened Email,0
1469,2025-03-02T06:43:19,Unsubscribed,0
2932,2025-04-22T16:34:42,Clicked Email,0
179,2025-03-02T21:07:23,SMS Sent,0
2577,2025-04-18T21:50:56,Viewed Product XYZ   ,0
396,2025-01-15T15:36:11,Blotout Viewed Product Xyz,0
2782,2025-02-12T16:05:20,Viewed Product.,0
2257,2025-03-15T11:08:31,Clicked email link,0
171,2025-01-12T06:15:59,Blotout Viewed Product Xyz,0
1883,2025-03-03T02:28:34,Placed Order,1
1231,2025-03-20T19:30:54,Order Placed,1
455,2025-04-28T08:58:32,Clicked email to unsubscribe,0
463,2025-04-14T00:51:39,Unsubscribed,0
2821,2025-02-28T03:54:47,Clicked email link,0
1387,2025-02-07T04:42:42,Blotout Viewed Product Xyz,0
2133,2025-01-29T04:41:13,Octane: Quiz Completed: Find The Perfect Eye Shadow   .,0
762,2025-04-02T03:56:30,SMS Delivered,0
2162,2025-01-04T22:50:02,Viewed Product.,0
199,2025-02-10T14:13:12,Viewed Product XYZ   ,0
222,2025-04-02T04:38:51,Clicked email link,0
902,2025-01-11T04:22:57,SMS Sent,0
353,2025-01-28T17:10:26,Clicked email to unsubscribe,0
2153,2025-03-14T04:30:57,Email Open,0
1268,2025-02-09T11:31:11,Placed Order,1
1146,2025-04-25T11:23:13,Email Open,0
409,2025-03-26T12:29:36,Clicked email link,0
1843,2025-02-03T04:18:21,Viewed Product XYZ   ,1
132,2025-04-21T19:07:42,Email Open,0
1046,2025-01-18T23:42:16,Clicked email to unsubscribe,0
1259,2025-04-23T15:02:24,Clicked email to unsubscribe,0
399,2025-01-17T21:17:51,Black Crow Identified,0
883,2025-02-25T03:31:22,Opened Email,0
675,2025-03-16T18:40:45,Clicked Email,0
1966,2025-03-30T03:04:08,Email Open,0
1377,2025-01-17T01:08:58,Clicked Email,0
334,2025-03-09T18:53:14,SMS Delivered,0
2169,2025-02-10T22:03:32,Viewed Product XYZ   ,0
77,2025-03-06T15:47:32,Email Open,0
1536,2025-02-18T04:21:07,SMS Sent,0
2139,2025-02-02T20:43:42,Clicked email to unsubscribe,0
1428,2025-04-11T22:48:09,Octane: Quiz Completed: Find The Perfect Eye Shadow   .,0
2628,2025-03-25T01:23:45,Viewed Product.,0
1772,2025-02-20T10:27:59,Clicked email link,0
298,2025-02-28T05:35:15,Clicked Email,0
1844,2025-04-06T21:21:59,SMS Delivered,0
2272,2025-01-22T15:10:16,Order Placed,1
1717,2025-03-14T10:39:24,Octane: Quiz Completed: Find The Perfect Eye Shadow   .,0
2025,2025-01-25T20:01:13,SMS Sent,0
1734,2025-03-26T11:40:24,Octane: Quiz Completed: Find The Perfect Eye Shadow   .,0
1507,2025-02-17T02:48:53,Placed Order,1
1234,2025-03-26T08:18:49,SMS Sent,0
2750,2025-03-17T08:30:27,Email Open,0
2889,2025-03-26T15:39:58,Unsubscribed,0
1835,2025-01-16T08:52:04,Order Placed,1
2043,2025-04-18T00:49:11,Octane: Quiz Completed: Find The Perfect Eye Shadow   .,0
2396,2025-01-10T15:15:08,Unsubscribed,0
330,2025-04-14T10:42:53,Unsubscribed,0
677,2025-03-20T10:16:33,Octane: Quiz Completed: Find The Perfect Eye Shadow   .,0
2416,2025-01-01T23:13:28,Active on Site,0
2401,2025-04-03T13:53:53,SMS Delivered,0
2500,2025-01-11T06:35:38,Octane: Quiz Completed: Find The Perfect Eye Shadow   .,0
1767,2025-01-06T05:18:44,SMS Sent,0
5,2025-02-05T00:10:24,Clicked email link,0
92,2025-01-16T06:51:44,Black Crow Identified,0
869,2025-01-05T22:52:47,Placed Order,1
2709,2025-02-08T19:18:29,SMS Sent,0
296,2025-02-10T14:38:15,Octane: Quiz Completed: Find The Perfect Eye Shadow   .,0
1516,2025-01-24T07:57:18,Viewed Product.,0
1782,2025-02-07T08:25:18,Active on Site,0
2334,2025-01-18T00:44:51,Viewed Product.,0
294,2025-04-05T01:10:51,Blotout Viewed Product Xyz,0
2859,2025-01-12T18:55:42,Black Crow Identified,0
170,2025-02-27T09:54:46,Viewed Product XYZ   ,0
2810,2025-03-21T08:35:52,Viewed Product XYZ   ,0
532,2025-04-27T21:06:38,Viewed Product XYZ   ,0
2048,2025-04-13T11:25:07,SMS Sent,0
1321,2025-01-24T02:08:36,SMS Sent,0
1464,2025-02-28T23:13:21,Viewed Product XYZ   ,0
1054,2025-02-08T08:45:35,Opened Email,0
651,2025-03-20T07:53:28,SMS Delivered,0
363,2025-02-01T01:06:14,SMS Delivered,0
2217,2025-04-10T17:53:00,SMS Delivered,0
941,2025-01-26T12:19:10,Clicked email link,0
2609,2025-02-05T16:55:25,Order Placed,1
1955,2025-03-23T20:06:10,Clicked Email,0
564,2025-04-05T18:11:48,Placed Order,1
2717,2025-04-18T14:28:36,Opened Email,0
2232,2025-01-19T04:08:01,SMS Sent,0
260,2025-02-18T16:40:51,Octane: Quiz Completed: Find The Perfect Eye Shadow   .,0
2225,2025-01-19T12:50:29,Active on Site,0
748,2025-03-21T11:58:31,Active on Site,0
681,2025-03-01T08:23:41,Clicked Email,0
2129,2025-03-29T04:49:34,Order Placed,1
160,2025-01-23T10:38:42,Clicked Email,0
485,2025-04-03T11:15:18,Viewed Product XYZ   ,0
507,2025-01-22T17:02:55,Order Placed,1
894,2025-01-23T14:54:24,Octane: Quiz Completed: Find The Perfect Eye Shadow   .,0
1560,2025-01-06T19:04:26,Octane: Quiz Completed: Find The Perfect Eye Shadow   .,0
51,2025-04-07T00:31:05,Clicked email link,0
1528,2025-01-12T10:06:09,Opened Email,0
2826,2025-03-01T10:50:41,Clicked email link,0
2197,2025-01-05T23:55:56,Clicked Email,0
1794,2025-01-19T07:29:00,Octane: Quiz Completed: Find The Perfect Eye Shadow   .,0
2452,2025-03-06T17:47:56,SMS Delivered,0
1182,2025-01-24T08:44:33,Email Open,0
2751,2025-01-12T05:21:07,Blotout Viewed Product Xyz,0
1217,2025-01-30T19:59:51,Clicked email to unsubscribe,0
540,2025-04-23T13:32:37,Black Crow Identified,0
2118,2025-04-25T14:23:12,SMS Sent,0
2864,2025-01-27T02:10:26,Active on Site,0
2905,2025-02-05T06:34:28,Order Placed,1
1663,2025-01-10T16:33:43,Clicked email to unsubscribe,0
2517,2025-04-13T05:17:51,Opened Email,0
710,2025-04-15T15:08:45,Opened Email,0
1779,2025-01-15T02:45:19,Order Placed,1
2942,2025-01-05T09:59:16,Placed Order,1
613,2025-02-26T10:32:18,Octane: Quiz Completed: Find The Perfect Eye Shadow   .,0
2598,2025-01-19T19:23:28,Viewed Product.,0
2726,2025-03-03T05:19:49,Viewed Product XYZ   ,0
178,2025-03-15T22:30:50,Blotout Viewed Product Xyz,0
2328,2025-01-01T20:14:14,Clicked email link,0
9,2025-02-09T12:11:59,SMS Delivered,0
939,2025-04-05T11:56:34,Order Placed,1
1864,2025-04-08T06:42:49,Black Crow Identified,0
1360,2025-01-28T11:39:30,Viewed Product XYZ   ,0
1656,2025-03-05T23:06:54,Clicked email link,0
171,2025-03-14T17:51:32,Active on Site,0
1442,2025-02-09T15:23:23,Active on Site,0
2267,2025-01-16T12:23:04,Order Placed,1
2225,2025-04-30T01:44:24,SMS Sent,0
218,2025-01-16T15:35:56,Blotout Viewed Product Xyz,0
1507,2025-03-10T05:45:55,Opened Email,0
1730,2025-04-04T20:33:01,SMS Delivered,0
1771,2025-01-25T10:32:37,Clicked email to unsubscribe,0
734,2025-04-24T04:05:14,Clicked Email,0
2449,2025-03-07T11:58:30,Opened Email,1
116,2025-01-08T21:51:00,SMS Sent,0
1802,2025-03-08T22:21:45,Active on Site,0
624,2025-04-05T10:03:55,SMS Delivered,0
1637,2025-02-09T12:49:25,Clicked Email,0
2661,2025-01-18T10:50:23,Active on Site,0
2530,2025-02-14T01:56:41,Clicked email to unsubscribe,0
2242,2025-04-26T02:58:57,Clicked email to unsubscribe,0
853,2025-04-30T07:47:44,Clicked email link,0
1322,2025-04-13T00:52:56,Clicked email to unsubscribe,0
482,2025-01-04T20:22:20,Email Open,0
914,2025-04-05T07:27:39,Order Placed,1
174,2025-01-20T11:30:04,SMS Sent,0
642,2025-01-16T01:07:00,Opened Email,0
493,2025-03-22T11:53:34,Opened Email,0
1952,2025-04-18T06:26:42,Clicked email to unsubscribe,0
1105,2025-02-14T11:53:59,Octane: Quiz Completed: Find The Perfect Eye Shadow   .,1
601,2025-04-22T11:09:26,Opened Email,1
852,2025-02-07T22:10:26,Placed Order,1
203,2025-03-10T09:49:18,Clicked Email,0
2786,2025-02-15T15:05:49,Blotout Viewed Product Xyz,0
330,2025-02-18T11:35:36,Clicked email to unsubscribe,0
2132,2025-03-25T20:15:09,Viewed Product XYZ   ,1
1512,2025-04-14T06:00:30,Viewed Product.,0
2691,2025-03-22T21:51:24,Clicked email link,0
2633,2025-04-24T07:45:39,Unsubscribed,0
782,2025-02-17T02:44:20,SMS Delivered,0
1110,2025-01-04T09:17:28,Octane: Quiz Completed: Find The Perfect Eye Shadow   .,0
1562,2025-02-10T22:19:28,Clicked email to unsubscribe,1
2274,2025-02-10T01:31:09,Active on Site,0
1096,2025-03-07T23:30:03,Black Crow Identified,1
904,2025-02-17T00:08:30,Black Crow Identified,0
2803,2025-04-21T14:23:24,Email Open,0
927,2025-04-19T02:43:25,SMS Sent,0
889,2025-01-27T02:45:47,SMS Sent,0
2822,2025-04-01T11:15:22,Order Placed,1
2290,2025-03-01T17:27:37,Blotout Viewed Product Xyz,0
1434,2025-01-30T07:26:28,Opened Email,0
1278,2025-01-16T13:06:06,Blotout Viewed Product Xyz,1
1630,2025-04-09T20:15:44,Clicked email to unsubscribe,0
262,2025-04-12T04:08:20,Order Placed,1
2575,2025-04-06T10:57:24,Blotout Viewed Product Xyz,0
2974,2025-04-24T02:42:11,Black Crow Identified,0
2830,2025-01-19T22:10:46,Placed Order,1
679,2025-03-28T01:59:42,Viewed Product.,0
1216,2025-01-20T04:50:15,SMS Sent,0
2248,2025-01-08T11:28:18,Placed Order,1
290,2025-02-18T21:31:31,Opened Email,0
100,2025-03-17T02:20:03,Clicked email to unsubscribe,0
2131,2025-03-03T11:48:34,Opened Email,0
449,2025-01-19T16:15:58,Blotout Viewed Product Xyz,0
1350,2025-02-20T17:31:30,Clicked email to unsubscribe,0
2415,2025-02-17T14:19:03,Black Crow Identified,0
2562,2025-04-25T00:25:42,Active on Site,0
2410,2025-01-24T02:00:13,Viewed Product XYZ   ,0
1026,2025-04-23T20:42:54,Blotout Viewed Product Xyz,0
98,2025-04-16T03:58:17,Order Placed,1
1243,2025-04-27T05:41:01,Email Open,0
1363,2025-01-10T09:14:35,Clicked Email,0
1621,2025-03-05T20:35:06,Viewed Product XYZ   ,0
2362,2025-02-12T18:55:16,Black Crow Identified,0
1269,2025-04-10T04:01:28,Email Open,0
1090,2025-01-08T12:24:03,Octane: Quiz Completed: Find The Perfect Eye Shadow   .,0
1504,2025-04-20T16:54:04,Active on Site,0
2850,2025-02-10T22:47:23,Active on Site,0
542,2025-02-20T10:16:41,Order Placed,1
1380,2025-01-18T11:49:29,Opened Email,0
2142,2025-02-27T21:22:48,Active on Site,0
1647,2025-02-23T07:03:11,Clicked email link,0
718,2025-03-01T06:15:01,Octane: Quiz Completed: Find The Perfect Eye Shadow   .,0
2430,2025-04-29T02:43:45,Black Crow Identified,0
1799,2025-04-28T22:57:35,SMS Delivered,0
274,2025-02-18T06:54:20,Octane: Quiz Completed: Find The Perfect Eye Shadow   .,0
655,2025-03-31T16:58:14,Unsubscribed,0
738,2025-02-23T02:19:25,Placed Order,1
594,2025-04-10T18:03:17,Clicked Email,0
1567,2025-02-10T09:05:37,Clicked email link,0
720,2025-02-22T22:09:47,Placed Order,1
220,2025-02-14T16:41:00,Unsubscribed,0
937,2025-02-03T14:42:20,Email Open,0
2940,2025-01-14T22:46:46,SMS Sent,0
2240,2025-01-28T08:11:09,Clicked Email,0
2256,2025-01-26T06:01:28,SMS Delivered,0
2722,2025-02-22T15:42:25,Blotout Viewed Product Xyz,0
734,2025-01-16T00:55:07,Clicked Email,0
1148,2025-03-28T17:32:15,Viewed Product.,0
2502,2025-03-18T01:57:46,Viewed Product XYZ   ,0
1596,2025-03-19T20:13:39,Clicked email link,0
1967,2025-01-31T23:00:48,Clicked email to unsubscribe,0
806,2025-04-13T01:54:35,Blotout Viewed Product Xyz,0
2272,2025-03-30T12:52:09,Opened Email,0
1420,2025-03-27T09:40:47,SMS Delivered,0
1339,2025-03-04T15:11:17,Viewed Product.,0
221,2025-04-22T19:34:18,SMS Sent,0
1904,2025-03-23T09:20:57,Black Crow Identified,0
1467,2025-02-12T13:09:19,SMS Sent,0
182,2025-03-22T10:25:01,Clicked email link,0
615,2025-03-22T23:43:52,Clicked email link,0
1436,2025-02-13T12:13:36,Clicked email link,0
1698,2025-02-26T14:28:21,Active on Site,0
1143,2025-01-01T18:18:57,Blotout Viewed Product Xyz,0
2055,2025-01-19T01:49:47,SMS Sent,0
1097,2025-02-08T00:30:16,Black Crow Identified,0
2911,2025-02-15T10:36:24,Viewed Product XYZ   ,0
2376,2025-03-13T07:28:48,Octane: Quiz Completed: Find The Perfect Eye Shadow   .,0
185,2025-01-01T03:24:13,Active on Site,0
1674,2025-04-23T15:25:24,Order Placed,1
2049,2025-02-22T12:55:31,Octane: Quiz Completed: Find The Perfect Eye Shadow   .,0
456,2025-03-20T21:54:09,Black Crow Identified,0
1584,2025-02-10T17:20:43,Active on Site,0
2351,2025-03-05T06:37:14,SMS Sent,0
914,2025-04-28T08:54:22,Placed Order,1
1848,2025-04-13T09:00:00,Placed Order,1
49,2025-01-01T23:52:16,Clicked email to unsubscribe,0
1780,2025-03-31T13:19:44,Viewed Product XYZ   ,0
2461,2025-04-03T18:44:56,Order Placed,1
572,2025-03-08T07:36:15,Black Crow Identified,0
2218,2025-02-09T07:24:34,Octane: Quiz Completed: Find The Perfect Eye Shadow   .,0
1308,2025-01-05T04:36:40,Active on Site,1
323,2025-04-02T06:03:57,Placed Order,1
959,2025-03-23T12:00:55,Email Open,0
2759,2025-01-19T13:21:20,SMS Delivered,0
735,2025-03-10T12:44:18,Blotout Viewed Product Xyz,0
1602,2025-03-11T14:35:54,Active on Site,1
2113,2025-03-10T15:44:50,Email Open,0
1369,2025-01-28T10:15:12,Black Crow Identified,0
649,2025-02-27T11:08:06,SMS Delivered,0
1193,2025-04-06T15:54:35,Clicked email link,0
1618,2025-03-28T20:11:12,Blotout Viewed Product Xyz,0
2874,2025-04-17T01:18:31,Viewed Product.,1
1772,2025-03-02T09:18:19,Viewed Product XYZ   ,0
662,2025-01-02T22:44:17,Octane: Quiz Completed: Find The Perfect Eye Shadow   .,0
1363,2025-03-27T16:15:19,Clicked email to unsubscribe,0
1522,2025-04-27T09:15:04,Email Open,0
1836,2025-01-18T01:04:24,Opened Email,0
2434,2025-03-09T08:53:55,Order Placed,1
1788,2025-01-23T15:55:48,Opened Email,0
379,2025-03-18T21:43:14,Active on Site,0
1864,2025-03-24T04:35:39,Viewed Product XYZ   ,0
2494,2025-03-07T18:45:21,Clicked email link,0
1508,2025-04-18T00:37:52,SMS Delivered,0
2831,2025-01-10T15:15:34,Active on Site,1
994,2025-04-18T07:28:03,Placed Order,1
758,2025-02-27T18:29:02,Placed Order,1
1646,2025-04-23T00:59:25,Viewed Product XYZ   ,1
1639,2025-04-24T17:01:06,Viewed Product XYZ   ,0
2369,2025-01-10T14:34:49,Blotout Viewed Product Xyz,0
1080,2025-01-26T02:37:21,SMS Sent,0
2666,2025-04-28T05:26:57,Viewed Product.,0
2153,2025-02-08T04:39:38,Email Open,0
1006,2025-01-31T01:34:53,SMS Sent,0
1859,2025-04-08T21:57:19,Order Placed,1
190,2025-02-03T09:34:53,Octane: Quiz Completed: Find The Perfect Eye Shadow   .,0
2807,2025-04-06T04:38:18,Order Placed,1
1960,2025-02-18T18:41:30,SMS Sent,0
2474,2025-02-18T07:12:28,Unsubscribed,0
373,2025-03-06T03:39:43,Unsubscribed,0
2338,2025-02-02T08:52:13,Black Crow Identified,0
2308,2025-04-19T15:39:49,Black Crow Identified,0
2015,2025-03-23T15:10:54,SMS Delivered,0
1333,2025-02-09T07:24:13,SMS Sent,0
2478,2025-04-27T18:31:55,Clicked email to unsubscribe,1
1593,2025-01-13T03:48:04,Clicked email link,0
2981,2025-01-24T16:50:09,Viewed Product XYZ   ,0
1009,2025-03-26T05:49:22,Placed Order,1
1224,2025-02-28T01:38:03,Unsubscribed,0
2298,2025-03-08T07:26:11,Clicked email link,0
2265,2025-03-26T12:20:01,Black Crow Identified,0
1424,2025-03-07T16:28:43,Octane: Quiz Completed: Find The Perfect Eye Shadow   .,0
534,2025-04-08T06:43:00,SMS Delivered,0
1680,2025-03-25T21:34:46,Blotout Viewed Product Xyz,0
2369,2025-04-03T02:01:45,Octane: Quiz Completed: Find The Perfect Eye Shadow   .,0
2984,2025-04-13T19:21:41,Octane: Quiz Completed: Find The Perfect Eye Shadow   .,0
2142,2025-04-03T05:02:32,Black Crow Identified,0
2246,2025-02-02T13:58:49,Placed Order,1
579,2025-04-16T21:19:06,Octane: Quiz Completed: Find The Perfect Eye Shadow   .,0
1647,2025-03-24T12:43:18,Unsubscribed,0
209,2025-04-20T00:45:45,Viewed Product.,0
128,2025-04-26T02:23:30,Clicked email to unsubscribe,0
1755,2025-04-03T00:47:01,Octane: Quiz Completed: Find The Perfect Eye Shadow   .,0
2005,2025-03-18T09:11:08,Email Open,0
2502,2025-02-21T03:43:45,Viewed Product.,0
2681,2025-01-23T09:44:05,Viewed Product.,0
1674,2025-03-02T08:17:11,Blotout Viewed Product Xyz,0
1446,2025-04-04T21:34:44,Black Crow Identified,0
680,2025-02-15T05:59:43,Opened Email,0
2793,2025-01-16T08:30:03,SMS Delivered,0
2321,2025-01-04T15:06:06,Blotout Viewed Product Xyz,0
2481,2025-02-19T15:04:27,Clicked email to unsubscribe,0
1460,2025-03-15T04:02:48,Opened Email,0
374,2025-04-12T18:12:32,Clicked email to unsubscribe,0
870,2025-04-28T18:08:22,Black Crow Identified,0
1609,2025-03-10T23:38:52,Clicked email link,0
2429,2025-04-17T00:56:28,Octane: Quiz Completed: Find The Perfect Eye Shadow   .,0
1174,2025-02-19T01:50:56,Blotout Viewed Product Xyz,0
2791,2025-02-09T03:06:42,Viewed Product XYZ   ,0
1798,2025-03-02T12:30:20,SMS Sent,0
1721,2025-04-29T02:20:28,SMS Delivered,0
1495,2025-01-31T10:43:08,Active on Site,0
2908,2025-02-01T00:19:39,Viewed Product XYZ   ,0
2327,2025-01-30T11:58:46,Black Crow Identified,0
2007,2025-01-21T02:33:39,Clicked email link,0
2902,2025-03-10T21:30:02,Email Open,0
1829,2025-03-22T17:57:42,Black Crow Identified,0
2139,2025-04-29T23:30:09,Opened Email,1
2330,2025-04-15T19:45:58,Black Crow Identified,0
1461,2025-01-14T06:20:03,SMS Sent,0
591,2025-02-01T07:24:31,Opened Email,0
451,2025-04-04T06:16:15,Clicked email link,0
1759,2025-04-27T10:05:46,Clicked Email,0
2280,2025-03-22T18:36:22,Active on Site,0
2447,2025-02-21T05:57:55,Black Crow Identified,0
2696,2025-04-25T13:28:32,Clicked email link,0
2235,2025-04-08T06:19:16,Viewed Product XYZ   ,0
2137,2025-04-10T05:07:00,Viewed Product.,0
2659,2025-02-08T21:22:17,Placed Order,1
2208,2025-03-14T15:45:12,Octane: Quiz Completed: Find The Perfect Eye Shadow   .,0
216,2025-01-02T01:41:41,Viewed Product XYZ   ,0
37,2025-03-25T10:38:40,Octane: Quiz Completed: Find The Perfect Eye Shadow   .,0
2711,2025-03-20T13:40:22,Blotout Viewed Product Xyz,0
760,2025-04-19T15:15:17,Blotout Viewed Product Xyz,0
1385,2025-02-05T22:55:54,Placed Order,1
2402,2025-01-24T07:56:36,Active on Site,0
2171,2025-01-19T13:29:37,Clicked Email,0
625,2025-01-29T14:40:39,Viewed Product.,0
770,2025-01-15T07:15:24,Octane: Quiz Completed: Find The Perfect Eye Shadow   .,0
558,2025-01-26T14:34:22,Viewed Product.,0
1949,2025-01-06T17:38:44,Opened Email,0
2534,2025-01-21T23:21:24,Placed Order,1
69,2025-03-09T11:37:17,Viewed Product XYZ   ,0
76,2025-02-02T05:48:28,SMS Delivered,0
1608,2025-02-15T22:46:48,Opened Email,0
20,2025-03-15T13:23:07,Email Open,0
2039,2025-01-12T21:18:58,Clicked email link,0
1452,2025-03-21T06:52:57,Viewed Product.,0
675,2025-02-09T19:50:51,SMS Delivered,0
495,2025-01-09T11:44:52,Order Placed,1
2913,2025-01-11T05:03:01,Order Placed,1
480,2025-02-22T09:20:42,Clicked Email,0
526,2025-04-16T19:42:05,Clicked email to unsubscribe,0
557,2025-02-03T13:26:05,Blotout Viewed Product Xyz,0
235,2025-02-19T11:33:41,SMS Sent,0
1786,2025-01-25T04:52:57,Black Crow Identified,0
2762,2025-03-20T01:23:22,Octane: Quiz Completed: Find The Perfect Eye Shadow   .,0
1082,2025-04-11T14:08:47,Viewed Product.,0
2335,2025-02-25T23:27:38,Opened Email,0
2567,2025-04-07T18:58:24,Viewed Product XYZ   ,0
2715,2025-01-14T00:02:53,Unsubscribed,0
2509,2025-01-12T22:28:26,Viewed Product.,0
1699,2025-02-20T19:39:42,Email Open,1
1531,2025-03-28T09:12:11,Unsubscribed,0
1699,2025-03-20T03:54:38,Clicked email link,0
634,2025-04-17T20:24:23,Email Open,0
967,2025-02-22T00:23:27,Viewed Product XYZ   ,0
1401,2025-01-22T18:39:33,SMS Sent,0
217,2025-02-22T16:44:28,Unsubscribed,0
2512,2025-04-07T08:05:39,Email Open,0
317,2025-01-09T04:46:43,Octane: Quiz Completed: Find The Perfect Eye Shadow   .,0
1601,2025-02-12T02:59:35,Viewed Product XYZ   ,0
2420,2025-01-02T18:27:07,Black Crow Identified,0
137,2025-02-19T08:36:43,Order Placed,1
632,2025-02-23T08:52:20,Viewed Product XYZ   ,0
1715,2025-04-06T04:35:17,Opened Email,0
204,2025-01-03T17:07:17,Clicked Email,0
162,2025-03-01T18:36:23,Blotout Viewed Product Xyz,0
1622,2025-04-21T06:10:01,Clicked email link,0
800,2025-04-09T21:40:54,Octane: Quiz Completed: Find The Perfect Eye Shadow   .,0
1752,2025-01-08T17:01:38,Viewed Product.,0
1796,2025-03-09T04:07:13,SMS Delivered,0
2304,2025-04-19T02:56:04,Email Open,0
971,2025-04-22T20:22:28,Unsubscribed,0
2566,2025-01-24T12:44:26,Clicked email to unsubscribe,0
2315,2025-02-11T01:47:39,Viewed Product.,0
1767,2025-04-18T19:13:19,Clicked email link,0
311,2025-02-21T08:36:28,Octane: Quiz Completed: Find The Perfect Eye Shadow   .,0
1513,2025-01-31T10:13:50,Order Placed,1
636,2025-01-30T04:30:29,Order Placed,1
604,2025-03-02T09:17:03,Black Crow Identified,0
1620,2025-02-02T03:48:43,Order Placed,1
2468,2025-03-16T10:54:20,SMS Sent,0
2960,2025-04-07T03:10:21,Opened Email,0
381,2025-01-30T16:54:26,Placed Order,1
2458,2025-03-12T01:42:21,Octane: Quiz Completed: Find The Perfect Eye Shadow   .,0
566,2025-02-12T01:53:13,Blotout Viewed Product Xyz,0
2533,2025-03-28T09:54:12,Placed Order,1
1165,2025-01-12T15:20:19,Clicked email link,0
285,2025-01-11T23:54:24,Order Placed,1
330,2025-01-21T20:50:24,Clicked email to unsubscribe,0
320,2025-02-27T16:31:01,Clicked email to unsubscribe,0
2807,2025-04-17T03:54:37,Order Placed,1
1627,2025-02-14T21:03:05,Octane: Quiz Completed: Find The Perfect Eye Shadow   .,0
2753,2025-04-05T16:04:07,SMS Delivered,0
2867,2025-02-10T06:53:40,Clicked email link,0
2629,2025-04-02T10:08:28,Clicked email link,0
1619,2025-04-02T22:44:30,Active on Site,0
519,2025-03-30T14:41:13,SMS Delivered,0
2813,2025-04-29T17:45:08,Viewed Product.,0
88,2025-04-21T23:54:23,Order Placed,1
2794,2025-01-01T10:02:58,Clicked Email,0
2901,2025-04-14T04:49:46,Unsubscribed,0
154,2025-01-12T12:04:00,Octane: Quiz Completed: Find The Perfect Eye Shadow   .,0
2171,2025-03-09T04:41:08,Viewed Product XYZ   ,0
1895,2025-04-07T19:39:35,Clicked Email,0
2333,2025-01-19T01:08:21,Clicked email link,0
2309,2025-03-29T08:56:43,SMS Sent,0
1682,2025-04-20T07:22:49,Opened Email,0
2640,2025-01-05T15:21:57,Placed Order,1
1637,2025-04-03T20:30:04,Unsubscribed,0
1482,2025-04-07T12:11:00,Clicked email to unsubscribe,0
2922,2025-01-31T07:54:37,SMS Delivered,0
1173,2025-03-29T00:45:48,Active on Site,0
1976,2025-04-08T18:58:47,SMS Sent,0
2373,2025-04-28T21:32:49,Viewed Product XYZ   ,0
2660,2025-01-10T08:39:11,Black Crow Identified,0
2654,2025-04-25T17:45:05,Placed Order,1
933,2025-01-18T07:58:34,Viewed Product.,0
904,2025-04-08T11:41:08,Placed Order,1
1090,2025-02-10T18:33:39,Clicked email to unsubscribe,0
1256,2025-03-31T00:30:40,Email Open,0
1014,2025-02-20T02:31:49,Clicked email link,0
2405,2025-04-09T15:21:58,Email Open,0
2247,2025-01-08T04:36:42,Clicked email to unsubscribe,0
1392,2025-03-31T19:46:00,Clicked Email,0
1334,2025-01-30T20:53:30,Unsubscribed,0
571,2025-04-03T08:23:26,SMS Sent,0
2472,2025-01-15T21:45:44,SMS Sent,0
2444,2025-01-19T02:40:13,Order Placed,1
560,2025-04-03T17:58:08,Viewed Product XYZ   ,0
2860,2025-04-24T08:45:32,Email Open,0
2506,2025-02-12T10:19:01,Active on Site,0
2008,2025-02-25T17:10:33,Octane: Quiz Completed: Find The Perfect Eye Shadow   .,0
87,2025-01-22T14:27:47,Viewed Product XYZ   ,0
600,2025-02-16T15:53:55,Black Crow Identified,0
2958,2025-03-26T19:17:53,Viewed Product XYZ   ,0
2911,2025-04-07T20:49:15,Active on Site,0
653,2025-03-01T17:57:11,Opened Email,0
1813,2025-03-30T15:36:41,Blotout Viewed Product Xyz,0
2580,2025-02-13T05:56:08,Black Crow Identified,1
1373,2025-04-11T04:01:47,Order Placed,1
459,2025-04-19T16:40:28,Black Crow Identified,0
1970,2025-01-11T06:33:07,Order Placed,1
1587,2025-01-04T20:08:22,Opened Email,0
1640,2025-04-21T20:41:20,SMS Delivered,0
2434,2025-04-26T13:39:22,Viewed Product XYZ   ,0
231,2025-03-11T17:00:44,Email Open,0
2087,2025-02-21T17:16:08,Black Crow Identified,0
2681,2025-03-09T13:54:59,Blotout Viewed Product Xyz,0
2103,2025-03-19T03:34:08,Active on Site,0
410,2025-03-27T12:50:17,SMS Sent,1
1521,2025-02-07T23:26:50,Opened Email,0
2091,2025-04-16T19:16:06,Clicked Email,0
2985,2025-01-02T20:14:15,Clicked Email,0
1498,2025-02-25T05:00:43,SMS Sent,0
567,2025-02-07T20:20:22,SMS Delivered,0
1426,2025-04-07T17:40:53,Blotout Viewed Product Xyz,0
269,2025-02-12T10:28:24,Viewed Product XYZ   ,0
2776,2025-01-06T06:21:06,Clicked email link,0
646,2025-01-01T19:41:28,Black Crow Identified,0
1347,2025-02-16T06:36:01,Email Open,1
1884,2025-04-03T00:00:57,SMS Sent,0
1213,2025-04-25T19:02:43,Email Open,0
1374,2025-03-08T22:24:52,Blotout Viewed Product Xyz,0
322,2025-01-06T16:18:38,Clicked email to unsubscribe,1
184,2025-03-19T14:54:18,Email Open,0
1077,2025-03-25T02:26:47,Placed Order,1
2668,2025-04-23T15:50:23,SMS Delivered,0
2623,2025-02-01T18:12:55,Black Crow Identified,0
2575,2025-03-03T07:29:18,Unsubscribed,0
1862,2025-02-13T04:37:54,Unsubscribed,1
1182,2025-02-25T10:24:54,Placed Order,1
2886,2025-04-24T22:16:03,Clicked email link,0
1444,2025-01-19T15:48:55,Clicked email link,0
2160,2025-01-19T09:29:22,Active on Site,0
2311,2025-03-13T18:38:45,SMS Delivered,0
1318,2025-04-15T12:43:48,Placed Order,1
1910,2025-02-17T02:29:32,Viewed Product.,0
1415,2025-01-29T12:20:27,Clicked Email,0
589,2025-01-12T05:07:37,Unsubscribed,0
2935,2025-04-04T04:28:07,Viewed Product.,0
2549,2025-02-27T08:40:02,Active on Site,0
2030,2025-01-26T04:46:12,Opened Email,0
1708,2025-01-04T08:06:58,Clicked email to unsubscribe,0
1882,2025-04-23T15:28:55,Unsubscribed,0
1397,2025-03-02T03:19:17,Order Placed,1
1422,2025-02-10T05:54:45,Placed Order,1
933,2025-03-08T04:02:32,Unsubscribed,0
2688,2025-03-09T12:46:29,SMS Sent,1
1252,2025-04-20T22:01:25,Viewed Product XYZ   ,0
2783,2025-01-18T12:36:02,SMS Sent,0
1785,2025-03-16T15:45:40,Placed Order,1
239,2025-01-01T09:26:35,Opened Email,0
642,2025-03-12T19:13:10,Clicked Email,0
432,2025-03-24T03:42:10,Viewed Product.,0
1807,2025-03-21T19:20:48,Unsubscribed,0
1242,2025-01-25T05:47:41,Active on Site,0
1578,2025-01-03T09:15:38,Octane: Quiz Completed: Find The Perfect Eye Shadow   .,0
2005,2025-01-23T16:59:19,Viewed Product.,0
616,2025-04-05T10:21:36,Opened Email,0
899,2025-04-08T14:33:50,Viewed Product.,0
1476,2025-01-18T22:34:13,SMS Delivered,0
2204,2025-02-24T21:01:43,Viewed Product XYZ   ,0
1479,2025-02-08T03:00:40,SMS Delivered,0
1850,2025-01-26T01:35:27,Octane: Quiz Completed: Find The Perfect Eye Shadow   .,0
19,2025-04-23T22:08:18,Clicked Email,0
523,2025-01-21T05:54:29,Placed Order,1
1343,2025-02-12T21:56:26,Unsubscribed,0
2075,2025-04-22T07:15:10,Clicked email link,0
2367,2025-04-16T15:23:46,Clicked email to unsubscribe,0
821,2025-03-26T18:36:31,Clicked email to unsubscribe,0
371,2025-02-04T19:18:23,Clicked email link,0
2038,2025-02-26T17:29:33,Order Placed,1
1722,2025-02-21T13:04:19,Octane: Quiz Completed: Find The Perfect Eye Shadow   .,0
2528,2025-02-19T12:20:46,Clicked email to unsubscribe,0
2614,2025-01-24T17:49:52,Clicked Email,0
320,2025-02-07T19:00:04,Blotout Viewed Product Xyz,0
1763,2025-03-27T23:26:56,Placed Order,1
806,2025-04-19T19:24:49,Clicked email link,0
414,2025-04-04T19:15:30,Clicked Email,0
344,2025-04-27T23:18:05,Octane: Quiz Completed: Find The Perfect Eye Shadow   .,0
1110,2025-03-17T04:42:26,Order Placed,1
1240,2025-02-22T08:34:49,Order Placed,1
54,2025-02-13T15:08:30,Clicked email to unsubscribe,0
738,2025-04-19T02:33:12,Clicked email link,0
380,2025-02-03T07:04:07,SMS Delivered,0
427,2025-02-14T20:55:15,Black Crow Identified,0
1089,2025-01-17T07:28:09,Opened Email,0
1093,2025-04-17T23:02:50,Active on Site,0
2506,2025-03-06T02:48:12,Blotout Viewed Product Xyz,0
2215,2025-04-13T01:15:57,Clicked email link,0
2485,2025-03-04T06:46:19,Email Open,0
1673,2025-04-28T17:40:26,Octane: Quiz Completed: Find The Perfect Eye Shadow   .,0
1525,2025-01-23T15:34:46,SMS Delivered,0
2669,2025-04-17T09:34:21,Opened Email,0
525,2025-03-18T00:12:12,SMS Delivered,0
113,2025-03-12T01:43:24,Clicked email link,0
73,2025-04-11T08:26:08,Viewed Product.,0
53,2025-01-02T05:01:59,Octane: Quiz Completed: Find The Perfect Eye Shadow   .,0
1889,2025-02-08T19:08:24,Clicked Email,0
2666,2025-01-05T19:09:04,Black Crow Identified,0
757,2025-02-21T08:02:06,Clicked email link,0
2657,2025-04-21T07:00:48,Active on Site,0
995,2025-04-20T12:39:45,Viewed Product XYZ   ,0
1448,2025-02-20T12:33:54,SMS Sent,0
1161,2025-01-28T05:38:55,Blotout Viewed Product Xyz,0
900,2025-04-03T22:33:04,Blotout Viewed Product Xyz,0
1282,2025-01-24T15:18:29,Viewed Product XYZ   ,0
536,2025-02-25T06:18:44,Clicked Email,0
1393,2025-01-29T22:50:09,Blotout Viewed Product Xyz,0
2217,2025-04-17T03:40:14,Clicked email to unsubscribe,0
1231,2025-01-06T12:37:50,Viewed Product XYZ   ,0
504,2025-03-29T19:40:47,Black Crow Identified,0
942,2025-01-21T11:50:33,Clicked email to unsubscribe,0
2021,2025-02-06T13:45:54,Clicked email link,0
2092,2025-04-15T05:17:48,Blotout Viewed Product Xyz,0
292,2025-04-07T04:11:13,Viewed Product XYZ   ,0
1350,2025-03-12T20:12:57,Viewed Product XYZ   ,1
2764,2025-04-27T03:16:10,SMS Sent,0
177,2025-03-22T05:51:10,Unsubscribed,0
408,2025-02-19T05:23:33,Active on Site,0
128,2025-04-28T14:19:01,Blotout Viewed Product Xyz,0
1957,2025-01-22T10:19:22,SMS Sent,0
736,2025-01-13T12:23:44,Order Placed,1
2207,2025-02-19T23:51:24,SMS Delivered,0
1963,2025-01-18T21:20:12,Black Crow Identified,0
931,2025-04-01T20:06:02,Order Placed,1
2165,2025-01-28T07:18:29,Unsubscribed,0
755,2025-01-19T03:44:34,Clicked email link,0
164,2025-04-06T13:28:26,SMS Sent,0
1982,2025-02-09T12:42:06,Unsubscribed,0
895,2025-01-28T15:48:28,Email Open,0
630,2025-02-06T17:30:22,Clicked Email,0
291,2025-03-18T06:09:37,Opened Email,0
2999,2025-02-05T17:44:15,Order Placed,1
356,2025-01-07T08:40:40,Unsubscribed,0
1190,2025-03-14T20:10:11,Order Placed,1
2679,2025-04-27T07:56:10,Viewed Product.,0
495,2025-04-30T10:32:41,Viewed Product.,0
1205,2025-01-26T13:39:03,Clicked email link,0
1700,2025-01-16T20:37:11,Opened Email,0
2133,2025-02-23T15:14:39,Unsubscribed,0
1843,2025-03-18T14:22:16,Viewed Product.,0
1735,2025-02-08T10:38:08,Unsubscribed,0
1893,2025-02-02T08:04:18,Active on Site,0
2451,2025-03-09T04:34:20,Unsubscribed,0
121,2025-03-14T23:45:14,Clicked email link,0
2482,2025-04-20T22:04:10,SMS Sent,1
2008,2025-02-27T04:57:30,Clicked email to unsubscribe,0
2916,2025-04-03T11:34:12,SMS Delivered,0
2022,2025-02-07T15:34:32,Octane: Quiz Completed: Find The Perfect Eye Shadow   .,0
1003,2025-03-05T06:47:27,Placed Order,1
1378,2025-03-05T02:00:34,SMS Delivered,0
2483,2025-01-12T18:51:52,Clicked email to unsubscribe,0
671,2025-01-07T13:03:34,Order Placed,1
1558,2025-01-25T07:33:30,Clicked email to unsubscribe,0
1501,2025-01-12T05:12:08,SMS Sent,0
2415,2025-03-04T17:05:30,Black Crow Identified,0
944,2025-02-13T09:39:04,Clicked email link,0
2102,2025-03-02T23:10:15,Blotout Viewed Product Xyz,0
2277,2025-02-02T14:41:59,Opened Email,0
2713,2025-03-03T03:01:14,Octane: Quiz Completed: Find The Perfect Eye Shadow   .,0
305,2025-04-09T20:39:33,Clicked email link,0
1129,2025-02-17T21:19:22,Email Open,0
2157,2025-03-21T12:52:46,SMS Sent,0
54,2025-03-06T03:26:21,Unsubscribed,0
100,2025-02-12T17:25:17,SMS Sent,0
1502,2025-03-23T11:56:12,Viewed Product.,0
1432,2025-02-05T13:23:31,Placed Order,1
670,2025-02-28T08:11:41,Placed Order,1
1036,2025-02-01T18:14:11,Blotout Viewed Product Xyz,0
1214,2025-02-01T12:35:46,Placed Order,1
166,2025-04-19T13:15:45,Blotout Viewed Product Xyz,0
137,2025-04-05T18:17:50,Black Crow Identified,0
794,2025-03-20T14:30:34,Active on Site,0
975,2025-01-08T03:08:14,Clicked email to unsubscribe,0
2398,2025-01-28T09:56:52,Viewed Product XYZ   ,0
151,2025-03-03T18:21:48,Clicked Email,0
2682,2025-01-15T02:42:49,Blotout Viewed Product Xyz,0
139,2025-01-01T00:27:01,Blotout Viewed Product Xyz,0
430,2025-04-30T02:10:47,Viewed Product.,0
1274,2025-03-21T17:32:59,Clicked email to unsubscribe,0
2207,2025-01-20T01:34:44,Viewed Product XYZ   ,0
1011,2025-03-09T19:54:23,Clicked email to unsubscribe,0
680,2025-02-21T04:26:19,SMS Sent,0
1860,2025-01-24T07:26:23,Placed Order,1
2129,2025-01-13T17:36:10,Clicked email to unsubscribe,0
327,2025-02-24T22:07:11,Active on Site,0
1372,2025-02-26T22:28:29,Order Placed,1
1125,2025-03-19T21:39:23,Viewed Product XYZ   ,0
1181,2025-04-21T10:59:20,SMS Delivered,0
872,2025-02-19T08:33:54,Order Placed,1
215,2025-02-16T15:43:20,Email Open,0
2682,2025-02-18T17:05:24,Opened Email,0
1229,2025-03-07T02:29:01,Clicked email link,0
2809,2025-04-10T19:51:36,Active on Site,0
52,2025-02-10T13:21:02,Clicked email to unsubscribe,0
2322,2025-04-21T08:13:04,Email Open,0
579,2025-02-22T03:30:57,Clicked email link,0
1917,2025-02-10T13:15:31,Placed Order,1
36,2025-01-30T22:48:42,Unsubscribed,0
795,2025-04-18T10:45:58,Viewed Product XYZ   ,0
1311,2025-03-09T05:49:34,Black Crow Identified,0
75,2025-02-07T14:15:50,Viewed Product.,0
832,2025-04-18T06:45:06,Octane: Quiz Completed: Find The Perfect Eye Shadow   .,0
2463,2025-01-07T18:26:42,Placed Order,1
2650,2025-02-03T08:03:38,Unsubscribed,0
1234,2025-01-12T17:35:35,Clicked Email,0
554,2025-01-23T21:58:39,Clicked email to unsubscribe,0
884,2025-01-09T15:15:22,Email Open,0
2735,2025-04-22T00:58:13,Black Crow Identified,0
172,2025-01-28T09:18:00,Viewed Product XYZ   ,0
2783,2025-02-16T12:55:51,Clicked Email,0
1000,2025-03-28T22:47:51,Opened Email,0
2100,2025-04-11T18:52:26,Email Open,0
593,2025-01-24T20:23:54,Email Open,0
1139,2025-01-06T01:13:59,Opened Email,0
1551,2025-01-11T10:19:24,Order Placed,1
2714,2025-01-02T00:57:53,Blotout Viewed Product Xyz,0
90,2025-02-18T22:19:38,Active on Site,0
2947,2025-04-21T08:49:17,Order Placed,1
758,2025-03-18T12:09:59,Placed Order,1
2246,2025-02-05T12:44:44,Order Placed,1
506,2025-04-13T03:25:19,Placed Order,1
158,2025-02-23T00:20:47,Blotout Viewed Product Xyz,0
1424,2025-02-26T06:02:28,Opened Email,0
1865,2025-01-14T10:52:08,Clicked email link,0
1900,2025-01-01T16:43:45,SMS Sent,0
1994,2025-02-12T05:15:58,Blotout Viewed Product Xyz,0
141,2025-03-10T01:42:10,Clicked email link,1
2727,2025-04-14T22:22:40,Viewed Product XYZ   ,0
2139,2025-02-02T08:07:08,SMS Delivered,0
972,2025-02-25T04:24:55,Email Open,0
1680,2025-03-15T20:35:37,Black Crow Identified,0
1646,2025-03-02T03:59:37,Opened Email,0
1491,2025-01-15T02:03:39,Black Crow Identified,0
59,2025-02-17T12:30:25,Unsubscribed,0
1266,2025-04-13T01:45:24,Blotout Viewed Product Xyz,0
290,2025-04-28T11:29:04,Clicked email link,0
2855,2025-03-30T11:06:13,Clicked email to unsubscribe,0
2701,2025-01-30T08:18:40,Opened Email,0
549,2025-03-25T16:09:08,Black Crow Identified,0
1914,2025-01-26T02:17:03,Email Open,0
1281,2025-04-12T18:36:35,Opened Email,0
2360,2025-02-04T03:17:13,Unsubscribed,0
1924,2025-02-22T12:04:39,Opened Email,0
2519,2025-01-11T02:30:44,Order Placed,1
133,2025-02-21T02:56:40,Unsubscribed,0
1810,2025-04-10T09:36:46,Viewed Product XYZ   ,0
2238,2025-03-06T19:19:35,Email Open,0
757,2025-04-05T00:39:09,SMS Delivered,0
1233,2025-04-25T04:56:52,Blotout Viewed Product Xyz,0
249,2025-01-12T18:46:24,SMS Sent,0
496,2025-04-25T16:13:08,Octane: Quiz Completed: Find The Perfect Eye Shadow   .,0
2092,2025-03-19T21:07:49,Octane: Quiz Completed: Find The Perfect Eye Shadow   .,0
268,2025-03-17T00:22:56,Unsubscribed,0
1948,2025-04-22T23:33:36,Order Placed,1
2782,2025-01-14T10:54:40,Opened Email,0
323,2025-04-12T12:54:38,SMS Delivered,1
950,2025-04-13T21:30:05,Order Placed,1
93,2025-04-11T12:10:33,Clicked Email,1
872,2025-02-25T22:17:57,Email Open,0
1721,2025-01-06T23:59:44,Viewed Product.,0
693,2025-04-07T20:13:31,Clicked email to unsubscribe,0
2187,2025-03-19T18:27:50,SMS Delivered,0
457,2025-01-28T15:05:23,SMS Sent,0
1969,2025-02-27T05:08:32,SMS Delivered,0
2155,2025-04-01T03:49:32,Octane: Quiz Completed: Find The Perfect Eye Shadow   .,0
1821,2025-01-29T04:59:08,Opened Email,0
1249,2025-02-16T08:25:38,Clicked email link,0
1922,2025-04-21T09:14:12,SMS Sent,0
2602,2025-01-14T04:49:20,Opened Email,0
78,2025-02-26T06:50:51,Email Open,0
1317,2025-03-03T02:18:11,Order Placed,1
1520,2025-04-07T11:54:01,Email Open,0
2110,2025-04-01T00:52:31,SMS Sent,0
638,2025-01-21T00:48:53,Opened Email,0
2533,2025-04-27T01:56:09,Order Placed,1
2379,2025-01-20T21:01:15,SMS Delivered,0
1905,2025-02-04T19:05:41,Order Placed,1
2732,2025-01-21T06:21:37,Blotout Viewed Product Xyz,1
119,2025-01-05T13:57:06,SMS Delivered,0
499,2025-04-28T06:41:51,SMS Sent,0
2627,2025-01-10T22:48:27,SMS Delivered,0
599,2025-01-06T23:32:22,Clicked email to unsubscribe,0
102,2025-02-03T01:35:30,Unsubscribed,0
305,2025-01-19T09:54:43,Unsubscribed,0
269,2025-04-24T06:51:49,Placed Order,1
321,2025-03-19T08:11:35,Order Placed,1
1555,2025-02-18T00:39:06,Blotout Viewed Product Xyz,1
849,2025-03-26T20:54:24,Black Crow Identified,0
404,2025-03-26T13:44:59,Black Crow Identified,1
1977,2025-04-13T02:28:54,SMS Delivered,0
2774,2025-01-24T13:22:20,Opened Email,0
1401,2025-01-27T14:57:18,Clicked email link,0
1610,2025-04-07T08:23:51,Octane: Quiz Completed: Find The Perfect Eye Shadow   .,0
694,2025-01-26T20:37:48,Octane: Quiz Completed: Find The Perfect Eye Shadow   .,0
2016,2025-04-28T14:21:32,Octane: Quiz Completed: Find The Perfect Eye Shadow   .,0
1701,2025-03-16T10:36:04,Clicked email to unsubscribe,0
1901,2025-02-18T20:20:12,Active on Site,0
1545,2025-01-05T01:28:50,Viewed Product.,0
61,2025-02-26T00:09:59,Clicked Email,0
702,2025-04-10T04:40:52,Clicked Email,0
391,2025-03-30T00:40:09,Active on Site,0
2184,2025-01-14T04:39:27,Order Placed,1
2600,2025-04-14T07:54:00,Octane: Quiz Completed: Find The Perfect Eye Shadow   .,0
912,2025-04-22T11:58:17,Clicked email link,0
252,2025-03-11T11:46:30,Black Crow Identified,0
1607,2025-03-13T13:49:14,Clicked email link,0
465,2025-03-27T02:07:00,Octane: Quiz Completed: Find The Perfect Eye Shadow   .,0
1535,2025-03-13T12:12:21,Black Crow Identified,0
2702,2025-02-25T12:01:42,Octane: Quiz Completed: Find The Perfect Eye Shadow   .,0
2289,2025-04-11T19:23:37,Clicked email link,0
468,2025-03-11T10:36:15,SMS Delivered,0
2824,2025-02-18T09:10:06,SMS Delivered,0
1766,2025-03-01T21:55:47,Clicked email link,0
583,2025-04-06T18:25:31,Opened Email,0
906,2025-01-15T20:34:54,SMS Sent,0
2412,2025-01-11T07:07:33,Clicked Email,0
375,2025-01-11T16:35:26,Placed Order,1
2313,2025-02-22T04:05:52,Viewed Product XYZ   ,0
1430,2025-02-15T21:07:39,Opened Email,1
1476,2025-03-26T04:18:06,SMS Sent,1
236,2025-03-11T21:30:23,Blotout Viewed Product Xyz,0
198,2025-03-30T02:47:25,Viewed Product.,0
807,2025-04-29T02:08:10,Clicked email to unsubscribe,0
1761,2025-02-04T19:51:23,Viewed Product XYZ   ,0
1436,2025-01-20T03:20:41,SMS Delivered,0
426,2025-03-27T23:35:40,Order Placed,1
920,2025-03-05T12:02:32,Octane: Quiz Completed: Find The Perfect Eye Shadow   .,0
1058,2025-01-28T09:20:57,Clicked email link,0
107,2025-01-20T15:02:59,Octane: Quiz Completed: Find The Perfect Eye Shadow   .,0
1492,2025-02-07T00:16:15,Email Open,0
143,2025-02-12T07:19:44,Unsubscribed,0
2698,2025-03-10T02:42:16,SMS Delivered,0
2,2025-03-13T11:13:05,Clicked Email,0
350,2025-03-04T02:33:11,Black Crow Identified,0
1690,2025-04-17T12:24:02,Black Crow Identified,0
1933,2025-03-14T20:06:37,Unsubscribed,0
2757,2025-01-29T01:39:22,Viewed Product.,0
1338,2025-03-04T10:40:00,Viewed Product XYZ   ,0
2094,2025-01-03T22:25:19,Clicked email to unsubscribe,0
2400,2025-02-08T03:37:19,Active on Site,0
123,2025-02-19T03:29:15,Viewed Product XYZ   ,0
1058,2025-01-11T01:30:32,Opened Email,0
2691,2025-01-06T01:54:02,Clicked email to unsubscribe,0
2100,2025-03-08T23:27:51,Email Open,0
2234,2025-02-02T18:23:10,Octane: Quiz Completed: Find The Perfect Eye Shadow   .,0
1355,2025-02-25T19:05:36,Opened Email,0
968,2025-04-19T12:47:04,Placed Order,1
2885,2025-03-10T17:00:27,Black Crow Identified,0
652,2025-01-15T01:11:56,Active on Site,0
673,2025-03-13T06:37:55,Unsubscribed,0
2269,2025-01-06T22:29:20,Clicked email to unsubscribe,0
336,2025-01-08T16:35:29,Clicked email to unsubscribe,0
1045,2025-02-06T17:52:47,Clicked email link,0
294,2025-01-26T18:02:33,Viewed Product XYZ   ,0
199,2025-01-25T21:00:57,Unsubscribed,0
1608,2025-04-27T22:06:26,Octane: Quiz Completed: Find The Perfect Eye Shadow   .,0
2447,2025-03-19T04:27:31,Viewed Product XYZ   ,0
324,2025-02-26T13:07:26,Viewed Product XYZ   ,1
2579,2025-01-15T10:18:12,Placed Order,1
485,2025-04-03T17:28:05,Viewed Product.,0
1072,2025-03-20T04:01:47,SMS Delivered,0
953,2025-03-27T17:22:34,Placed Order,1
2173,2025-02-04T20:41:27,Order Placed,1
1274,2025-04-09T11:37:25,Blotout Viewed Product Xyz,0
2207,2025-04-20T06:50:27,Order Placed,1
786,2025-03-22T23:10:05,Email Open,0
484,2025-02-28T08:54:13,Unsubscribed,0
2682,2025-01-27T03:57:33,SMS Sent,0
194,2025-04-09T15:34:09,Clicked email link,0
2056,2025-04-26T15:41:30,Octane: Quiz Completed: Find The Perfect Eye Shadow   .,0
1132,2025-04-28T08:20:15,Unsubscribed,0
1374,2025-01-28T00:34:23,Viewed Product.,1
2872,2025-02-27T14:08:20,Viewed Product XYZ   ,0
2472,2025-02-19T19:43:11,Viewed Product.,0
945,2025-04-23T01:55:16,Order Placed,1
454,2025-02-15T06:19:05,Active on Site,0
749,2025-01-23T07:09:11,SMS Delivered,0
2291,2025-01-02T22:28:33,Clicked Email,0
706,2025-01-06T20:34:46,Unsubscribed,0
357,2025-01-12T22:02:34,Email Open,0
1588,2025-03-20T07:18:53,Email Open,0
2709,2025-02-14T19:02:11,Clicked Email,0
2654,2025-04-01T07:26:35,Clicked email to unsubscribe,0
1909,2025-03-05T12:35:34,Unsubscribed,0
2153,2025-02-17T02:02:36,SMS Delivered,0
559,2025-04-01T00:36:57,Viewed Product XYZ   ,0
2984,2025-03-30T04:34:05,Blotout Viewed Product Xyz,0
774,2025-03-19T07:01:16,Email Open,0
2925,2025-03-09T13:36:12,SMS Sent,0
1536,2025-03-13T07:08:22,Placed Order,1
270,2025-02-20T17:04:27,Blotout Viewed Product Xyz,0
1653,2025-02-14T00:20:31,SMS Delivered,0
1554,2025-03-17T06:22:17,Clicked email link,0
2189,2025-01-14T03:00:16,Order Placed,1
1032,2025-04-16T05:41:19,Unsubscribed,0
1457,2025-03-01T18:50:16,Active on Site,0
1071,2025-04-03T14:56:17,Active on Site,0
2328,2025-02-10T14:21:00,Email Open,0
616,2025-02-23T22:21:02,Clicked email to unsubscribe,0
1419,2025-04-06T23:50:14,Blotout Viewed Product Xyz,0
2297,2025-04-05T17:59:40,Black Crow Identified,0
2003,2025-02-02T07:16:13,Active on Site,0
568,2025-02-25T17:49:40,Active on Site,0
1841,2025-02-26T01:08:35,Clicked email to unsubscribe,0
2615,2025-03-15T15:52:53,Clicked email link,0
113,2025-02-18T23:09:28,SMS Sent,0
636,2025-02-08T00:23:00,Octane: Quiz Completed: Find The Perfect Eye Shadow   .,0
1487,2025-02-22T21:16:28,Active on Site,0
2223,2025-01-23T13:26:43,Octane: Quiz Completed: Find The Perfect Eye Shadow   .,0
2763,2025-03-22T23:56:58,Clicked email to unsubscribe,0
189,2025-04-18T04:55:00,Clicked email to unsubscribe,0
2659,2025-02-26T13:45:33,Viewed Product XYZ   ,0
115,2025-02-24T08:57:56,Blotout Viewed Product Xyz,0
81,2025-04-26T22:45:30,Opened Email,0
1455,2025-04-14T02:38:54,Email Open,0
412,2025-04-23T21:38:24,Email Open,0
2871,2025-02-25T12:02:04,Viewed Product.,0
1691,2025-03-11T14:28:01,SMS Delivered,0
1503,2025-03-13T00:32:31,Clicked email to unsubscribe,0
352,2025-03-19T07:04:11,Opened Email,0
1579,2025-03-31T08:11:04,Clicked email to unsubscribe,0
34,2025-01-21T22:08:38,Opened Email,0
2646,2025-01-28T19:39:09,Viewed Product XYZ   ,0
571,2025-03-29T15:41:05,Unsubscribed,1
338,2025-01-24T08:35:42,Order Placed,1
2998,2025-01-05T09:52:22,Octane: Quiz Completed: Find The Perfect Eye Shadow   .,0
232,2025-04-09T11:06:58,Active on Site,0
171,2025-04-13T09:08:23,Opened Email,0
382,2025-02-12T10:39:26,Unsubscribed,0
1428,2025-02-21T22:42:22,Viewed Product.,0
667,2025-01-11T10:35:19,SMS Sent,0
1273,2025-04-19T22:51:49,Order Placed,1
2103,2025-03-04T11:58:35,Clicked email to unsubscribe,0
2737,2025-02-20T02:41:01,Clicked email link,0
89,2025-01-14T15:36:34,Unsubscribed,0
1733,2025-04-05T01:50:08,SMS Sent,0
488,2025-01-04T11:36:53,Clicked Email,0
164,2025-02-07T16:28:49,Viewed Product.,0
2588,2025-02-12T02:26:34,Clicked email to unsubscribe,0
1825,2025-01-30T04:30:59,Opened Email,0
1625,2025-02-11T18:48:58,Clicked email to unsubscribe,0
2562,2025-03-13T15:41:14,Octane: Quiz Completed: Find The Perfect Eye Shadow   .,0
2466,2025-04-04T23:12:38,Clicked email link,0
1130,2025-01-06T14:13:44,Viewed Product.,0
102,2025-03-14T14:06:10,Unsubscribed,1
1429,2025-03-28T09:35:20,Order Placed,1
100,2025-01-06T06:00:28,Unsubscribed,0
2839,2025-04-21T12:20:09,Octane: Quiz Completed: Find The Perfect Eye Shadow   .,0
1572,2025-04-09T01:50:17,Active on Site,0
2852,2025-03-02T21:06:04,Clicked email to unsubscribe,0
146,2025-04-12T09:18:15,Clicked email to unsubscribe,0
1661,2025-03-20T06:41:21,Clicked email to unsubscribe,0
540,2025-04-11T03:43:08,Octane: Quiz Completed: Find The Perfect Eye Shadow   .,0
2956,2025-04-08T15:01:38,Octane: Quiz Completed: Find The Perfect Eye Shadow   .,0
152,2025-02-26T22:27:37,Placed Order,1
123,2025-02-23T08:05:00,SMS Sent,0
801,2025-01-21T19:52:26,Email Open,0
2041,2025-02-19T13:31:02,Viewed Product.,0
1348,2025-03-03T20:04:44,Black Crow Identified,0
580,2025-04-16T00:34:34,SMS Delivered,0
1713,2025-02-03T16:13:43,Clicked Email,0
1995,2025-03-03T06:18:41,Clicked Email,0
190,2025-03-03T09:59:17,Order Placed,1
1368,2025-04-05T10:00:04,Clicked email link,0
1008,2025-04-24T01:17:19,Opened Email,0
1659,2025-04-24T23:45:26,Unsubscribed,0
426,2025-03-08T16:46:12,Octane: Quiz Completed: Find The Perfect Eye Shadow   .,0
2637,2025-04-25T05:15:52,Clicked email to unsubscribe,0
2845,2025-04-22T22:05:13,Order Placed,1
771,2025-02-26T18:02:59,Active on Site,0
1866,2025-02-23T22:04:44,Unsubscribed,0
2296,2025-03-07T03:08:37,Order Placed,1
2526,2025-02-28T05:19:35,Viewed Product.,0
1814,2025-01-10T11:38:57,Clicked email to unsubscribe,0
2420,2025-02-18T07:57:20,Opened Email,0
1688,2025-01-10T17:10:13,Opened Email,0
836,2025-01-05T13:15:37,Viewed Product.,0
2759,2025-01-30T15:04:59,Active on Site,0
28,2025-02-27T02:33:57,Clicked email link,0
1329,2025-03-29T04:09:53,Black Crow Identified,0
2692,2025-02-23T12:56:21,Octane: Quiz Completed: Find The Perfect Eye Shadow   .,0
546,2025-02-14T06:55:17,SMS Delivered,0
502,2025-03-28T21:33:28,SMS Sent,0
1485,2025-01-09T13:20:26,Clicked email to unsubscribe,0
2277,2025-03-20T04:35:01,Clicked email to unsubscribe,0
1970,2025-04-13T04:20:56,SMS Delivered,0
1521,2025-04-05T21:55:07,Clicked Email,0
2113,2025-04-28T04:46:05,Unsubscribed,0
594,2025-03-05T17:41:38,Viewed Product.,0
2358,2025-01-29T14:39:06,Active on Site,0
2339,2025-04-15T00:21:04,Viewed Product.,0
423,2025-01-16T20:31:05,Blotout Viewed Product Xyz,0
713,2025-01-20T23:37:40,Clicked email link,0
2307,2025-04-06T07:41:06,Octane: Quiz Completed: Find The Perfect Eye Shadow   .,0
2044,2025-04-07T09:27:20,Octane: Quiz Completed: Find The Perfect Eye Shadow   .,0
1375,2025-01-23T07:46:30,Viewed Product XYZ   ,1
184,2025-03-11T01:09:37,Viewed Product.,0
2175,2025-02-11T12:24:47,Clicked Email,0
2118,2025-01-10T12:16:16,Clicked email link,1
2099,2025-01-08T11:25:35,Placed Order,1
2427,2025-04-17T05:22:39,SMS Delivered,0
2588,2025-02-14T15:21:52,Placed Order,1
2842,2025-04-03T20:57:41,Email Open,0
1153,2025-03-13T14:13:41,Viewed Product XYZ   ,0
2562,2025-03-14T03:48:59,Viewed Product.,0
2268,2025-03-27T22:40:30,Viewed Product.,0
1404,2025-01-12T01:27:19,Blotout Viewed Product Xyz,0
2688,2025-02-01T12:51:45,Opened Email,0
1952,2025-03-01T09:15:58,Unsubscribed,0
2717,2025-01-21T04:19:48,Opened Email,0
1602,2025-02-25T18:33:00,Order Placed,1
2841,2025-03-11T11:28:17,Clicked email to unsubscribe,1
455,2025-03-08T00:24:39,Placed Order,1
1934,2025-01-24T20:18:10,SMS Sent,0
155,2025-02-19T14:36:23,Viewed Product.,0
1348,2025-01-23T10:51:18,Clicked email link,0
2635,2025-04-13T05:00:10,Octane: Quiz Completed: Find The Perfect Eye Shadow   .,0
2815,2025-03-26T23:31:36,Viewed Product XYZ   ,0
1256,2025-02-13T00:11:32,Unsubscribed,0
2109,2025-01-07T21:47:20,Order Placed,1
1233,2025-04-29T13:27:40,Opened Email,0
2225,2025-01-17T12:01:53,Black Crow Identified,0
2705,2025-01-11T06:10:16,Order Placed,1
1727,2025-04-29T17:30:36,Blotout Viewed Product Xyz,0
24,2025-02-13T14:46:36,Clicked email to unsubscribe,0
2195,2025-01-17T04:31:15,Viewed Product XYZ   ,0
1862,2025-02-03T17:01:02,Viewed Product.,0
1154,2025-01-07T02:43:51,Clicked email link,1
25,2025-04-10T20:03:50,Viewed Product.,0
682,2025-04-08T17:15:23,Octane: Quiz Completed: Find The Perfect Eye Shadow   .,0
1759,2025-04-02T11:51:23,Placed Order,1
1232,2025-03-20T23:45:45,Placed Order,1
1108,2025-01-05T23:27:44,Viewed Product.,0
1041,2025-01-07T01:16:15,Blotout Viewed Product Xyz,0
2111,2025-03-25T05:01:11,Clicked Email,0
2095,2025-03-10T15:19:28,Clicked email link,0
1784,2025-04-07T01:51:58,Opened Email,0
1152,2025-04-01T01:07:35,Active on Site,0
2898,2025-01-31T07:09:02,SMS Sent,0
2007,2025-01-01T11:09:53,Placed Order,1
2088,2025-03-20T06:22:48,Viewed Product.,0
2589,2025-04-11T05:53:38,Viewed Product.,0
2258,2025-01-31T03:06:41,SMS Delivered,0
1968,2025-01-19T08:10:34,SMS Delivered,0
2633,2025-03-02T18:15:21,Viewed Product XYZ   ,0
873,2025-02-18T03:04:18,Viewed Product XYZ   ,0
1403,2025-04-04T08:15:07,Clicked email to unsubscribe,0
1558,2025-01-25T01:03:43,Email Open,0
1779,2025-02-09T20:22:39,Unsubscribed,0
607,2025-04-08T12:51:47,Email Open,0
1123,2025-01-09T06:33:41,SMS Sent,0
402,2025-01-05T11:35:19,Placed Order,1
1079,2025-02-11T12:06:18,Viewed Product XYZ   ,0
88,2025-02-07T06:57:35,Clicked email to unsubscribe,0
1455,2025-01-31T07:33:22,Octane: Quiz Completed: Find The Perfect Eye Shadow   .,0
446,2025-01-19T05:15:06,Viewed Product.,0
121,2025-04-26T07:12:15,Clicked Email,0
2997,2025-01-21T09:08:43,Clicked email link,0
2033,2025-02-14T00:03:17,Order Placed,1
427,2025-01-21T21:56:49,Clicked email link,0
2921,2025-01-04T18:50:26,SMS Sent,0
1720,2025-03-29T08:02:13,Placed Order,1
2568,2025-03-07T16:12:39,SMS Sent,0
1011,2025-04-17T20:51:23,Email Open,0
1638,2025-04-22T22:14:56,Black Crow Identified,0
1095,2025-04-24T03:02:16,Viewed Product XYZ   ,0
773,2025-04-20T05:25:22,Black Crow Identified,0
306,2025-04-20T10:03:01,Placed Order,1
1847,2025-01-20T01:47:53,Viewed Product.,0
86,2025-02-09T03:04:34,Viewed Product XYZ   ,0
2091,2025-01-17T11:20:56,Blotout Viewed Product Xyz,0
1774,2025-02-20T19:13:51,Blotout Viewed Product Xyz,0
2331,2025-02-17T04:07:49,Opened Email,0
1725,2025-02-16T10:07:55,Black Crow Identified,0
973,2025-01-28T16:41:50,Opened Email,0
1712,2025-02-03T13:52:29,Viewed Product XYZ   ,0
2513,2025-02-27T21:25:41,Order Placed,1
197,2025-03-02T18:51:53,Clicked email link,0
2471,2025-03-26T16:55:15,Black Crow Identified,0
1405,2025-01-26T19:05:10,Octane: Quiz Completed: Find The Perfect Eye Shadow   .,0
1950,2025-03-02T09:10:44,Blotout Viewed Product Xyz,0
1536,2025-01-20T01:47:06,Black Crow Identified,0
2414,2025-02-05T08:13:30,Viewed Product.,0
2011,2025-01-18T04:23:16,Email Open,0
2898,2025-03-21T02:26:01,Clicked email to unsubscribe,0
139,2025-03-11T10:39:11,Blotout Viewed Product Xyz,0
1482,2025-03-08T01:52:51,Order Placed,1
2407,2025-03-15T06:24:24,Black Crow Identified,0
2458,2025-03-08T10:08:44,Clicked Email,0
1639,2025-03-28T05:14:27,Viewed Product XYZ   ,0
2117,2025-03-03T01:22:26,Octane: Quiz Completed: Find The Perfect Eye Shadow   .,0
2285,2025-01-26T08:19:09,Clicked email to unsubscribe,0
743,2025-02-17T12:29:20,SMS Delivered,0
1119,2025-01-01T11:35:43,Black Crow Identified,0
1375,2025-04-19T03:31:19,Active on Site,0
1703,2025-02-25T09:30:52,Unsubscribed,0
1512,2025-04-08T23:24:44,Opened Email,0
1164,2025-03-17T13:09:28,Clicked Email,0
962,2025-02-11T02:31:33,Order Placed,1
2323,2025-04-15T12:40:53,Clicked email link,0
168,2025-01-16T01:10:46,Active on Site,0
2339,2025-01-14T02:09:33,Order Placed,1
2893,2025-02-26T23:07:23,Email Open,0
1302,2025-01-17T10:11:51,Clicked Email,1
1860,2025-01-14T07:56:53,Placed Order,1
204,2025-01-09T20:00:11,Viewed Product XYZ   ,0
1808,2025-01-14T15:17:18,Placed Order,1
1900,2025-02-03T13:26:53,Octane: Quiz Completed: Find The Perfect Eye Shadow   .,0
157,2025-01-14T17:27:46,SMS Sent,0
1007,2025-03-19T15:15:23,Order Placed,1
2874,2025-03-15T03:07:59,SMS Sent,0
1720,2025-02-25T10:36:51,Clicked email link,0
2363,2025-03-14T03:21:24,SMS Delivered,0
615,2025-02-01T17:13:11,Blotout Viewed Product Xyz,0
372,2025-01-21T19:09:25,Blotout Viewed Product Xyz,0
1623,2025-03-31T22:06:45,Clicked email link,0
2055,2025-04-10T16:42:29,Placed Order,1
2135,2025-03-14T04:58:47,SMS Sent,0
2306,2025-04-27T23:44:02,Active on Site,0
833,2025-04-13T22:03:47,Active on Site,0
1972,2025-01-19T10:23:55,Clicked email to unsubscribe,0
1117,2025-04-15T12:28:38,Opened Email,0
1566,2025-03-18T22:30:56,Clicked email to unsubscribe,0
1154,2025-01-24T01:21:12,Black Crow Identified,0
94,2025-03-25T13:56:42,Clicked Email,0
2059,2025-04-15T02:14:21,SMS Delivered,0
1699,2025-03-14T09:03:12,Clicked email to unsubscribe,0
2858,2025-01-24T17:56:36,Black Crow Identified,0
911,2025-04-29T21:39:13,Active on Site,0
572,2025-04-08T23:10:56,Viewed Product XYZ   ,0
360,2025-02-20T13:47:10,Black Crow Identified,0
520,2025-02-13T13:57:14,SMS Delivered,0
2667,2025-04-20T12:14:22,Placed Order,1
1356,2025-01-14T09:24:33,SMS Delivered,0
223,2025-02-21T19:01:49,SMS Delivered,0
217,2025-03-13T14:20:20,SMS Delivered,0
1820,2025-03-23T06:56:12,Email Open,0
1570,2025-03-22T22:37:20,SMS Sent,0
1823,2025-04-19T23:24:04,Black Crow Identified,0
1211,2025-01-20T20:58:49,Viewed Product XYZ   ,0
988,2025-01-05T16:31:55,Email Open,0
1732,2025-02-20T16:36:23,Email Open,0
2967,2025-02-14T21:52:04,Order Placed,1
1680,2025-01-22T18:09:17,Clicked email to unsubscribe,0
2811,2025-03-03T08:19:01,Clicked Email,0
2642,2025-04-13T13:47:10,Clicked email to unsubscribe,0
465,2025-01-17T03:23:53,Clicked email link,0
156,2025-02-19T18:32:29,Viewed Product XYZ   ,0
1097,2025-01-30T17:10:04,SMS Delivered,0
1336,2025-01-07T02:54:36,Opened Email,0
2805,2025-01-05T21:56:59,Viewed Product.,0
143,2025-04-14T20:53:41,Octane: Quiz Completed: Find The Perfect Eye Shadow   .,0
1888,2025-01-12T04:10:32,Unsubscribed,0
1087,2025-02-21T07:20:52,Clicked Email,0
2536,2025-03-30T01:10:09,Black Crow Identified,0
2604,2025-03-20T04:07:59,Active on Site,0
160,2025-02-19T19:01:23,Viewed Product XYZ   ,0
293,2025-02-02T11:07:47,SMS Sent,0
1204,2025-03-16T17:52:55,Clicked email to unsubscribe,0
1581,2025-01-21T06:45:28,SMS Sent,1
1422,2025-04-30T21:33:06,Blotout Viewed Product Xyz,0
1363,2025-03-06T16:40:00,Email Open,0
1970,2025-02-11T07:02:20,SMS Delivered,0
2615,2025-04-28T11:00:41,Clicked email link,0
2514,2025-04-22T14:30:25,Placed Order,1
954,2025-02-28T13:59:01,Order Placed,1
809,2025-01-04T22:45:12,Unsubscribed,0
2723,2025-01-12T06:20:08,Clicked email to unsubscribe,0
2425,2025-02-02T17:17:04,Placed Order,1
2833,2025-01-28T07:57:19,Email Open,0
227,2025-04-21T17:54:14,Viewed Product XYZ   ,0
656,2025-02-12T14:54:47,Clicked email to unsubscribe,0
794,2025-04-13T07:43:39,Clicked Email,0
2090,2025-03-24T12:56:22,Viewed Product.,0
1790,2025-03-19T01:54:00,SMS Delivered,0
753,2025-03-11T05:26:49,Clicked email link,0
1739,2025-02-20T14:08:34,Clicked email to unsubscribe,0
2636,2025-03-08T13:48:38,Blotout Viewed Product Xyz,0
1096,2025-02-04T03:37:54,SMS Sent,0
1019,2025-01-21T17:07:59,Octane: Quiz Completed: Find The Perfect Eye Shadow   .,0
291,2025-04-12T08:11:54,Viewed Product.,0
2562,2025-02-06T21:03:42,SMS Sent,0
1279,2025-03-05T22:09:51,Unsubscribed,1
1264,2025-02-07T18:16:38,Clicked email link,0
1951,2025-02-06T06:29:48,Black Crow Identified,0
2434,2025-02-02T21:02:33,Octane: Quiz Completed: Find The Perfect Eye Shadow   .,0
1934,2025-02-19T23:59:19,Clicked Email,0
1554,2025-04-26T16:59:38,Placed Order,1
2527,2025-03-05T23:01:36,Black Crow Identified,0
1393,2025-01-07T09:58:55,Active on Site,0
1460,2025-04-12T17:39:22,Clicked email to unsubscribe,0
112,2025-01-01T23:13:17,Clicked email link,0
1390,2025-02-23T09:27:14,Placed Order,1
1384,2025-04-25T17:47:00,Opened Email,0
2765,2025-03-07T16:03:05,Clicked email to unsubscribe,0
2189,2025-04-28T21:51:07,Opened Email,0
1108,2025-01-15T07:50:08,Order Placed,1
2581,2025-02-18T01:48:45,Unsubscribed,0
2811,2025-04-08T17:44:13,Unsubscribed,0
703,2025-01-26T13:54:33,Clicked email link,0
1939,2025-01-14T18:45:53,Clicked email to unsubscribe,0
32,2025-04-18T00:06:59,Opened Email,0
914,2025-02-10T12:39:33,Clicked email to unsubscribe,0
1337,2025-03-25T01:47:22,Black Crow Identified,0
1254,2025-01-11T20:11:11,Email Open,0
2457,2025-01-01T11:33:53,Clicked Email,0
2480,2025-03-14T19:04:42,Unsubscribed,0
1850,2025-03-10T16:54:49,Opened Email,0
1938,2025-03-26T21:09:07,SMS Delivered,0
625,2025-02-20T07:20:41,Unsubscribed,0
1593,2025-01-21T13:50:50,SMS Delivered,0
2387,2025-01-04T11:07:26,Octane: Quiz Completed: Find The Perfect Eye Shadow   .,0
1757,2025-02-08T23:50:31,Black Crow Identified,0
1519,2025-03-06T13:32:06,SMS Sent,0
773,2025-01-03T08:23:01,Opened Email,0
67,2025-02-03T15:35:05,Black Crow Identified,0
1362,2025-04-03T20:47:37,Blotout Viewed Product Xyz,0
748,2025-01-16T21:30:45,Active on Site,0
2581,2025-03-05T15:05:50,Active on Site,0
1942,2025-04-28T11:00:14,Octane: Quiz Completed: Find The Perfect Eye Shadow   .,0
1017,2025-04-05T18:08:36,Opened Email,0
860,2025-03-31T21:57:47,Viewed Product XYZ   ,0
2388,2025-04-28T02:47:13,Clicked Email,0
2703,2025-03-16T08:15:43,Placed Order,1
1391,2025-03-11T16:38:17,Unsubscribed,0
1342,2025-01-19T13:22:12,Opened Email,0
2282,2025-03-09T04:46:46,Opened Email,0
686,2025-04-12T08:51:22,Octane: Quiz Completed: Find The Perfect Eye Shadow   .,0
2133,2025-04-05T16:56:42,SMS Delivered,0
2605,2025-03-14T04:35:53,Clicked email to unsubscribe,0
1700,2025-04-08T12:53:11,Unsubscribed,0
1750,2025-04-24T05:19:34,Unsubscribed,0
397,2025-03-04T18:38:31,Octane: Quiz Completed: Find The Perfect Eye Shadow   .,0
2781,2025-01-06T11:59:29,Order Placed,1
1800,2025-04-19T18:16:41,Opened Email,0
272,2025-03-07T23:18:36,Octane: Quiz Completed: Find The Perfect Eye Shadow   .,0
1123,2025-02-10T13:14:23,Octane: Quiz Completed: Find The Perfect Eye Shadow   .,0
972,2025-04-14T12:30:02,Blotout Viewed Product Xyz,0
2195,2025-01-09T11:02:27,Clicked email link,0
2211,2025-04-10T10:10:08,Blotout Viewed Product Xyz,0
115,2025-01-16T21:57:35,Clicked Email,0
179,2025-04-04T13:08:55,Clicked email link,0
881,2025-04-20T16:03:59,Order Placed,1
539,2025-01-30T11:32:42,Unsubscribed,0
1423,2025-02-21T10:39:43,Clicked Email,0
2494,2025-02-02T12:51:48,SMS Sent,0
928,2025-02-17T12:15:06,Clicked Email,0
2964,2025-01-20T01:35:55,Unsubscribed,0
397,2025-01-04T09:36:58,Clicked Email,0
962,2025-03-13T03:24:44,Active on Site,0
1992,2025-04-12T03:05:45,Octane: Quiz Completed: Find The Perfect Eye Shadow   .,0
629,2025-04-02T00:03:44,Clicked email link,0
901,2025-04-23T03:21:16,Placed Order,1
407,2025-04-10T13:30:52,Viewed Product XYZ   ,0
1523,2025-04-02T04:02:50,Clicked email to unsubscribe,0
2062,2025-01-29T12:50:39,Order Placed,1
2309,2025-03-12T13:54:33,Blotout Viewed Product Xyz,0
1670,2025-02-23T23:20:27,SMS Sent,0
2364,2025-02-24T10:51:44,Opened Email,0
2328,2025-01-17T09:35:59,Clicked Email,0
997,2025-01-30T18:21:04,Viewed Product.,0
727,2025-02-06T09:52:50,Unsubscribed,0
129,2025-03-15T12:57:12,Black Crow Identified,0
1499,2025-04-17T21:01:02,Active on Site,0
199,2025-04-20T14:06:22,Unsubscribed,0
2956,2025-03-23T11:10:14,Viewed Product XYZ   ,0
2359,2025-02-21T04:44:38,Clicked Email,0
2697,2025-03-04T08:05:04,Order Placed,1
1033,2025-01-27T13:53:52,Clicked email to unsubscribe,0
2740,2025-01-29T01:11:39,SMS Sent,0
1240,2025-02-06T22:00:59,SMS Delivered,1
888,2025-04-01T13:42:53,SMS Sent,0
43,2025-01-06T05:00:31,Clicked email to unsubscribe,0
1495,2025-01-25T10:52:16,Viewed Product.,0
1781,2025-04-06T08:32:06,SMS Sent,0
462,2025-03-12T01:44:57,Order Placed,1
680,2025-02-10T12:23:21,Opened Email,0
1026,2025-04-28T16:38:06,Opened Email,0
1639,2025-04-18T01:27:26,Black Crow Identified,0
344,2025-01-27T14:26:10,Placed Order,1
1510,2025-01-30T09:24:29,SMS Sent,0
1872,2025-01-27T23:46:47,Email Open,0
2609,2025-03-23T02:58:05,Viewed Product XYZ   ,0
1278,2025-04-19T03:31:44,Blotout Viewed Product Xyz,0
2765,2025-01-22T22:01:34,Blotout Viewed Product Xyz,0
2229,2025-04-04T02:40:16,Unsubscribed,0
247,2025-04-23T13:35:15,Viewed Product XYZ   ,0
2608,2025-03-01T23:07:42,Clicked email link,0
2270,2025-01-02T09:17:40,Unsubscribed,0
1422,2025-01-21T18:05:12,SMS Delivered,0
2065,2025-03-30T10:08:01,Order Placed,1
2375,2025-03-12T18:11:21,SMS Delivered,1
985,2025-01-10T08:36:00,Order Placed,1
33,2025-02-20T04:49:00,SMS Delivered,0
1757,2025-01-24T22:51:45,Viewed Product XYZ   ,0
652,2025-01-03T12:35:34,Clicked email to unsubscribe,0
1262,2025-02-07T17:30:41,Email Open,0
1635,2025-03-09T13:00:00,Blotout Viewed Product Xyz,0
895,2025-03-03T20:53:42,Octane: Quiz Completed: Find The Perfect Eye Shadow   .,0
2328,2025-03-10T12:26:35,Email Open,0
670,2025-01-31T23:49:06,SMS Sent,0
2957,2025-02-15T21:33:23,Viewed Product.,0
2130,2025-02-15T14:30:13,SMS Delivered,0
2736,2025-01-11T15:52:42,Clicked email to unsubscribe,0
147,2025-03-12T18:08:12,Clicked email link,0
479,2025-02-11T02:01:12,Viewed Product XYZ   ,1
286,2025-01-17T02:17:26,Email Open,0
2779,2025-03-01T10:18:22,Clicked email link,0
1049,2025-02-11T19:44:04,Black Crow Identified,0
1712,2025-02-07T20:49:30,Opened Email,0
1933,2025-02-23T06:09:08,Opened Email,0
659,2025-04-11T20:23:09,Order Placed,1
2781,2025-04-07T19:29:28,Opened Email,1
736,2025-03-07T13:38:25,Unsubscribed,0
1094,2025-04-19T05:38:43,SMS Delivered,1
1301,2025-02-06T18:00:36,Black Crow Identified,0
1035,2025-01-18T11:47:24,Email Open,0
584,2025-03-24T07:05:14,Blotout Viewed Product Xyz,0
1594,2025-02-12T14:14:48,Black Crow Identified,0
915,2025-01-01T21:20:53,Clicked email link,0
161,2025-03-01T16:29:24,Blotout Viewed Product Xyz,0
2600,2025-03-14T12:34:09,Unsubscribed,0
202,2025-03-02T11:58:50,Black Crow Identified,0
612,2025-03-31T04:34:05,Clicked email to unsubscribe,0
933,2025-03-01T19:27:58,Placed Order,1
1168,2025-03-15T07:37:14,Blotout Viewed Product Xyz,0
2157,2025-02-17T06:43:30,Clicked Email,0
1307,2025-01-26T13:39:42,Black Crow Identified,0
891,2025-03-03T22:16:57,Opened Email,0
2601,2025-04-23T10:05:05,SMS Sent,0
2226,2025-04-12T01:45:03,Placed Order,1
1284,2025-01-06T03:42:53,Opened Email,1
1493,2025-04-03T02:31:34,Active on Site,0
742,2025-04-25T14:45:40,SMS Delivered,0
2791,2025-03-09T19:31:02,SMS Delivered,0
711,2025-03-22T08:49:22,Order Placed,1
2782,2025-04-27T03:28:46,Order Placed,1
1108,2025-04-17T07:05:31,Black Crow Identified,0
1489,2025-03-02T07:21:22,Clicked Email,0
450,2025-03-23T12:06:57,Viewed Product XYZ   ,0
628,2025-02-07T22:03:10,Order Placed,1
1826,2025-01-17T16:08:17,SMS Sent,0
1234,2025-01-21T20:19:44,Placed Order,1
1407,2025-01-19T19:29:21,SMS Sent,0
2930,2025-01-07T11:20:54,SMS Sent,0
2791,2025-01-08T15:36:26,Placed Order,1
2710,2025-03-03T05:03:49,Black Crow Identified,1
763,2025-04-06T14:55:21,Order Placed,1
2975,2025-04-05T07:35:58,Octane: Quiz Completed: Find The Perfect Eye Shadow   .,0
593,2025-03-05T19:46:38,Black Crow Identified,0
2900,2025-01-03T03:42:56,Order Placed,1
2256,2025-04-19T23:34:28,SMS Delivered,0
768,2025-01-29T10:11:28,SMS Sent,0
2334,2025-04-19T16:48:02,Viewed Product XYZ   ,0
254,2025-01-27T02:04:43,Active on Site,0
1542,2025-03-20T04:17:39,Black Crow Identified,0
1276,2025-01-29T16:26:20,Order Placed,1
652,2025-02-10T23:37:57,SMS Sent,0
1501,2025-01-14T16:42:51,Blotout Viewed Product Xyz,1
447,2025-02-12T04:13:26,Active on Site,0
1580,2025-01-01T22:25:18,Unsubscribed,0
804,2025-01-09T12:58:11,Email Open,0
431,2025-02-25T18:57:49,Viewed Product XYZ   ,0
2890,2025-04-13T18:33:19,Opened Email,0
2331,2025-03-04T04:17:47,Viewed Product XYZ   ,0
2187,2025-03-10T04:39:27,Opened Email,0
442,2025-02-20T17:11:31,Clicked email to unsubscribe,0
2016,2025-02-28T17:00:27,Placed Order,1
2343,2025-04-02T14:31:20,Email Open,0
397,2025-01-27T12:22:17,Octane: Quiz Completed: Find The Perfect Eye Shadow   .,0
909,2025-03-08T05:32:28,Opened Email,0
157,2025-01-06T14:27:33,Clicked Email,0
823,2025-01-19T11:37:35,Black Crow Identified,0
2157,2025-01-29T18:38:44,Order Placed,1
1238,2025-03-19T10:22:51,Clicked email to unsubscribe,0
2404,2025-01-07T06:21:19,Blotout Viewed Product Xyz,0
290,2025-01-29T08:16:26,Email Open,0
1040,2025-03-25T08:45:32,Opened Email,0
1763,2025-03-10T04:13:29,Black Crow Identified,0
1895,2025-03-13T10:13:01,Octane: Quiz Completed: Find The Perfect Eye Shadow   .,0
1130,2025-02-06T22:47:00,Clicked email link,0
267,2025-03-15T10:02:14,Email Open,0
1914,2025-04-19T15:28:31,Clicked email link,0
1408,2025-03-15T16:04:52,Black Crow Identified,1
401,2025-01-29T13:09:22,Unsubscribed,0
607,2025-01-25T13:34:55,Active on Site,0
370,2025-02-04T12:00:56,Placed Order,1
2083,2025-01-14T17:56:07,Active on Site,0
590,2025-04-28T05:44:51,Black Crow Identified,0
2355,2025-03-13T03:56:31,Clicked email link,0
1211,2025-01-08T15:30:00,Viewed Product.,0
546,2025-03-22T21:44:25,SMS Delivered,0
895,2025-04-09T16:28:30,Octane: Quiz Completed: Find The Perfect Eye Shadow   .,1
2630,2025-03-18T23:56:41,SMS Delivered,0
123,2025-04-27T15:20:31,Black Crow Identified,0
2503,2025-03-02T05:09:33,Clicked Email,0
2279,2025-01-11T09:02:24,Viewed Product.,0
1587,2025-01-24T15:59:25,Viewed Product.,0
2201,2025-04-20T10:12:52,Viewed Product XYZ   ,0
1757,2025-02-27T01:37:18,Octane: Quiz Completed: Find The Perfect Eye Shadow   .,0
2152,2025-04-11T19:23:55,Opened Email,0
1085,2025-03-12T23:47:07,Order Placed,1
2698,2025-02-12T21:18:33,Active on Site,0
2650,2025-04-02T15:27:54,Viewed Product XYZ   ,0
437,2025-04-05T21:54:49,Black Crow Identified,0
541,2025-02-22T18:09:48,Unsubscribed,0
1180,2025-02-05T08:57:40,Viewed Product XYZ   ,0
438,2025-04-22T18:53:54,Clicked email link,0
1269,2025-03-09T08:30:53,Black Crow Identified,0
2363,2025-02-15T12:53:29,Black Crow Identified,0
1418,2025-02-21T07:12:31,Black Crow Identified,0
1449,2025-04-27T19:16:40,SMS Sent,0
1936,2025-01-24T16:34:48,SMS Sent,0
2782,2025-01-11T12:03:35,Placed Order,1
1120,2025-01-27T02:12:21,Clicked Email,0
1411,2025-04-04T01:47:47,Placed Order,1
905,2025-03-04T22:03:42,Clicked email link,0
1147,2025-03-20T22:35:52,Active on Site,1
2988,2025-04-14T17:03:57,Placed Order,1
1965,2025-04-21T06:31:38,Viewed Product XYZ   ,0
2718,2025-03-16T20:36:27,Viewed Product.,0
2216,2025-04-17T16:10:10,Clicked email link,0
1331,2025-01-26T23:00:25,Active on Site,0
1579,2025-04-30T08:11:34,Unsubscribed,0
211,2025-01-09T14:01:47,Email Open,0
2776,2025-04-08T18:52:43,Unsubscribed,0
1381,2025-04-03T19:16:53,Order Placed,1
2428,2025-04-08T17:53:22,Black Crow Identified,0
2090,2025-04-22T20:09:33,Unsubscribed,0
2671,2025-02-06T20:51:42,SMS Sent,0
1762,2025-02-11T03:55:35,Black Crow Identified,0
176,2025-01-15T06:00:51,Black Crow Identified,0
14,2025-01-24T20:32:33,Viewed Product XYZ   ,0
1179,2025-02-12T15:22:03,Opened Email,0
1843,2025-01-18T06:36:22,Clicked Email,0
1936,2025-02-14T19:03:20,SMS Delivered,0
2207,2025-02-27T04:15:20,Viewed Product XYZ   ,0
370,2025-04-23T13:37:46,Blotout Viewed Product Xyz,0
1428,2025-04-25T22:48:01,Blotout Viewed Product Xyz,0
674,2025-02-28T07:46:41,Clicked Email,0
1975,2025-02-17T00:03:04,Placed Order,1
1105,2025-01-14T00:01:27,Order Placed,1
307,2025-01-04T06:35:37,Octane: Quiz Completed: Find The Perfect Eye Shadow   .,0
579,2025-02-15T19:32:21,Viewed Product.,0
1285,2025-03-25T11:54:22,Black Crow Identified,0
219,2025-04-25T02:06:33,Viewed Product.,1
1282,2025-04-16T23:18:09,Placed Order,1
2735,2025-04-02T01:04:31,SMS Sent,0
974,2025-03-07T17:43:31,Order Placed,1
376,2025-03-14T15:07:06,Placed Order,1
551,2025-01-23T03:04:03,SMS Sent,0
2708,2025-01-07T00:35:56,Viewed Product.,0
1385,2025-01-24T20:16:32,Octane: Quiz Completed: Find The Perfect Eye Shadow   .,0
1646,2025-03-11T21:28:17,SMS Sent,0
1077,2025-04-22T14:26:09,Viewed Product XYZ   ,0
1419,2025-04-22T02:47:34,SMS Delivered,0
2567,2025-03-15T05:18:42,Order Placed,1
2637,2025-02-03T06:09:30,Email Open,0
2869,2025-01-24T20:45:25,SMS Sent,0
965,2025-03-01T21:54:06,Order Placed,1
16,2025-01-18T06:52:40,Black Crow Identified,0
1291,2025-04-17T06:45:40,Clicked email to unsubscribe,0
1,2025-02-25T08:19:43,Blotout Viewed Product Xyz,1
1949,2025-04-13T18:20:20,Octane: Quiz Completed: Find The Perfect Eye Shadow   .,0
1824,2025-03-31T21:56:02,Email Open,0
1625,2025-01-28T15:27:15,Blotout Viewed Product Xyz,0
85,2025-02-13T09:45:17,SMS Sent,0
2862,2025-01-04T10:52:19,Unsubscribed,0
2905,2025-01-26T11:20:52,Order Placed,1
1821,2025-01-07T19:25:16,Clicked email link,0
2353,2025-03-20T00:52:49,Clicked email to unsubscribe,0
635,2025-02-22T16:40:32,Unsubscribed,0
2208,2025-02-19T18:39:12,Placed Order,1
1668,2025-01-18T12:42:05,Clicked email link,0
2860,2025-03-22T23:58:40,Order Placed,1
1136,2025-02-18T02:43:29,Blotout Viewed Product Xyz,0
1114,2025-03-02T20:44:41,Placed Order,1
2931,2025-03-29T08:35:37,Blotout Viewed Product Xyz,0
1596,2025-04-22T18:12:03,Octane: Quiz Completed: Find The Perfect Eye Shadow   .,0
1495,2025-02-18T10:56:48,Active on Site,0
2832,2025-01-21T23:15:58,SMS Sent,0
744,2025-04-24T05:18:08,Viewed Product XYZ   ,0
1873,2025-04-21T09:32:59,Opened Email,0
1189,2025-04-04T21:53:12,Email Open,0
35,2025-01-24T16:49:20,SMS Delivered,0
1754,2025-01-19T10:35:54,Clicked email link,0
2259,2025-04-04T07:29:04,SMS Sent,0
2339,2025-03-30T21:41:51,Viewed Product XYZ   ,0
278,2025-02-26T21:21:58,Octane: Quiz Completed: Find The Perfect Eye Shadow   .,0
2885,2025-03-13T04:26:20,Blotout Viewed Product Xyz,0
2387,2025-02-06T15:57:18,Black Crow Identified,0
2400,2025-03-04T16:08:41,Viewed Product.,0
6,2025-04-24T15:35:08,SMS Delivered,0
510,2025-03-20T21:03:55,Clicked email to unsubscribe,0
2088,2025-04-22T13:22:23,Active on Site,0
1957,2025-03-14T03:31:03,Clicked email to unsubscribe,0
1821,2025-01-10T02:45:39,SMS Sent,0
153,2025-02-16T17:17:26,Viewed Product XYZ   ,0
1046,2025-04-30T01:11:29,Viewed Product.,0
1565,2025-03-12T04:59:03,Viewed Product XYZ   ,0
1061,2025-04-29T08:15:20,Clicked Email,0
2223,2025-04-05T00:25:10,Opened Email,0
979,2025-01-14T07:02:33,Active on Site,0
451,2025-02-07T23:01:21,Octane: Quiz Completed: Find The Perfect Eye Shadow   .,0
1706,2025-04-13T06:12:06,Active on Site,0
2916,2025-03-09T22:45:00,Active on Site,0
2258,2025-02-15T19:08:48,Octane: Quiz Completed: Find The Perfect Eye Shadow   .,0
749,2025-02-11T20:32:43,Unsubscribed,0
1227,2025-03-01T15:08:58,Viewed Product.,0
1296,2025-03-04T14:38:25,Clicked email to unsubscribe,0
7,2025-01-26T12:32:51,Email Open,0
1946,2025-03-24T19:38:31,Clicked Email,0
2633,2025-02-01T02:54:34,Octane: Quiz Completed: Find The Perfect Eye Shadow   .,0
1928,2025-01-10T12:23:28,Viewed Product XYZ   ,0
1383,2025-01-22T01:52:21,Clicked email link,0
2154,2025-01-23T11:29:21,Clicked Email,0
2645,2025-02-14T15:35:31,SMS Delivered,0
433,2025-03-23T09:21:57,Viewed Product.,0
1952,2025-03-16T13:16:43,Black Crow Identified,0
258,2025-03-04T04:02:08,Black Crow Identified,0
20,2025-03-31T01:29:11,Octane: Quiz Completed: Find The Perfect Eye Shadow   .,0
2027,2025-02-05T10:51:15,Blotout Viewed Product Xyz,0
2536,2025-04-06T14:31:54,Unsubscribed,0
1164,2025-01-23T20:24:13,Octane: Quiz Completed: Find The Perfect Eye Shadow   .,1
2897,2025-04-30T19:29:29,Viewed Product XYZ   ,0
1432,2025-03-10T01:50:12,Blotout Viewed Product Xyz,0
1780,2025-03-31T11:15:03,Viewed Product.,0
1550,2025-03-30T20:52:07,Clicked email to unsubscribe,0
1007,2025-02-03T03:38:03,SMS Delivered,1
2037,2025-03-24T06:01:57,Order Placed,1
2800,2025-02-15T03:11:06,Clicked email link,0
2407,2025-02-03T08:15:01,Clicked email link,0
2226,2025-04-08T01:09:16,Order Placed,1
2755,2025-02-11T23:28:41,Placed Order,1
628,2025-04-21T14:05:31,Placed Order,1
2616,2025-04-15T11:02:19,Octane: Quiz Completed: Find The Perfect Eye Shadow   .,0
176,2025-01-27T20:37:04,Clicked email to unsubscribe,0
2127,2025-04-20T12:43:06,Clicked Email,0
314,2025-03-23T20:23:26,Clicked email link,0
846,2025-01-05T14:21:46,Octane: Quiz Completed: Find The Perfect Eye Shadow   .,0
2347,2025-03-26T04:49:25,Clicked email link,0
2364,2025-04-03T10:13:29,Clicked Email,0
1594,2025-04-09T16:47:38,Viewed Product XYZ   ,0
1847,2025-04-22T16:53:27,Placed Order,1
1845,2025-02-11T08:38:28,Viewed Product XYZ   ,0
1847,2025-04-24T13:35:05,Active on Site,0
1470,2025-03-20T09:23:36,Unsubscribed,0
757,2025-02-04T18:37:21,Blotout Viewed Product Xyz,0
73,2025-03-12T17:31:30,Active on Site,0
1541,2025-03-14T11:16:12,Clicked email link,0
1606,2025-02-10T21:32:18,Opened Email,0
2982,2025-04-04T14:25:06,Placed Order,1
828,2025-03-20T12:20:54,Viewed Product.,0
1669,2025-01-06T08:27:58,Clicked email to unsubscribe,0
1021,2025-01-21T14:40:57,SMS Sent,0
2447,2025-01-15T23:36:52,Opened Email,0
1709,2025-03-29T05:18:23,SMS Delivered,0
351,2025-01-26T18:48:31,Clicked email link,0
327,2025-01-11T18:11:06,Order Placed,1
660,2025-03-07T13:04:55,Viewed Product.,0
2372,2025-04-15T18:32:48,SMS Sent,0
2389,2025-04-22T03:01:52,Black Crow Identified,0
357,2025-03-05T19:49:51,Email Open,1
864,2025-01-19T23:03:48,Clicked email link,0
959,2025-04-16T09:24:13,Email Open,0
1949,2025-01-24T03:05:30,Order Placed,1
223,2025-03-01T14:54:56,Email Open,0
521,2025-02-10T08:46:52,Clicked Email,1
453,2025-02-19T06:08:48,Clicked email link,0
2405,2025-04-03T08:21:33,Clicked Email,0
2605,2025-01-05T05:48:14,SMS Sent,0
7,2025-02-25T00:16:14,Octane: Quiz Completed: Find The Perfect Eye Shadow   .,0
903,2025-04-06T01:02:44,Order Placed,1
1827,2025-04-13T12:17:01,Opened Email,0
1100,2025-03-16T12:06:17,Unsubscribed,1
1095,2025-04-08T08:18:32,Opened Email,0
924,2025-04-08T13:02:50,Email Open,0
1756,2025-02-11T15:42:18,Clicked email link,0
1668,2025-01-29T08:22:55,Viewed Product XYZ   ,0
1921,2025-01-25T02:18:26,Active on Site,0
1063,2025-04-30T23:12:20,Opened Email,1
2088,2025-01-14T20:37:03,Order Placed,1
403,2025-03-31T22:12:59,Order Placed,1
2212,2025-04-23T14:46:30,Opened Email,0
2931,2025-02-19T09:44:00,Unsubscribed,0
2752,2025-04-01T13:37:18,Active on Site,0
1711,2025-02-13T20:28:11,Clicked email link,0
1145,2025-02-17T21:50:18,Active on Site,0
2267,2025-03-04T05:37:55,Black Crow Identified,0
2481,2025-02-18T15:20:08,Viewed Product XYZ   ,0
2433,2025-04-12T23:14:58,SMS Sent,0
1195,2025-01-20T03:37:28,SMS Sent,0
2806,2025-03-31T15:15:39,Viewed Product.,0
2809,2025-04-12T14:06:45,SMS Sent,0
2093,2025-03-27T21:09:48,Order Placed,1
508,2025-04-18T08:17:59,SMS Delivered,0
2897,2025-02-03T10:55:55,Opened Email,0
2683,2025-04-20T15:22:51,Order Placed,1
1469,2025-01-04T23:55:02,Unsubscribed,0
2247,2025-01-18T13:38:31,Active on Site,0
370,2025-04-30T20:51:55,Viewed Product XYZ   ,0
575,2025-02-14T09:49:47,Active on Site,0
555,2025-03-29T22:14:04,Placed Order,1
1073,2025-04-25T23:48:15,Active on Site,0
393,2025-01-07T19:03:55,Blotout Viewed Product Xyz,0
1686,2025-02-27T21:51:49,Blotout Viewed Product Xyz,0
1260,2025-02-03T01:17:58,Clicked email to unsubscribe,0
98,2025-01-19T01:54:32,SMS Delivered,0
609,2025-03-02T23:06:46,Octane: Quiz Completed: Find The Perfect Eye Shadow   .,0
1186,2025-03-19T06:37:43,Unsubscribed,0
2515,2025-04-18T02:29:00,Placed Order,1
644,2025-02-10T16:48:46,Black Crow Identified,0
158,2025-03-14T12:41:05,Clicked email to unsubscribe,0
2536,2025-01-05T06:38:03,Clicked email to unsubscribe,0
2782,2025-03-30T05:00:18,Unsubscribed,0
662,2025-01-13T13:03:52,Placed Order,1
1534,2025-02-14T05:06:55,Black Crow Identified,0
2589,2025-02-03T20:23:46,Placed Order,1
2623,2025-03-20T16:33:51,SMS Delivered,0
1472,2025-01-19T11:31:53,Placed Order,1
2169,2025-02-25T11:19:34,Email Open,0
155,2025-03-01T22:51:26,SMS Delivered,0
1547,2025-02-03T00:06:08,Clicked email link,0
753,2025-03-07T10:13:38,Viewed Product.,1
1145,2025-03-29T22:07:01,Clicked email to unsubscribe,0
1111,2025-02-26T19:44:12,Blotout Viewed Product Xyz,0
2951,2025-03-11T11:25:38,Order Placed,1
1725,2025-02-06T16:30:12,Clicked email to unsubscribe,0
539,2025-02-11T15:27:26,Viewed Product XYZ   ,0
2184,2025-03-11T19:04:31,Unsubscribed,0
2124,2025-04-11T18:58:13,Unsubscribed,0
1487,2025-04-05T20:54:18,Blotout Viewed Product Xyz,0
699,2025-01-27T16:04:06,Order Placed,1
393,2025-03-24T03:49:48,Octane: Quiz Completed: Find The Perfect Eye Shadow   .,0
1995,2025-01-18T16:05:19,Opened Email,0
1169,2025-02-27T07:14:39,Black Crow Identified,1
1892,2025-01-08T15:47:41,SMS Delivered,0
2138,2025-03-27T10:38:47,Unsubscribed,0
2436,2025-03-20T12:40:11,SMS Delivered,0
1963,2025-02-18T18:26:31,Black Crow Identified,0
2463,2025-02-14T19:13:00,Email Open,0
352,2025-03-30T09:46:22,Viewed Product.,0
90,2025-04-19T07:20:51,SMS Delivered,0
2786,2025-01-27T00:01:57,SMS Delivered,0
2263,2025-01-08T04:02:55,SMS Delivered,0
2727,2025-01-11T22:29:47,Email Open,0
2748,2025-03-31T04:58:04,Clicked email link,0
416,2025-01-26T10:18:38,Clicked email link,0
2141,2025-03-10T07:13:21,Viewed Product.,0
546,2025-03-19T21:16:14,Black Crow Identified,0
1963,2025-01-30T09:37:34,Octane: Quiz Completed: Find The Perfect Eye Shadow   .,0
1018,2025-03-13T03:26:32,Clicked email to unsubscribe,0
1607,2025-02-24T20:29:23,Unsubscribed,0
2617,2025-02-17T04:11:14,SMS Sent,0
1230,2025-03-24T11:57:05,Clicked email link,0
2407,2025-04-30T23:51:36,Active on Site,0
1620,2025-04-07T17:38:22,Email Open,0
1280,2025-01-13T10:16:37,Viewed Product.,0
336,2025-04-16T13:06:39,Blotout Viewed Product Xyz,0
247,2025-04-09T19:30:17,SMS Delivered,0
1335,2025-03-20T06:19:29,Email Open,0
1077,2025-01-19T02:53:33,Active on Site,0
845,2025-04-14T05:32:45,Black Crow Identified,1
2743,2025-03-28T13:41:00,Octane: Quiz Completed: Find The Perfect Eye Shadow   .,0
138,2025-01-19T14:28:43,Viewed Product XYZ   ,0
921,2025-02-06T16:58:42,Viewed Product.,0
532,2025-02-01T13:43:21,Clicked Email,0
2672,2025-01-18T14:16:25,SMS Delivered,0
2996,2025-04-05T12:33:08,Clicked email to unsubscribe,0
1836,2025-02-22T23:11:07,Blotout Viewed Product Xyz,0
357,2025-04-02T06:46:44,Email Open,0
1138,2025-02-23T05:48:54,Active on Site,0
2838,2025-02-20T14:20:00,Opened Email,0
1403,2025-01-17T06:38:17,Clicked email link,0
2344,2025-03-30T01:32:47,Blotout Viewed Product Xyz,0
1594,2025-02-04T00:13:08,Active on Site,1
2470,2025-02-01T11:07:48,Placed Order,1
2559,2025-01-04T10:29:13,Placed Order,1
239,2025-04-15T03:54:42,Viewed Product XYZ   ,0
808,2025-03-26T11:41:59,Black Crow Identified,0
1578,2025-04-26T04:54:44,Viewed Product XYZ   ,0
2534,2025-02-07T22:16:05,Viewed Product XYZ   ,0
671,2025-04-04T12:46:50,Active on Site,0
2658,2025-04-23T04:33:35,Opened Email,0
2075,2025-01-12T23:53:39,SMS Delivered,0
1518,2025-01-23T20:35:44,Placed Order,1
2432,2025-03-06T09:04:58,Email Open,0
2621,2025-01-16T12:02:13,Octane: Quiz Completed: Find The Perfect Eye Shadow   .,0
570,2025-02-03T01:37:18,Opened Email,0
2692,2025-01-17T21:49:33,Order Placed,1
2539,2025-04-20T03:58:12,Blotout Viewed Product Xyz,0
1959,2025-03-01T12:19:30,SMS Delivered,0
2226,2025-04-20T05:57:56,Black Crow Identified,0
1999,2025-01-04T23:07:18,Unsubscribed,0
1860,2025-02-26T02:11:41,Email Open,0
2215,2025-03-10T11:37:35,SMS Delivered,0
170,2025-01-22T18:39:47,Clicked email to unsubscribe,0
63,2025-02-13T04:23:19,Email Open,1
2370,2025-01-16T10:03:50,Clicked email link,0
1535,2025-01-31T14:52:34,Email Open,0
2430,2025-01-07T19:27:50,Clicked email to unsubscribe,0
1440,2025-02-19T18:19:54,Octane: Quiz Completed: Find The Perfect Eye Shadow   .,0
2608,2025-02-09T20:37:09,Order Placed,1
1101,2025-01-20T06:32:30,Black Crow Identified,0
1760,2025-04-14T23:15:58,Viewed Product XYZ   ,0
2730,2025-01-23T17:21:23,SMS Delivered,0
1474,2025-04-14T21:32:13,Blotout Viewed Product Xyz,0
824,2025-03-15T02:51:28,Unsubscribed,0
2320,2025-02-10T15:44:37,SMS Sent,0
1962,2025-02-23T18:03:06,Black Crow Identified,0
1017,2025-04-09T12:35:06,Viewed Product XYZ   ,0
2968,2025-02-01T17:10:16,Active on Site,0
346,2025-03-29T10:43:24,Viewed Product.,0
1918,2025-03-18T12:37:07,SMS Sent,0
2360,2025-03-16T04:25:59,Placed Order,1
2354,2025-02-20T11:45:06,Unsubscribed,0
781,2025-03-28T08:25:55,Octane: Quiz Completed: Find The Perfect Eye Shadow   .,0
228,2025-04-18T14:50:07,Clicked email to unsubscribe,0
2594,2025-02-20T12:46:58,SMS Delivered,0
2464,2025-04-21T21:51:13,Order Placed,1
362,2025-03-05T10:47:19,Opened Email,0
85,2025-03-05T11:28:20,Email Open,0
367,2025-02-15T20:40:12,Octane: Quiz Completed: Find The Perfect Eye Shadow   .,0
1635,2025-02-16T17:39:01,Order Placed,1
2331,2025-02-20T15:31:52,Clicked email link,0
1346,2025-04-03T19:35:11,Blotout Viewed Product Xyz,0
2636,2025-02-03T22:01:45,Clicked Email,0
882,2025-01-07T05:04:33,Octane: Quiz Completed: Find The Perfect Eye Shadow   .,0
626,2025-01-29T14:16:16,Viewed Product.,0
833,2025-03-12T03:17:18,Email Open,0
693,2025-01-27T05:43:35,Octane: Quiz Completed: Find The Perfect Eye Shadow   .,0
1685,2025-03-28T06:30:34,Order Placed,1
1852,2025-03-21T11:45:45,SMS Delivered,0
2994,2025-02-25T04:19:34,Viewed Product.,0
2542,2025-03-12T20:27:45,Clicked Email,0
132,2025-04-07T15:22:37,Black Crow Identified,0
675,2025-04-02T06:19:29,Octane: Quiz Completed: Find The Perfect Eye Shadow   .,0
1389,2025-03-28T06:36:51,Clicked Email,0
1575,2025-02-10T00:32:19,Black Crow Identified,0
1401,2025-01-31T15:50:06,Placed Order,1
2762,2025-03-05T07:36:16,Black Crow Identified,0
1290,2025-04-30T16:20:38,Order Placed,1
1702,2025-04-17T01:22:39,SMS Sent,0
1958,2025-03-29T08:48:19,Email Open,0
22,2025-01-31T12:22:46,Viewed Product XYZ   ,0
997,2025-01-30T23:23:34,Blotout Viewed Product Xyz,0
943,2025-01-11T00:21:51,Placed Order,1
942,2025-03-13T02:05:46,Octane: Quiz Completed: Find The Perfect Eye Shadow   .,0
734,2025-03-21T18:07:00,SMS Sent,0
1874,2025-01-09T07:47:21,Clicked email link,0
2506,2025-03-21T10:07:23,Unsubscribed,0
1355,2025-03-12T11:53:23,Placed Order,1
1152,2025-04-05T19:53:55,SMS Sent,0
2666,2025-02-16T13:04:25,Viewed Product XYZ   ,0
1525,2025-02-22T10:58:09,SMS Delivered,0
1035,2025-04-17T11:05:42,Active on Site,0
1088,2025-02-05T00:52:44,Black Crow Identified,0
1902,2025-01-31T20:27:53,Email Open,0
519,2025-02-15T23:49:42,Active on Site,0
2129,2025-03-15T14:48:59,Viewed Product XYZ   ,0
1462,2025-01-01T11:59:15,Order Placed,1
2600,2025-04-30T23:31:08,Opened Email,0
773,2025-01-06T00:34:01,Black Crow Identified,0
2721,2025-01-07T03:24:15,Placed Order,1
2905,2025-01-16T23:47:08,Email Open,0
2151,2025-02-15T16:18:48,Viewed Product.,0
1694,2025-01-24T06:55:09,Active on Site,0
1800,2025-04-01T13:30:33,Clicked Email,0
2721,2025-04-15T08:35:47,Blotout Viewed Product Xyz,0
2844,2025-04-25T21:43:02,Blotout Viewed Product Xyz,0
210,2025-03-07T09:49:43,Viewed Product XYZ   ,0
616,2025-03-19T06:25:35,Active on Site,0
54,2025-04-29T14:54:50,Viewed Product.,0
2499,2025-01-06T18:52:25,Clicked Email,0
2264,2025-04-03T11:48:46,Email Open,0
994,2025-02-18T17:57:06,Unsubscribed,0
1085,2025-02-26T02:36:08,Opened Email,0
2374,2025-02-01T14:22:35,Order Placed,1
1356,2025-03-12T09:42:39,SMS Delivered,0
1686,2025-04-27T08:26:06,Blotout Viewed Product Xyz,0
66,2025-01-25T11:56:16,Clicked email to unsubscribe,0
586,2025-01-16T21:40:04,Order Placed,1
797,2025-04-18T20:41:18,Viewed Product XYZ   ,0
287,2025-03-15T09:57:20,Placed Order,1
2353,2025-01-10T13:56:38,Blotout Viewed Product Xyz,0
2362,2025-04-26T03:58:38,Clicked email link,0
2550,2025-02-25T23:42:57,Unsubscribed,0
1326,2025-02-15T15:05:53,Blotout Viewed Product Xyz,0
58,2025-04-25T13:40:05,Clicked email link,0
992,2025-01-25T09:06:25,SMS Delivered,0
1282,2025-01-06T00:05:28,Clicked email to unsubscribe,0
2256,2025-03-24T02:29:15,Email Open,0
1526,2025-01-12T23:25:27,Octane: Quiz Completed: Find The Perfect Eye Shadow   .,0
1815,2025-02-18T02:49:55,Viewed Product.,0
2235,2025-04-24T10:17:13,Clicked Email,0
18,2025-04-02T10:16:08,Viewed Product.,0
988,2025-01-13T08:03:19,Black Crow Identified,0
1049,2025-02-09T18:28:25,Unsubscribed,0
690,2025-03-16T17:46:30,Email Open,0
3000,2025-03-06T09:18:50,Email Open,0
2124,2025-01-17T17:42:08,SMS Sent,0
2180,2025-03-13T01:37:20,Clicked email to unsubscribe,0
2102,2025-03-28T14:26:32,Black Crow Identified,0
575,2025-01-10T19:26:55,Viewed Product XYZ   ,0
991,2025-02-14T19:40:18,Octane: Quiz Completed: Find The Perfect Eye Shadow   .,0
486,2025-01-07T05:43:42,SMS Sent,0
1662,2025-01-13T00:49:02,SMS Delivered,0
2598,2025-03-06T00:09:23,Black Crow Identified,0
1220,2025-04-24T06:34:20,Order Placed,1
1586,2025-03-04T14:36:30,SMS Sent,0
2073,2025-02-28T00:49:44,Clicked Email,0
1346,2025-01-17T17:02:59,Octane: Quiz Completed: Find The Perfect Eye Shadow   .,1
1556,2025-02-07T17:30:53,Clicked email link,0
523,2025-03-15T13:17:34,Unsubscribed,1
1873,2025-01-18T22:14:20,Viewed Product.,0
1995,2025-04-03T13:10:27,Unsubscribed,0
720,2025-03-01T07:40:28,Octane: Quiz Completed: Find The Perfect Eye Shadow   .,0
346,2025-03-09T14:48:46,Viewed Product XYZ   ,0
2850,2025-04-25T09:39:20,Viewed Product.,0
1964,2025-04-05T22:15:20,Clicked email to unsubscribe,0
449,2025-02-22T14:42:43,SMS Sent,0
937,2025-02-01T01:46:37,Clicked Email,0
175,2025-03-29T05:51:08,Clicked Email,0
1527,2025-04-23T15:00:40,Viewed Product.,0
2879,2025-03-12T03:06:05,Order Placed,1
1173,2025-01-23T07:44:04,Unsubscribed,0
1089,2025-02-27T01:16:28,Placed Order,1
2733,2025-02-15T17:06:14,Clicked email to unsubscribe,0
149,2025-02-25T17:38:07,Octane: Quiz Completed: Find The Perfect Eye Shadow   .,0
1714,2025-04-02T10:00:52,Clicked email to unsubscribe,0
238,2025-04-18T08:15:48,SMS Sent,0
970,2025-02-08T09:04:05,SMS Delivered,0
489,2025-01-02T02:29:23,Email Open,1
730,2025-03-23T13:25:34,Clicked Email,0
1095,2025-03-30T15:49:39,Clicked email to unsubscribe,0
1855,2025-01-07T15:42:09,Email Open,0
1469,2025-01-20T11:08:13,Black Crow Identified,0
643,2025-04-10T16:42:23,Active on Site,0
2893,2025-03-01T17:10:14,Order Placed,1
1620,2025-04-17T04:37:58,Viewed Product XYZ   ,0
1317,2025-03-11T05:16:05,Placed Order,1
1967,2025-02-23T20:00:20,Placed Order,1
1319,2025-01-06T21:50:14,Viewed Product XYZ   ,0
2809,2025-01-19T16:52:52,Active on Site,0
2925,2025-03-19T00:42:11,Viewed Product.,0
2855,2025-03-24T03:10:14,Clicked email link,0
2678,2025-04-02T23:04:03,Active on Site,0
510,2025-04-25T11:32:50,Active on Site,0
805,2025-04-06T08:35:55,Clicked email link,0
875,2025-01-12T15:48:25,Viewed Product XYZ   ,0
2994,2025-01-26T03:41:19,Octane: Quiz Completed: Find The Perfect Eye Shadow   .,0
2606,2025-01-05T00:35:58,Octane: Quiz Completed: Find The Perfect Eye Shadow   .,0
2032,2025-04-08T09:24:08,Unsubscribed,0
473,2025-04-07T01:38:55,Unsubscribed,0
2762,2025-01-31T11:19:14,Black Crow Identified,0
1517,2025-01-18T07:48:04,Black Crow Identified,0
1678,2025-01-01T10:25:07,Active on Site,0
2702,2025-01-26T17:15:31,Viewed Product.,0
2548,2025-04-25T01:30:44,Order Placed,1
1483,2025-01-05T03:21:05,Blotout Viewed Product Xyz,0
2698,2025-04-26T06:18:54,SMS Delivered,0
2325,2025-04-16T14:33:19,Order Placed,1
2282,2025-04-07T03:07:31,Opened Email,0
360,2025-03-19T22:03:40,Opened Email,0
2930,2025-01-17T07:48:37,SMS Delivered,0
1481,2025-01-18T07:27:08,Clicked email link,1
747,2025-04-14T20:28:14,Viewed Product.,1
1432,2025-03-21T03:03:43,Active on Site,0
2925,2025-01-14T02:06:57,SMS Sent,1
2481,2025-01-04T08:36:32,Viewed Product XYZ   ,0
144,2025-02-27T12:12:27,Blotout Viewed Product Xyz,0
1595,2025-04-28T19:37:51,SMS Delivered,0
1144,2025-04-20T14:00:22,Active on Site,0
463,2025-01-09T11:29:38,Opened Email,0
2603,2025-03-06T10:30:11,Active on Site,0
2317,2025-04-19T23:33:54,Order Placed,1
2358,2025-04-23T04:58:21,Active on Site,0
2699,2025-01-01T14:23:36,Opened Email,0
2686,2025-02-04T08:18:21,Black Crow Identified,0
2635,2025-02-13T05:43:38,Clicked Email,1
2581,2025-01-26T03:16:52,Viewed Product.,0
2774,2025-02-14T16:18:58,Unsubscribed,0
1803,2025-01-14T11:37:27,Placed Order,1
2154,2025-02-28T05:23:49,Placed Order,1
646,2025-02-10T22:53:42,Placed Order,1
2415,2025-03-28T22:06:23,Clicked email link,0
545,2025-01-22T10:02:14,Clicked email link,0
2929,2025-04-13T12:29:38,Black Crow Identified,0
2340,2025-01-24T17:36:37,Blotout Viewed Product Xyz,0
830,2025-04-14T22:51:22,SMS Sent,0
2412,2025-03-10T04:35:30,Viewed Product.,0
2009,2025-02-09T07:22:48,Email Open,0
2187,2025-04-11T06:49:30,Blotout Viewed Product Xyz,0
2553,2025-04-17T03:34:00,Active on Site,0
1083,2025-01-20T01:35:48,Order Placed,1
1422,2025-03-27T11:45:35,Viewed Product.,0
1545,2025-02-02T08:16:34,Placed Order,1
2563,2025-03-19T16:25:15,Email Open,0
1340,2025-01-18T17:17:55,Email Open,0
460,2025-01-08T18:51:44,Active on Site,0
1340,2025-01-02T05:53:13,Octane: Quiz Completed: Find The Perfect Eye Shadow   .,0
1392,2025-02-08T15:14:24,Octane: Quiz Completed: Find The Perfect Eye Shadow   .,0
300,2025-01-09T20:45:51,Placed Order,1
2889,2025-01-24T10:11:31,Placed Order,1
2104,2025-03-08T22:57:15,Blotout Viewed Product Xyz,0
2050,2025-01-02T16:15:02,Email Open,0
1595,2025-01-25T06:26:10,Black Crow Identified,0
2899,2025-04-18T18:38:08,SMS Sent,0
2926,2025-03-03T06:18:52,Placed Order,1
2967,2025-04-19T00:24:57,Order Placed,1
1958,2025-03-05T16:12:58,Clicked Email,0
1325,2025-01-20T04:32:05,Clicked email to unsubscribe,0
700,2025-01-18T04:11:54,Clicked Email,0
1070,2025-02-15T05:54:05,Black Crow Identified,0
2339,2025-04-12T20:19:02,Opened Email,0
1861,2025-04-12T21:36:05,Unsubscribed,0
1657,2025-02-19T18:58:51,Clicked email to unsubscribe,0
244,2025-04-14T09:01:53,Order Placed,1
2273,2025-03-02T07:24:54,SMS Sent,0
297,2025-02-23T04:04:10,Clicked Email,0
1121,2025-01-17T02:42:33,Viewed Product.,0
768,2025-01-16T16:26:26,Black Crow Identified,0
2868,2025-02-22T04:00:01,Viewed Product.,0
1489,2025-02-12T05:17:43,Octane: Quiz Completed: Find The Perfect Eye Shadow   .,0
1187,2025-01-22T08:53:10,Email Open,0
765,2025-04-18T19:23:02,SMS Delivered,0
1073,2025-01-26T01:44:48,Octane: Quiz Completed: Find The Perfect Eye Shadow   .,0
1648,2025-04-08T10:20:58,Order Placed,1
1964,2025-03-29T12:21:59,Viewed Product.,0
8,2025-04-27T17:46:05,Clicked email link,0
457,2025-01-19T06:03:37,Opened Email,0
1237,2025-02-25T16:34:23,Clicked Email,0
1347,2025-04-03T02:22:02,Order Placed,1
2055,2025-01-21T03:06:12,Viewed Product.,0
403,2025-04-02T14:35:29,Placed Order,1
1775,2025-01-23T21:03:41,SMS Delivered,1
2269,2025-01-27T16:18:36,Clicked email to unsubscribe,0
300,2025-03-27T21:33:33,Clicked email to unsubscribe,0
2919,2025-04-07T07:18:33,Opened Email,0
2360,2025-01-20T21:11:12,Opened Email,0
305,2025-04-24T09:19:33,Email Open,0
16,2025-02-08T02:10:35,Blotout Viewed Product Xyz,0
897,2025-04-30T10:54:36,Email Open,0
2378,2025-02-21T00:12:30,Clicked email to unsubscribe,0
2194,2025-01-20T00:16:08,SMS Delivered,0
2575,2025-04-30T04:44:38,Viewed Product.,0
2167,2025-04-18T06:44:39,SMS Delivered,0
607,2025-03-29T06:32:26,Viewed Product.,0
2645,2025-04-10T23:09:56,Active on Site,0
201,2025-03-18T18:47:49,Blotout Viewed Product Xyz,0
8,2025-01-04T15:28:44,Viewed Product XYZ   ,1
151,2025-01-28T13:13:50,Black Crow Identified,0
2128,2025-02-20T12:30:34,Viewed Product XYZ   ,0
2825,2025-02-06T20:26:54,Viewed Product XYZ   ,0
1816,2025-04-30T04:47:27,Blotout Viewed Product Xyz,0
463,2025-03-10T02:03:36,Viewed Product.,0
2466,2025-03-03T00:55:24,Opened Email,0
2992,2025-02-17T14:37:13,SMS Delivered,0
304,2025-01-11T16:08:25,Viewed Product XYZ   ,0
728,2025-03-07T12:09:19,Active on Site,0
1724,2025-01-19T20:01:12,SMS Delivered,0
781,2025-01-22T06:06:56,Clicked email to unsubscribe,0
2372,2025-01-17T04:14:08,Black Crow Identified,0
249,2025-02-06T11:19:26,Octane: Quiz Completed: Find The Perfect Eye Shadow   .,0
1971,2025-03-11T09:17:39,SMS Delivered,0
2215,2025-02-23T10:36:44,Blotout Viewed Product Xyz,0
316,2025-03-03T11:09:39,Clicked Email,0
2160,2025-04-16T22:43:02,Black Crow Identified,0
2233,2025-02-01T02:53:15,Email Open,0
1810,2025-04-14T23:12:21,Octane: Quiz Completed: Find The Perfect Eye Shadow   .,0
863,2025-03-17T16:24:57,Black Crow Identified,0
2540,2025-04-05T00:49:19,Clicked email to unsubscribe,0
1722,2025-02-19T00:59:11,Blotout Viewed Product Xyz,0
1996,2025-04-14T12:50:00,Octane: Quiz Completed: Find The Perfect Eye Shadow   .,0
642,2025-03-07T18:35:31,Email Open,0
1257,2025-02-16T18:51:22,Placed Order,1
2081,2025-02-22T17:59:30,Order Placed,1
2421,2025-01-16T20:41:26,SMS Sent,0
2406,2025-04-30T02:14:45,Active on Site,0
826,2025-01-28T21:31:50,Order Placed,1
1295,2025-02-11T19:13:20,Viewed Product XYZ   ,0
2634,2025-04-29T21:52:23,Viewed Product XYZ   ,0
762,2025-03-09T22:48:48,Clicked Email,0
131,2025-03-04T19:42:12,Opened Email,0
2,2025-03-21T16:26:22,Viewed Product XYZ   ,0
465,2025-02-16T13:33:34,Viewed Product XYZ   ,0
2041,2025-04-24T21:45:37,Opened Email,0
1093,2025-01-14T13:11:34,Order Placed,1
1428,2025-01-27T03:08:14,Unsubscribed,0
330,2025-04-15T12:39:52,Clicked Email,0
2124,2025-02-06T09:33:12,Clicked email to unsubscribe,0
2978,2025-04-06T14:42:22,Clicked email link,0
1394,2025-03-21T22:09:01,Placed Order,1
2593,2025-03-12T07:26:21,Opened Email,0
2329,2025-03-16T12:14:03,Black Crow Identified,0
2392,2025-02-13T10:31:30,Placed Order,1
271,2025-01-05T01:48:28,SMS Sent,0
98,2025-02-11T17:56:23,Opened Email,0
108,2025-02-28T01:21:51,Viewed Product XYZ   ,0
1979,2025-04-09T14:39:32,Order Placed,1
1352,2025-02-23T11:28:22,Viewed Product XYZ   ,0
2717,2025-04-10T20:16:21,Clicked Email,0
1045,2025-02-12T16:43:44,Placed Order,1
415,2025-01-14T01:24:32,Black Crow Identified,0
86,2025-04-10T11:36:07,Black Crow Identified,0
441,2025-04-28T00:50:10,Clicked email to unsubscribe,1
2306,2025-03-22T22:40:04,Blotout Viewed Product Xyz,0
1682,2025-02-24T00:51:59,Viewed Product.,0
1873,2025-03-11T04:56:57,Blotout Viewed Product Xyz,0
518,2025-03-03T07:53:34,Order Placed,1
2977,2025-03-29T10:38:25,Viewed Product XYZ   ,0
2577,2025-01-12T05:16:44,Email Open,0
842,2025-03-28T17:12:21,Octane: Quiz Completed: Find The Perfect Eye Shadow   .,0
2894,2025-01-28T10:02:22,Black Crow Identified,0
2906,2025-01-03T13:37:44,SMS Sent,0
384,2025-03-28T09:49:17,Active on Site,1
2696,2025-04-16T23:58:58,Viewed Product.,0
179,2025-01-02T18:55:23,Black Crow Identified,1
272,2025-03-20T07:09:11,Email Open,0
1767,2025-01-10T01:30:22,Octane: Quiz Completed: Find The Perfect Eye Shadow   .,0
197,2025-03-17T03:13:19,Opened Email,0
1696,2025-04-04T04:48:46,SMS Sent,0
2254,2025-03-26T23:54:56,Black Crow Identified,0
424,2025-04-24T23:04:52,Viewed Product.,0
809,2025-03-19T16:47:57,Email Open,0
2775,2025-01-11T10:50:25,Clicked email link,0
1825,2025-04-24T11:22:35,Octane: Quiz Completed: Find The Perfect Eye Shadow   .,0
639,2025-03-24T22:12:56,Clicked email link,0
1646,2025-03-22T23:31:41,Email Open,0
1767,2025-02-20T08:05:27,Clicked email link,0
26,2025-04-30T11:29:14,Email Open,0
455,2025-02-18T23:45:58,Opened Email,0
1841,2025-03-15T21:13:17,Placed Order,1
612,2025-01-02T06:26:16,Black Crow Identified,0
1234,2025-02-09T21:47:00,Placed Order,1
2599,2025-04-09T16:25:32,Unsubscribed,0
744,2025-01-30T21:10:36,Clicked email link,0
1081,2025-03-08T13:13:43,Clicked email to unsubscribe,0
2969,2025-03-23T21:50:19,Viewed Product XYZ   ,0
1761,2025-02-23T19:19:43,Clicked email link,0
1557,2025-01-24T22:59:42,SMS Delivered,0
2576,2025-04-14T19:25:42,Octane: Quiz Completed: Find The Perfect Eye Shadow   .,0
2730,2025-03-01T04:24:55,Black Crow Identified,0
1485,2025-02-05T22:43:04,Unsubscribed,0
2569,2025-02-10T00:03:32,Octane: Quiz Completed: Find The Perfect Eye Shadow   .,0
691,2025-02-14T06:52:08,Opened Email,0
804,2025-03-28T11:44:39,Placed Order,1
972,2025-01-11T16:29:59,Octane: Quiz Completed: Find The Perfect Eye Shadow   .,0
2774,2025-01-14T11:09:25,Order Placed,1
310,2025-02-13T17:38:12,Clicked email link,1
1542,2025-03-30T07:46:27,Order Placed,1
2149,2025-04-08T00:47:41,Active on Site,0
2417,2025-03-09T16:59:09,Unsubscribed,0
96,2025-03-13T08:28:54,Clicked Email,0
1251,2025-04-16T01:50:50,Placed Order,1
2009,2025-04-18T18:35:22,Clicked email to unsubscribe,0
2791,2025-01-28T07:32:20,Email Open,0
21,2025-04-19T12:34:00,Viewed Product XYZ   ,0
412,2025-04-09T03:14:21,Viewed Product.,0
2663,2025-01-18T20:09:39,Viewed Product XYZ   ,0
304,2025-01-19T08:25:59,Active on Site,0
2972,2025-04-08T01:33:34,Clicked email to unsubscribe,0
2034,2025-01-27T02:48:02,Clicked email link,0
1860,2025-04-29T23:58:24,Clicked email to unsubscribe,0
911,2025-04-17T03:13:32,Email Open,0
508,2025-03-10T22:26:08,Blotout Viewed Product Xyz,0
2450,2025-03-13T16:39:41,Blotout Viewed Product Xyz,0
1255,2025-04-01T15:42:52,Email Open,0
2442,2025-04-15T18:45:59,Unsubscribed,0
526,2025-03-02T05:23:26,Clicked email to unsubscribe,0
2064,2025-01-05T17:48:51,SMS Delivered,0
1626,2025-01-09T07:38:25,Clicked email link,0
2375,2025-03-18T00:55:00,Octane: Quiz Completed: Find The Perfect Eye Shadow   .,0
1679,2025-02-27T12:35:12,Unsubscribed,0
1169,2025-04-15T20:12:40,Black Crow Identified,0
1987,2025-04-18T21:09:05,Active on Site,0
2824,2025-01-27T01:31:56,Opened Email,0
580,2025-04-08T15:05:25,Unsubscribed,0
2597,2025-03-02T19:28:44,Placed Order,1
881,2025-01-27T00:04:49,Unsubscribed,0
989,2025-02-04T16:57:33,Clicked Email,0
218,2025-01-30T03:23:23,Placed Order,1
2533,2025-01-12T10:29:56,Placed Order,1
1454,2025-02-11T20:21:11,Viewed Product.,0
2459,2025-01-21T02:24:15,Clicked Email,0
1812,2025-03-14T03:14:15,SMS Sent,0
524,2025-02-07T02:28:16,Clicked email to unsubscribe,0
2508,2025-03-16T21:10:16,SMS Sent,0
1723,2025-01-10T00:41:03,Viewed Product XYZ   ,0
927,2025-03-05T22:30:05,Viewed Product.,0
2239,2025-04-02T03:42:53,Viewed Product XYZ   ,0
1352,2025-03-29T00:05:29,Placed Order,1
2372,2025-04-23T11:42:29,Octane: Quiz Completed: Find The Perfect Eye Shadow   .,0
1727,2025-03-02T07:31:42,Viewed Product XYZ   ,1
2470,2025-01-27T03:02:05,SMS Sent,0
2566,2025-04-18T10:43:37,Black Crow Identified,1
1824,2025-01-24T08:25:52,Clicked email link,0
2815,2025-01-12T04:02:02,Blotout Viewed Product Xyz,0
1169,2025-02-06T06:21:42,Active on Site,0
2289,2025-01-01T04:43:51,Blotout Viewed Product Xyz,0
1517,2025-04-22T12:05:24,Active on Site,0
414,2025-02-24T06:33:18,Black Crow Identified,0
2170,2025-02-15T09:12:28,Unsubscribed,0
956,2025-02-10T18:15:30,Opened Email,0
212,2025-02-13T16:51:49,Order Placed,1
793,2025-04-08T19:39:45,Unsubscribed,0
1635,2025-04-05T15:48:56,Viewed Product XYZ   ,0
620,2025-03-20T23:39:15,Clicked Email,0
855,2025-03-06T21:51:55,SMS Delivered,0
1133,2025-03-22T12:10:36,Clicked email link,0
2871,2025-02-11T17:14:07,Viewed Product XYZ   ,0
1794,2025-03-12T15:28:16,Blotout Viewed Product Xyz,0
1725,2025-04-10T07:55:55,Blotout Viewed Product Xyz,0
1746,2025-02-05T17:03:21,Viewed Product.,0
1420,2025-04-05T06:05:04,Viewed Product XYZ   ,0
456,2025-02-03T11:01:16,Active on Site,0
616,2025-04-16T04:52:18,Active on Site,0
617,2025-04-28T03:16:30,Clicked email to unsubscribe,0
2016,2025-01-04T09:44:30,Opened Email,0
2947,2025-04-29T12:39:06,Clicked Email,0
277,2025-03-03T12:56:33,Black Crow Identified,0
2513,2025-02-01T21:31:32,SMS Delivered,0
2117,2025-04-02T01:41:05,Black Crow Identified,0
1423,2025-01-09T22:30:47,Clicked email to unsubscribe,0
1242,2025-01-01T05:26:09,Email Open,0
1198,2025-04-03T07:34:04,SMS Sent,0
792,2025-03-11T04:56:41,Order Placed,1
2732,2025-02-13T01:43:11,SMS Delivered,0
754,2025-02-26T20:29:02,Opened Email,0
1754,2025-01-17T21:48:31,Viewed Product XYZ   ,0
1443,2025-02-06T08:23:44,Opened Email,0
587,2025-01-16T00:48:13,Black Crow Identified,0
2906,2025-02-04T17:29:19,Active on Site,0
2058,2025-04-03T08:12:14,Opened Email,0
663,2025-02-04T15:37:29,SMS Sent,0
610,2025-01-05T03:41:30,Clicked email link,1
1150,2025-04-06T05:23:55,Blotout Viewed Product Xyz,0
2012,2025-03-31T05:54:31,Black Crow Identified,0
2903,2025-03-19T16:35:30,Viewed Product.,0
2261,2025-02-11T02:50:47,Octane: Quiz Completed: Find The Perfect Eye Shadow   .,0
1504,2025-02-03T01:50:21,Blotout Viewed Product Xyz,0
1675,2025-03-04T02:22:21,Order Placed,1
1247,2025-03-23T07:14:47,Order Placed,1
413,2025-04-10T16:13:41,SMS Sent,0
2800,2025-02-10T03:40:01,Viewed Product XYZ   ,0
1840,2025-01-15T16:55:36,Order Placed,1
244,2025-03-08T19:55:02,Order Placed,1
709,2025-01-10T11:40:10,Blotout Viewed Product Xyz,0
66,2025-01-27T12:06:17,Blotout Viewed Product Xyz,0
1950,2025-01-11T02:04:40,Blotout Viewed Product Xyz,0
2648,2025-04-15T01:25:28,Order Placed,1
256,2025-01-17T21:06:18,Clicked email to unsubscribe,0
1590,2025-01-20T19:40:56,SMS Delivered,0
2906,2025-03-30T12:22:35,Blotout Viewed Product Xyz,0
169,2025-01-25T07:32:12,Email Open,0
1316,2025-04-30T04:34:56,SMS Sent,0
1177,2025-02-19T08:28:53,Blotout Viewed Product Xyz,0
900,2025-03-24T09:50:06,Clicked email to unsubscribe,0
1613,2025-04-27T11:56:39,Unsubscribed,0
2968,2025-01-02T16:17:38,Clicked email link,0
2561,2025-04-06T17:03:12,SMS Delivered,0
1534,2025-03-15T22:33:07,Black Crow Identified,0
2090,2025-02-23T19:12:04,Clicked email link,0
2084,2025-02-21T01:28:12,Email Open,0
402,2025-03-25T21:03:13,Black Crow Identified,0
1599,2025-02-22T06:08:10,SMS Sent,0
1324,2025-02-25T17:34:56,Placed Order,1
647,2025-02-03T14:05:56,Viewed Product.,1
477,2025-03-17T02:01:31,Black Crow Identified,0
2207,2025-02-12T16:58:44,Clicked email link,0
354,2025-03-17T06:22:04,Placed Order,1
2316,2025-01-21T02:55:22,Active on Site,0
108,2025-01-05T10:10:56,Viewed Product XYZ   ,0
939,2025-04-22T14:06:58,Email Open,0
1302,2025-02-08T22:04:04,Viewed Product XYZ   ,0
2471,2025-03-08T14:35:52,Clicked email link,0
111,2025-03-26T13:31:46,Opened Email,0
1845,2025-03-27T18:55:21,SMS Sent,0
943,2025-02-04T14:52:23,Unsubscribed,0
2333,2025-03-21T04:22:00,Clicked email to unsubscribe,0
757,2025-02-24T19:22:27,Opened Email,0
123,2025-01-04T07:54:51,Clicked email link,0
359,2025-04-30T18:16:56,Opened Email,0
2833,2025-01-24T06:04:26,Placed Order,1
1606,2025-04-20T00:10:02,Octane: Quiz Completed: Find The Perfect Eye Shadow   .,0
2664,2025-03-02T03:11:41,Opened Email,0
895,2025-03-31T01:31:21,Clicked email link,0
2547,2025-02-19T04:50:55,Viewed Product.,0
2311,2025-03-25T04:00:36,Order Placed,1
343,2025-02-20T04:27:45,Opened Email,0
436,2025-01-21T10:29:15,Unsubscribed,0
2028,2025-04-23T06:47:00,Clicked email to unsubscribe,0
2243,2025-04-15T07:48:38,Viewed Product.,0
2843,2025-03-10T17:44:18,Clicked email to unsubscribe,0
1041,2025-02-02T10:10:23,SMS Sent,0
1905,2025-01-03T16:50:39,Active on Site,0
754,2025-04-22T13:21:16,Email Open,1
204,2025-01-17T23:16:53,Unsubscribed,0
1275,2025-01-11T01:17:36,Blotout Viewed Product Xyz,0
1590,2025-03-02T10:34:50,Order Placed,1
1881,2025-01-04T20:00:44,Placed Order,1
2150,2025-01-01T10:36:54,Octane: Quiz Completed: Find The Perfect Eye Shadow   .,0
1328,2025-03-27T08:02:47,Order Placed,1
1603,2025-01-15T13:55:25,Unsubscribed,0
1513,2025-04-30T14:28:46,Clicked Email,0
671,2025-04-21T14:45:00,Unsubscribed,0
2835,2025-03-27T12:24:45,Placed Order,1
1258,2025-02-11T13:39:28,Email Open,0
2110,2025-03-13T20:51:21,Black Crow Identified,0
2485,2025-03-30T01:24:05,Active on Site,0
2475,2025-02-23T10:48:18,Active on Site,0
1201,2025-03-27T21:25:29,Black Crow Identified,0
521,2025-01-31T04:11:00,Placed Order,1
535,2025-04-29T19:45:32,Viewed Product.,0
2238,2025-04-27T14:17:02,Viewed Product XYZ   ,0
2917,2025-02-12T20:00:12,Viewed Product.,0
2119,2025-04-29T15:44:22,Opened Email,0
1427,2025-01-16T12:23:43,Email Open,0
2286,2025-04-19T13:58:10,SMS Sent,0
679,2025-01-21T11:04:25,Viewed Product.,0
694,2025-01-17T19:21:41,Placed Order,1
2687,2025-02-02T15:08:15,SMS Delivered,1
1554,2025-04-23T14:37:30,Clicked email link,0
1463,2025-02-03T06:12:40,SMS Delivered,0
1147,2025-01-14T14:46:26,Blotout Viewed Product Xyz,0
769,2025-03-12T13:40:25,SMS Delivered,0
2254,2025-04-16T03:37:39,Clicked email link,0
2579,2025-03-22T18:53:56,Active on Site,0
634,2025-03-01T18:11:54,Active on Site,0
2908,2025-02-07T22:00:03,SMS Sent,0
2741,2025-04-05T08:49:38,Email Open,0
2929,2025-01-13T08:15:59,Octane: Quiz Completed: Find The Perfect Eye Shadow   .,0
1327,2025-01-30T14:32:01,Active on Site,0
1038,2025-02-04T10:29:37,Email Open,0
2649,2025-02-26T04:17:53,SMS Sent,0
122,2025-01-24T12:44:27,Viewed Product.,0
1711,2025-04-08T23:47:40,Viewed Product.,0
1626,2025-04-20T02:06:13,Clicked email to unsubscribe,0
2205,2025-01-29T18:31:16,Opened Email,0
2439,2025-02-18T12:48:54,Placed Order,1
578,2025-04-04T05:53:01,Email Open,0
517,2025-03-28T09:59:12,Clicked email link,0
806,2025-03-21T22:28:45,Placed Order,1
2355,2025-03-26T18:42:59,Blotout Viewed Product Xyz,0
280,2025-02-22T14:59:48,Viewed Product XYZ   ,0
333,2025-04-11T17:42:32,SMS Delivered,0
2743,2025-01-18T05:25:08,Order Placed,1
1462,2025-01-26T16:35:59,Active on Site,0
1460,2025-03-24T16:11:01,Viewed Product XYZ   ,0
2742,2025-04-14T22:14:04,Clicked Email,0
1934,2025-02-13T01:43:47,Octane: Quiz Completed: Find The Perfect Eye Shadow   .,0
645,2025-01-09T19:08:59,Unsubscribed,0
950,2025-02-24T08:11:57,Clicked email to unsubscribe,0
2799,2025-02-11T15:31:18,Viewed Product XYZ   ,0
333,2025-01-22T05:17:38,Viewed Product.,0
64,2025-03-17T04:04:59,Opened Email,0
1075,2025-04-04T00:23:48,Unsubscribed,0
1484,2025-04-20T04:29:24,Clicked email to unsubscribe,0
2555,2025-01-07T07:57:03,Clicked email link,0
1380,2025-02-06T21:24:11,Placed Order,1
2516,2025-03-20T17:53:33,Opened Email,0
2295,2025-04-11T04:34:25,Blotout Viewed Product Xyz,0
2788,2025-03-12T16:01:57,Placed Order,1
2679,2025-03-15T07:13:31,Black Crow Identified,0
1035,2025-04-27T11:03:43,Opened Email,0
544,2025-04-03T01:06:15,Order Placed,1
2222,2025-03-08T14:31:05,Clicked email link,0
2431,2025-04-22T02:50:16,Clicked email to unsubscribe,0
2522,2025-02-15T18:29:18,Placed Order,1
2900,2025-02-11T19:14:20,Clicked Email,0
1520,2025-04-17T16:53:12,Blotout Viewed Product Xyz,0
2614,2025-04-01T10:30:34,Opened Email,0
62,2025-04-14T02:38:24,Opened Email,0
185,2025-01-20T11:51:04,Unsubscribed,0
2133,2025-02-11T19:02:37,Clicked email link,0
1280,2025-03-09T17:23:35,Opened Email,0
1115,2025-02-07T15:54:07,Opened Email,0
1507,2025-03-06T04:35:00,Unsubscribed,0
1788,2025-02-27T15:13:56,Unsubscribed,0
1715,2025-01-01T21:37:57,Clicked email link,0
2855,2025-02-21T10:19:47,Clicked email to unsubscribe,0
1386,2025-01-11T07:08:45,Octane: Quiz Completed: Find The Perfect Eye Shadow   .,1
1526,2025-03-27T20:27:04,SMS Delivered,0
2324,2025-03-03T20:01:50,SMS Sent,0
2912,2025-04-24T14:28:57,Clicked email to unsubscribe,0
419,2025-01-08T15:09:39,Order Placed,1
369,2025-04-27T10:47:48,Viewed Product XYZ   ,0
893,2025-04-07T03:22:54,Viewed Product XYZ   ,0
2652,2025-01-22T07:01:56,SMS Delivered,0
1969,2025-01-02T06:30:25,Unsubscribed,0
1624,2025-01-02T00:45:59,SMS Sent,0
1772,2025-02-04T20:13:05,Black Crow Identified,0
150,2025-02-27T09:09:30,Viewed Product XYZ   ,0
234,2025-01-25T18:57:05,Blotout Viewed Product Xyz,0
282,2025-04-01T07:47:26,Opened Email,0
697,2025-02-11T14:37:48,SMS Delivered,0
44,2025-01-28T08:49:31,Viewed Product.,0
555,2025-02-12T07:46:01,Order Placed,1
2483,2025-02-08T11:46:20,Viewed Product XYZ   ,1
1354,2025-04-07T07:57:28,Octane: Quiz Completed: Find The Perfect Eye Shadow   .,0
2927,2025-02-17T00:58:56,Viewed Product.,0
1496,2025-02-25T16:31:27,Active on Site,0
2373,2025-03-07T17:11:56,Viewed Product XYZ   ,0
681,2025-02-09T06:44:34,Order Placed,1
2439,2025-01-05T14:38:03,SMS Sent,0
1837,2025-04-18T13:26:42,Clicked email link,0
86,2025-02-16T15:59:02,SMS Delivered,0
2639,2025-03-11T20:17:52,Order Placed,1
2828,2025-03-20T19:57:23,Blotout Viewed Product Xyz,0
2048,2025-04-01T20:52:32,Viewed Product.,0
947,2025-01-04T16:21:09,Unsubscribed,0
2500,2025-02-19T18:24:22,Unsubscribed,0
1119,2025-03-21T07:27:18,Black Crow Identified,0
803,2025-04-24T01:10:15,Octane: Quiz Completed: Find The Perfect Eye Shadow   .,1
502,2025-01-18T13:19:42,Clicked email link,1
487,2025-03-01T07:59:53,Blotout Viewed Product Xyz,0
2450,2025-03-06T06:24:23,Email Open,0
2653,2025-03-14T07:56:21,Octane: Quiz Completed: Find The Perfect Eye Shadow   .,0
2384,2025-04-02T17:13:51,Viewed Product.,1
2865,2025-03-20T07:45:25,Blotout Viewed Product Xyz,0
2918,2025-01-07T14:23:58,Placed Order,1
384,2025-01-16T19:05:43,Unsubscribed,0
1941,2025-02-02T01:51:31,Viewed Product.,0
2065,2025-01-05T10:08:36,Black Crow Identified,0
2394,2025-03-29T01:11:50,Order Placed,1
833,2025-01-30T13:55:53,Clicked Email,0
781,2025-04-10T17:05:07,Viewed Product.,0
851,2025-01-28T13:57:08,Order Placed,1
114,2025-04-24T21:40:38,Active on Site,0
481,2025-02-04T19:46:28,Placed Order,1
1707,2025-04-16T22:01:51,Clicked email to unsubscribe,0
2243,2025-01-05T23:53:16,Octane: Quiz Completed: Find The Perfect Eye Shadow   .,0
1957,2025-02-13T15:01:29,Email Open,1
454,2025-04-12T05:15:45,Octane: Quiz Completed: Find The Perfect Eye Shadow   .,0
1081,2025-01-10T12:32:39,SMS Delivered,0
2631,2025-04-24T22:29:16,Email Open,0
2096,2025-01-31T20:08:29,Clicked email link,0
928,2025-04-07T02:19:03,Blotout Viewed Product Xyz,1
2827,2025-02-17T18:45:16,Active on Site,0
1569,2025-02-11T00:09:59,Active on Site,0
1856,2025-01-02T12:09:38,Order Placed,1
912,2025-01-24T14:58:16,Placed Order,1
763,2025-02-13T17:37:31,Viewed Product XYZ   ,0
1708,2025-01-20T03:29:58,SMS Sent,0
1492,2025-04-10T14:34:49,Black Crow Identified,0
798,2025-04-12T22:07:28,Clicked Email,0
566,2025-01-16T15:16:54,Unsubscribed,0
2728,2025-02-19T22:41:15,Clicked Email,0
2584,2025-01-08T09:34:19,Unsubscribed,0
37,2025-02-10T00:16:05,Email Open,0
2204,2025-01-27T00:45:21,Viewed Product.,0
993,2025-04-25T20:37:41,Placed Order,1
2762,2025-02-12T17:36:31,Placed Order,1
1491,2025-01-28T12:17:45,Clicked Email,0
1749,2025-03-11T17:26:43,Placed Order,1
94,2025-01-22T07:30:51,Placed Order,1
2087,2025-02-26T06:47:32,Black Crow Identified,0
2236,2025-01-16T14:18:19,Opened Email,0
502,2025-02-28T03:08:01,Viewed Product.,0
2817,2025-01-27T06:02:07,SMS Delivered,0
2633,2025-01-05T13:32:53,Unsubscribed,0
1666,2025-04-28T16:49:07,Blotout Viewed Product Xyz,0
1967,2025-04-12T22:27:06,Unsubscribed,0
399,2025-02-03T04:37:29,Viewed Product XYZ   ,0
1902,2025-04-13T17:00:38,Black Crow Identified,0
558,2025-02-25T06:19:45,Viewed Product XYZ   ,0
2944,2025-02-02T14:13:34,Viewed Product.,0
773,2025-02-20T20:24:03,SMS Delivered,0
2217,2025-03-28T09:35:43,Opened Email,1
1842,2025-02-07T03:59:50,Opened Email,0
2958,2025-03-11T13:58:13,Unsubscribed,0
551,2025-01-15T23:09:37,Viewed Product XYZ   ,0
2974,2025-03-07T03:28:46,Black Crow Identified,0
2262,2025-03-09T00:54:04,Unsubscribed,0
1063,2025-03-15T12:28:45,Black Crow Identified,0
1189,2025-01-10T06:48:14,Viewed Product.,0
669,2025-03-19T20:54:14,Viewed Product XYZ   ,0
112,2025-03-14T21:50:12,Viewed Product.,0
2905,2025-04-15T02:16:22,SMS Delivered,0
1170,2025-02-04T03:59:04,Octane: Quiz Completed: Find The Perfect Eye Shadow   .,0
2316,2025-01-03T12:58:52,Black Crow Identified,0
1382,2025-01-01T01:03:12,Octane: Quiz Completed: Find The Perfect Eye Shadow   .,0
2948,2025-02-23T17:59:36,Blotout Viewed Product Xyz,0
855,2025-01-07T04:03:03,Unsubscribed,0
218,2025-04-07T02:06:38,SMS Sent,0
2448,2025-02-15T02:22:48,Clicked email to unsubscribe,0
1175,2025-02-02T00:18:57,Unsubscribed,0
2756,2025-03-28T20:38:57,Clicked Email,0
1745,2025-04-19T06:06:23,SMS Sent,0
1906,2025-03-27T15:15:12,Email Open,0
194,2025-03-13T15:29:25,Email Open,0
2529,2025-01-21T04:58:01,Email Open,0
1027,2025-04-24T04:00:01,SMS Delivered,0
367,2025-04-27T21:32:34,Placed Order,1
2970,2025-01-20T20:09:43,Octane: Quiz Completed: Find The Perfect Eye Shadow   .,0
1868,2025-01-04T08:12:12,Octane: Quiz Completed: Find The Perfect Eye Shadow   .,0
2413,2025-01-09T14:55:33,Clicked Email,0
2529,2025-01-25T16:16:24,SMS Delivered,0
1658,2025-02-17T07:45:14,Clicked email to unsubscribe,0
1010,2025-02-13T10:29:00,Opened Email,0
583,2025-01-08T11:05:50,Black Crow Identified,0
668,2025-02-04T07:46:41,Octane: Quiz Completed: Find The Perfect Eye Shadow   .,0
1908,2025-02-16T17:09:12,Blotout Viewed Product Xyz,0
1359,2025-01-04T00:24:04,Viewed Product.,0
1213,2025-03-03T19:35:05,Viewed Product XYZ   ,0
1157,2025-03-22T15:11:09,Opened Email,0
1102,2025-03-28T02:41:50,Viewed Product XYZ   ,0
1097,2025-02-22T12:11:12,Placed Order,1
2065,2025-02-10T16:23:30,Email Open,0
1922,2025-02-11T02:45:31,Unsubscribed,0
1985,2025-01-24T02:36:31,Placed Order,1
311,2025-03-04T16:00:08,Placed Order,1
894,2025-03-10T05:02:26,Octane: Quiz Completed: Find The Perfect Eye Shadow   .,0
798,2025-04-21T17:33:56,Unsubscribed,0
2193,2025-01-15T20:07:37,Octane: Quiz Completed: Find The Perfect Eye Shadow   .,0
1444,2025-01-07T02:28:24,Octane: Quiz Completed: Find The Perfect Eye Shadow   .,0
205,2025-01-06T14:07:09,Clicked email link,0
1415,2025-03-12T06:18:16,Black Crow Identified,0
2653,2025-02-09T09:15:22,Unsubscribed,0
1371,2025-02-22T03:08:13,Placed Order,1
1866,2025-01-01T19:17:11,Clicked email link,0
1219,2025-04-03T16:46:09,Unsubscribed,0
2100,2025-04-08T13:51:41,Black Crow Identified,0
518,2025-01-13T06:12:56,Clicked Email,0
1790,2025-04-27T16:06:43,Black Crow Identified,0
1345,2025-03-30T04:45:19,Viewed Product.,0
1147,2025-02-25T14:54:20,Clicked email link,0
2358,2025-03-17T03:37:44,Opened Email,0
1418,2025-04-09T14:49:26,Opened Email,0
440,2025-01-20T21:44:42,Clicked email link,1
1130,2025-02-17T04:29:59,Email Open,0
4,2025-04-25T06:10:20,Active on Site,0
2382,2025-03-23T18:05:44,Viewed Product.,0
1179,2025-01-09T10:40:52,Clicked email to unsubscribe,0
2619,2025-04-08T16:01:55,Clicked email to unsubscribe,0
786,2025-02-06T22:54:08,Blotout Viewed Product Xyz,0
1816,2025-04-08T00:05:48,Placed Order,1
2593,2025-04-19T00:38:19,Clicked email link,0
1527,2025-02-11T00:03:22,Active on Site,0
2263,2025-02-07T08:09:55,Order Placed,1
2881,2025-04-09T01:26:17,Order Placed,1
184,2025-01-19T02:08:36,Clicked email link,0
284,2025-01-07T01:23:23,Active on Site,0
2448,2025-04-08T14:14:26,SMS Delivered,0
1907,2025-04-30T20:34:50,Unsubscribed,0
2751,2025-02-07T16:39:05,Unsubscribed,0
1771,2025-01-12T18:08:06,Email Open,1
782,2025-03-21T15:02:16,Octane: Quiz Completed: Find The Perfect Eye Shadow   .,0
1062,2025-01-08T11:57:26,Placed Order,1
752,2025-04-17T12:20:24,Clicked email link,0
2583,2025-03-10T03:32:12,Order Placed,1
723,2025-03-02T17:22:02,Clicked email to unsubscribe,0
1372,2025-01-18T22:14:51,Clicked Email,0
2223,2025-03-01T11:41:03,Active on Site,0
952,2025-04-22T21:03:20,Clicked Email,0
293,2025-01-19T13:05:19,Clicked email link,0
345,2025-03-15T12:51:22,Clicked email to unsubscribe,0
505,2025-03-18T03:50:08,Viewed Product.,0
2063,2025-01-13T17:17:57,Opened Email,0
2854,2025-04-10T10:16:48,Active on Site,0
2243,2025-02-11T13:23:59,Viewed Product XYZ   ,0
852,2025-04-08T08:02:26,Black Crow Identified,0
2975,2025-02-15T09:49:14,Order Placed,1
2046,2025-04-02T07:00:51,Blotout Viewed Product Xyz,0
2889,2025-03-09T18:51:28,Opened Email,0
2094,2025-04-10T01:56:58,SMS Sent,0
1496,2025-02-16T20:31:21,Clicked Email,0
2264,2025-02-18T08:13:27,Clicked email to unsubscribe,0
498,2025-02-27T09:36:07,SMS Delivered,0
1171,2025-04-23T12:26:27,Unsubscribed,1
128,2025-03-31T09:36:36,Viewed Product XYZ   ,0
2586,2025-03-17T02:15:23,SMS Delivered,0
1900,2025-02-17T11:34:38,Viewed Product.,0
936,2025-01-16T06:44:38,SMS Delivered,0
2364,2025-02-24T17:19:39,Viewed Product XYZ   ,0
2344,2025-02-20T00:32:33,SMS Sent,0
1204,2025-04-07T17:52:30,Blotout Viewed Product Xyz,0
1379,2025-03-19T23:59:12,Placed Order,1
397,2025-01-10T21:12:16,SMS Delivered,0
2955,2025-02-26T06:58:59,Octane: Quiz Completed: Find The Perfect Eye Shadow   .,0
1695,2025-03-14T12:57:31,Black Crow Identified,1
2066,2025-02-13T23:25:29,Email Open,0
2738,2025-03-03T20:42:01,Blotout Viewed Product Xyz,0
2229,2025-04-10T09:22:53,Active on Site,0
1461,2025-01-22T23:10:22,Order Placed,1
1766,2025-01-11T09:52:26,Clicked email to unsubscribe,0
642,2025-02-07T22:25:08,Viewed Product XYZ   ,0
2615,2025-02-26T13:41:08,Email Open,0
1052,2025-01-12T03:07:29,Clicked email to unsubscribe,0
1863,2025-02-17T02:03:42,Black Crow Identified,0
1489,2025-03-29T11:25:23,SMS Sent,0
2025,2025-02-11T03:35:02,Blotout Viewed Product Xyz,0
1428,2025-03-26T19:34:48,SMS Delivered,0
25,2025-03-15T14:03:33,Opened Email,0
468,2025-03-12T13:02:55,Placed Order,1
399,2025-03-21T10:07:03,Unsubscribed,0
1104,2025-03-14T19:28:27,Clicked email link,0
1580,2025-01-03T10:20:27,Clicked email to unsubscribe,0
2841,2025-03-10T03:54:53,Active on Site,0
1561,2025-01-22T23:40:36,Opened Email,0
1610,2025-04-22T22:15:29,Clicked email to unsubscribe,0
678,2025-03-01T12:34:36,Email Open,0
262,2025-02-23T03:35:33,Clicked email link,0
1608,2025-02-21T20:33:22,Octane: Quiz Completed: Find The Perfect Eye Shadow   .,0
2021,2025-04-10T08:55:46,Placed Order,1
1728,2025-01-20T13:18:47,SMS Sent,0
1043,2025-04-14T22:48:27,SMS Sent,0
2891,2025-04-09T22:45:44,SMS Sent,0
1757,2025-03-12T17:36:15,Blotout Viewed Product Xyz,0
938,2025-04-15T04:17:47,Clicked email link,0
495,2025-03-21T11:46:28,Clicked Email,0
997,2025-04-09T06:52:30,Clicked email to unsubscribe,0
1683,2025-01-13T14:44:13,Placed Order,1
1377,2025-02-06T16:47:05,Octane: Quiz Completed: Find The Perfect Eye Shadow   .,0
629,2025-04-16T04:56:41,Order Placed,1
68,2025-01-16T20:25:08,Clicked email link,0
2902,2025-02-24T16:06:33,Octane: Quiz Completed: Find The Perfect Eye Shadow   .,0
918,2025-01-08T02:11:18,Black Crow Identified,0
2349,2025-03-07T18:07:07,Octane: Quiz Completed: Find The Perfect Eye Shadow   .,0
2613,2025-03-25T10:36:46,Active on Site,1
1859,2025-04-13T23:10:51,Unsubscribed,1
1943,2025-01-31T07:25:07,Unsubscribed,0
580,2025-03-03T09:03:59,Order Placed,1
88,2025-04-12T06:32:20,Black Crow Identified,0
2914,2025-03-15T05:33:18,Opened Email,0
274,2025-03-26T02:40:43,Blotout Viewed Product Xyz,0
2468,2025-01-07T06:25:05,Opened Email,0
1726,2025-03-08T07:25:20,Clicked email to unsubscribe,0
2216,2025-02-02T08:48:07,Email Open,0
1375,2025-02-09T10:47:22,Viewed Product XYZ   ,0
84,2025-02-14T11:25:08,Viewed Product XYZ   ,0
2285,2025-04-15T01:10:30,SMS Delivered,0
2032,2025-01-07T00:14:54,Viewed Product XYZ   ,0
1341,2025-02-13T14:03:59,Clicked email link,0
1859,2025-02-09T22:42:37,Clicked Email,0
1719,2025-03-21T16:25:06,Placed Order,1
2574,2025-01-02T00:47:54,Clicked email to unsubscribe,0
1485,2025-01-19T17:36:00,Email Open,0
929,2025-04-03T04:04:25,Opened Email,0
2375,2025-04-24T11:17:44,Clicked Email,0
2113,2025-04-23T07:58:42,Order Placed,1
2833,2025-02-12T05:52:00,Order Placed,1
723,2025-03-10T03:27:48,SMS Sent,0
420,2025-04-22T13:29:20,Order Placed,1
107,2025-03-05T18:20:16,SMS Delivered,0
1864,2025-04-19T19:38:31,Clicked Email,0
277,2025-01-08T02:15:10,Unsubscribed,0
92,2025-03-22T18:46:57,Black Crow Identified,0
579,2025-03-18T09:58:53,Viewed Product XYZ   ,1
205,2025-04-21T08:42:53,SMS Sent,0
1730,2025-04-11T17:51:09,Email Open,0
2840,2025-02-28T18:49:14,Octane: Quiz Completed: Find The Perfect Eye Shadow   .,0
38,2025-02-20T06:14:01,Black Crow Identified,0
288,2025-04-26T01:57:53,Clicked email link,0
1146,2025-01-10T04:53:28,Viewed Product.,0
2577,2025-01-31T11:06:00,Placed Order,1
738,2025-03-11T10:38:52,Unsubscribed,0
1166,2025-01-23T12:43:36,Opened Email,0
333,2025-03-18T21:45:45,Unsubscribed,0
212,2025-01-07T11:24:21,Black Crow Identified,1
890,2025-02-16T12:56:35,Opened Email,0
460,2025-02-15T20:32:01,Email Open,0
1548,2025-03-06T12:29:01,Octane: Quiz Completed: Find The Perfect Eye Shadow   .,0
1192,2025-03-12T16:32:58,Active on Site,1
470,2025-02-10T02:41:16,Black Crow Identified,0
2001,2025-04-20T22:49:33,Order Placed,1
2202,2025-03-29T11:57:39,Placed Order,1
1176,2025-03-08T23:27:21,Opened Email,0
2786,2025-01-31T05:59:08,Black Crow Identified,0
1535,2025-03-21T06:46:16,Clicked email to unsubscribe,0
400,2025-03-29T16:22:57,SMS Delivered,0
2154,2025-02-14T13:44:52,Black Crow Identified,0
914,2025-04-20T03:32:36,Clicked email to unsubscribe,0
1650,2025-04-17T03:24:02,Email Open,0
2162,2025-03-26T01:11:36,Opened Email,0
436,2025-01-20T02:34:51,SMS Delivered,0
2696,2025-03-17T16:46:04,SMS Delivered,0
2995,2025-02-16T20:48:14,Unsubscribed,0
2297,2025-01-21T12:16:02,Order Placed,1
2172,2025-04-09T09:36:37,SMS Delivered,0
345,2025-04-10T14:43:39,Clicked email link,0
378,2025-02-09T09:34:26,SMS Sent,0
1248,2025-03-19T23:12:47,Viewed Product XYZ   ,0
288,2025-01-19T15:56:50,Order Placed,1
2712,2025-02-22T06:02:20,Viewed Product.,0
1834,2025-01-18T02:01:22,Clicked Email,0
753,2025-01-04T06:38:39,SMS Delivered,0
1084,2025-03-03T23:09:42,Black Crow Identified,0
986,2025-01-26T13:02:07,Clicked email link,0
773,2025-01-02T05:15:25,Clicked email link,0
203,2025-04-15T15:44:30,Order Placed,1
2199,2025-02-09T14:31:43,Email Open,0
1028,2025-01-20T19:08:43,Clicked email to unsubscribe,0
1872,2025-04-20T06:55:50,Viewed Product.,1
2113,2025-02-17T12:43:11,Unsubscribed,0
2863,2025-04-10T18:41:48,Order Placed,1
2223,2025-02-03T01:32:46,Unsubscribed,0
383,2025-04-24T00:34:19,Clicked Email,0
521,2025-02-11T14:20:08,Active on Site,0
2348,2025-02-27T17:24:15,Black Crow Identified,0
1025,2025-02-06T15:22:40,Octane: Quiz Completed: Find The Perfect Eye Shadow   .,0
541,2025-03-21T10:24:29,Black Crow Identified,0
2952,2025-03-17T18:38:27,Blotout Viewed Product Xyz,0
1249,2025-04-29T02:35:21,Viewed Product.,0
757,2025-04-02T10:52:10,Order Placed,1
430,2025-03-22T03:34:36,Viewed Product XYZ   ,1
2156,2025-01-08T18:12:50,Opened Email,0
183,2025-02-08T23:19:00,Opened Email,0
2774,2025-04-09T07:54:06,Viewed Product XYZ   ,0
267,2025-01-24T14:18:41,Viewed Product.,0
1075,2025-01-23T00:20:45,Opened Email,0
2032,2025-03-01T15:13:48,SMS Delivered,0
781,2025-04-25T22:58:50,Clicked email to unsubscribe,0
283,2025-04-28T17:35:27,Clicked Email,0
2501,2025-01-14T11:05:41,Email Open,0
168,2025-02-26T17:35:46,SMS Delivered,0
755,2025-01-07T22:04:47,Clicked email to unsubscribe,0
549,2025-01-20T08:21:13,SMS Delivered,0
2976,2025-01-16T13:53:07,Placed Order,1
507,2025-03-05T09:28:26,Email Open,0
1341,2025-04-28T01:41:25,Blotout Viewed Product Xyz,0
96,2025-01-07T18:17:04,Unsubscribed,0
1106,2025-04-29T05:39:43,Black Crow Identified,0
1543,2025-01-31T06:14:11,Viewed Product.,1
98,2025-04-05T00:02:38,Clicked Email,0
862,2025-04-07T05:23:44,Order Placed,1
2329,2025-03-24T12:49:34,Clicked email to unsubscribe,0
2937,2025-01-18T07:14:09,Placed Order,1
1736,2025-01-10T18:00:37,SMS Delivered,0
847,2025-02-01T19:11:50,Placed Order,1
458,2025-01-01T12:11:11,Active on Site,0
324,2025-03-12T22:40:19,Placed Order,1
1557,2025-03-19T18:48:11,SMS Sent,0
2630,2025-03-08T03:00:59,Order Placed,1
2499,2025-02-14T10:49:39,Octane: Quiz Completed: Find The Perfect Eye Shadow   .,0
126,2025-01-20T02:30:22,Viewed Product XYZ   ,0
2350,2025-03-16T22:56:25,Black Crow Identified,0
2934,2025-03-22T13:33:30,SMS Delivered,0
309,2025-03-26T08:47:52,Blotout Viewed Product Xyz,1
381,2025-04-14T00:41:12,Clicked Email,0
1439,2025-03-16T20:20:17,Order Placed,1
546,2025-02-02T15:20:33,Order Placed,1
871,2025-04-28T17:54:24,Clicked email to unsubscribe,0
808,2025-01-07T23:47:24,Viewed Product XYZ   ,0
1171,2025-01-08T02:50:43,Octane: Quiz Completed: Find The Perfect Eye Shadow   .,0
2049,2025-04-18T12:02:49,Active on Site,1
2678,2025-04-23T03:57:53,Unsubscribed,0
1847,2025-01-18T05:13:46,Clicked Email,0
2921,2025-03-21T06:17:37,Clicked email link,0
1095,2025-02-24T04:15:51,SMS Sent,0
191,2025-02-21T08:03:28,Active on Site,0
2227,2025-01-26T09:53:47,Active on Site,0
2718,2025-01-12T11:48:23,Octane: Quiz Completed: Find The Perfect Eye Shadow   .,0
2077,2025-01-16T08:50:27,Octane: Quiz Completed: Find The Perfect Eye Shadow   .,0
363,2025-03-16T22:23:09,Clicked Email,0
952,2025-02-09T01:16:36,Active on Site,0
740,2025-02-24T16:48:15,Order Placed,1
2779,2025-04-02T04:21:59,Clicked email link,0
2594,2025-03-08T16:41:48,SMS Delivered,0
2564,2025-03-05T17:15:35,Viewed Product.,0
2292,2025-04-04T11:34:16,Placed Order,1
1186,2025-04-13T07:19:55,Active on Site,0
2662,2025-04-28T12:59:01,Opened Email,0
538,2025-01-24T00:28:21,Opened Email,0
1,2025-03-14T03:30:44,Viewed Product.,0
2414,2025-04-01T14:28:15,Clicked email link,0
1793,2025-04-22T05:34:18,Active on Site,0
913,2025-03-09T15:58:44,Placed Order,1
1000,2025-01-18T19:48:59,Active on Site,0
265,2025-02-04T05:05:02,Clicked Email,0
2480,2025-01-17T06:47:02,Black Crow Identified,0
583,2025-01-02T16:24:25,Order Placed,1
714,2025-04-14T17:11:28,SMS Sent,0
2784,2025-02-03T14:21:51,Unsubscribed,0
1627,2025-02-11T12:59:52,Opened Email,0
1839,2025-01-10T15:12:39,Clicked email link,0
404,2025-04-29T05:51:04,Unsubscribed,0
600,2025-02-01T21:17:43,Unsubscribed,0
599,2025-04-06T13:11:36,Octane: Quiz Completed: Find The Perfect Eye Shadow   .,0
645,2025-03-30T13:38:53,Viewed Product XYZ   ,0
2394,2025-01-23T20:15:54,Black Crow Identified,0
1887,2025-02-11T03:18:01,Octane: Quiz Completed: Find The Perfect Eye Shadow   .,0
2975,2025-04-21T13:20:00,SMS Sent,0
914,2025-03-30T00:33:32,Blotout Viewed Product Xyz,0
76,2025-03-16T05:35:32,Blotout Viewed Product Xyz,0
1131,2025-02-14T20:10:31,Black Crow Identified,0
2276,2025-01-08T12:12:18,Clicked Email,0
1768,2025-02-01T02:34:00,Unsubscribed,0
2372,2025-02-19T14:28:08,Viewed Product XYZ   ,0
1672,2025-02-08T12:37:18,Placed Order,1
1513,2025-01-13T02:21:05,Blotout Viewed Product Xyz,0
2896,2025-04-19T12:16:22,Clicked Email,0
2456,2025-03-24T05:27:41,SMS Sent,0
2473,2025-03-10T04:44:18,Clicked email link,0
251,2025-02-25T16:00:21,Email Open,0
537,2025-04-14T09:48:48,Blotout Viewed Product Xyz,0
957,2025-02-11T07:46:23,Opened Email,0
2464,2025-02-12T04:36:02,Placed Order,1
574,2025-03-24T21:19:29,Opened Email,0
2791,2025-02-24T09:11:17,Clicked email link,0
1649,2025-03-24T19:41:39,Octane: Quiz Completed: Find The Perfect Eye Shadow   .,0
1083,2025-04-26T09:23:49,Placed Order,1
498,2025-02-11T14:24:47,Blotout Viewed Product Xyz,0
813,2025-02-04T21:05:15,Unsubscribed,0
163,2025-01-22T09:22:11,Blotout Viewed Product Xyz,0
2906,2025-04-04T22:25:00,Order Placed,1
625,2025-02-09T12:55:22,Black Crow Identified,0
2901,2025-02-08T00:10:56,SMS Sent,0
1997,2025-04-29T18:21:03,Viewed Product.,0
643,2025-04-21T06:14:03,Email Open,0
2864,2025-02-01T08:13:50,Viewed Product.,0
538,2025-03-04T14:17:10,SMS Delivered,0
1205,2025-03-17T08:06:39,Clicked Email,0
95,2025-03-06T02:15:57,Viewed Product XYZ   ,0
959,2025-01-13T21:49:46,Email Open,0
288,2025-01-13T02:01:29,Unsubscribed,0
232,2025-01-13T02:26:45,Order Placed,1
979,2025-03-20T19:51:16,Blotout Viewed Product Xyz,0
2666,2025-03-18T22:06:05,Active on Site,0
2753,2025-03-21T17:59:29,Clicked Email,0
589,2025-01-05T05:50:13,Viewed Product XYZ   ,0
1735,2025-03-15T11:41:59,Order Placed,1
1340,2025-04-14T13:47:06,SMS Delivered,0
2752,2025-04-27T14:24:34,Active on Site,0
1738,2025-03-05T04:32:48,Opened Email,0
1799,2025-01-17T13:06:47,Email Open,0
1182,2025-04-01T03:44:36,Clicked email link,0
258,2025-01-22T06:20:10,Clicked email to unsubscribe,0
958,2025-02-24T12:30:11,Black Crow Identified,0
1307,2025-03-13T06:48:43,Octane: Quiz Completed: Find The Perfect Eye Shadow   .,0
2487,2025-04-09T21:29:43,Clicked Email,0
461,2025-02-24T11:30:15,Blotout Viewed Product Xyz,0
2839,2025-03-06T13:54:35,Viewed Product.,0
1735,2025-04-18T23:58:08,Order Placed,1
307,2025-04-19T16:17:10,SMS Delivered,0
2849,2025-01-25T19:57:04,Active on Site,0
2943,2025-04-07T17:57:00,Clicked Email,0
1397,2025-03-15T01:39:34,Email Open,0
2613,2025-02-01T08:26:00,Placed Order,1
1919,2025-02-22T02:30:29,Clicked email to unsubscribe,0
2409,2025-04-16T04:10:51,SMS Sent,0
572,2025-01-20T14:36:21,Viewed Product.,0
1166,2025-02-24T15:57:09,Order Placed,1
1570,2025-04-05T18:57:31,Active on Site,0
1934,2025-04-21T18:30:45,Octane: Quiz Completed: Find The Perfect Eye Shadow   .,0
901,2025-04-06T16:32:46,Order Placed,1
738,2025-02-10T21:37:32,Black Crow Identified,0
1046,2025-03-09T15:12:43,Viewed Product XYZ   ,0
2758,2025-01-22T23:50:24,Email Open,0
1347,2025-02-22T05:42:00,Clicked email to unsubscribe,0
665,2025-01-14T15:07:56,Email Open,0
1503,2025-01-16T13:36:41,Opened Email,0
1891,2025-04-06T23:37:03,SMS Sent,0
1336,2025-04-22T04:25:20,Clicked email to unsubscribe,0
2809,2025-04-17T03:53:27,Clicked email link,0
454,2025-01-26T00:30:21,Viewed Product XYZ   ,0
36,2025-03-03T14:44:04,Blotout Viewed Product Xyz,0
1182,2025-03-27T21:53:32,Email Open,0
222,2025-04-13T03:40:19,Clicked email link,0
2164,2025-04-03T20:14:27,Blotout Viewed Product Xyz,0
2921,2025-03-14T06:10:20,Clicked Email,0
872,2025-01-03T20:46:09,Clicked email to unsubscribe,0
884,2025-03-29T01:49:05,Blotout Viewed Product Xyz,0
252,2025-04-10T09:00:58,Viewed Product XYZ   ,0
2568,2025-03-25T00:51:44,SMS Delivered,0
524,2025-04-15T05:45:02,Clicked email to unsubscribe,0
798,2025-03-14T10:08:13,Black Crow Identified,0
2494,2025-03-18T07:13:54,Octane: Quiz Completed: Find The Perfect Eye Shadow   .,0
357,2025-02-12T12:01:44,Opened Email,0
1758,2025-03-24T19:37:48,Opened Email,0
1643,2025-02-06T02:26:26,Viewed Product XYZ   ,1
59,2025-02-09T21:43:54,Viewed Product.,0
195,2025-03-26T14:47:10,Clicked email to unsubscribe,0
1702,2025-03-01T16:48:05,Octane: Quiz Completed: Find The Perfect Eye Shadow   .,0
1058,2025-03-28T04:58:56,Order Placed,1
2222,2025-01-31T05:14:30,Opened Email,0
1559,2025-03-21T17:10:59,Email Open,0
1565,2025-01-04T01:58:18,Active on Site,0
2770,2025-01-30T02:01:33,Opened Email,0
1866,2025-03-19T22:26:41,Unsubscribed,0
1184,2025-01-28T09:47:05,Unsubscribed,0
2488,2025-04-25T21:31:14,Octane: Quiz Completed: Find The Perfect Eye Shadow   .,0
2223,2025-04-12T12:32:26,Blotout Viewed Product Xyz,0
1035,2025-01-11T23:49:17,Clicked Email,0
2304,2025-03-23T06:01:33,Email Open,0
2990,2025-04-08T22:22:18,Clicked email to unsubscribe,0
118,2025-02-26T14:29:39,Black Crow Identified,0
2675,2025-02-06T15:26:37,SMS Delivered,0
1746,2025-01-25T18:18:26,Viewed Product XYZ   ,0
2126,2025-01-24T14:55:59,SMS Sent,1
458,2025-02-18T10:44:27,Clicked email link,0
2986,2025-01-02T12:46:09,Placed Order,1
651,2025-02-21T23:46:10,Email Open,0
1514,2025-03-20T22:28:19,Black Crow Identified,0
1677,2025-03-21T06:50:06,Black Crow Identified,0
2686,2025-04-10T16:18:29,Clicked Email,0
949,2025-04-05T16:12:47,Email Open,0
2353,2025-04-03T01:18:49,Order Placed,1
2216,2025-03-31T00:11:24,Clicked email link,0
2745,2025-03-26T18:10:17,Blotout Viewed Product Xyz,0
335,2025-04-11T07:59:10,Placed Order,1
2584,2025-02-26T06:57:06,Clicked Email,0
1969,2025-01-07T16:17:04,Viewed Product.,0
485,2025-04-21T23:50:06,Blotout Viewed Product Xyz,0
468,2025-04-17T01:29:09,Viewed Product XYZ   ,0
2060,2025-01-06T19:48:19,Clicked email to unsubscribe,0
2567,2025-04-15T02:53:22,Viewed Product.,0
2096,2025-04-12T12:02:07,Blotout Viewed Product Xyz,0
1955,2025-04-19T11:15:28,Blotout Viewed Product Xyz,0
1818,2025-02-12T14:52:55,Clicked email link,0
1344,2025-04-10T01:17:24,Clicked email to unsubscribe,0
2587,2025-02-02T10:16:37,SMS Sent,0
250,2025-03-21T18:39:31,Email Open,0
2652,2025-04-03T13:49:07,Viewed Product.,0
2817,2025-02-28T01:28:15,Email Open,0
1328,2025-04-13T14:25:49,Order Placed,1
2163,2025-02-18T17:32:05,Opened Email,0
2212,2025-03-05T15:19:24,Opened Email,0
1360,2025-02-04T15:42:21,Opened Email,0
537,2025-03-25T08:45:18,Clicked email link,0
1853,2025-02-02T07:58:00,Clicked Email,0
1732,2025-02-27T18:49:38,Active on Site,0
2905,2025-04-27T19:50:04,Blotout Viewed Product Xyz,0
186,2025-03-30T16:17:31,Viewed Product XYZ   ,0
1366,2025-02-17T20:31:36,Clicked email link,0
1509,2025-02-21T10:41:22,Email Open,0
2228,2025-02-19T01:32:02,Viewed Product XYZ   ,0
2034,2025-04-18T01:33:40,Clicked email link,0
797,2025-01-29T10:10:23,Placed Order,1
889,2025-04-27T20:40:24,Order Placed,1
1398,2025-01-28T08:24:29,Viewed Product XYZ   ,0
2570,2025-04-10T10:40:30,Blotout Viewed Product Xyz,0
436,2025-04-24T10:52:15,Unsubscribed,0
187,2025-02-05T20:05:20,Clicked email to unsubscribe,0
2035,2025-04-09T08:00:22,Clicked email to unsubscribe,0
967,2025-03-08T14:57:24,Blotout Viewed Product Xyz,0
2183,2025-01-18T17:22:55,Clicked Email,0
797,2025-04-26T08:19:25,Black Crow Identified,0
300,2025-03-09T17:05:11,Viewed Product XYZ   ,0
305,2025-04-25T14:43:23,Placed Order,1
991,2025-01-26T02:33:53,Blotout Viewed Product Xyz,0
770,2025-03-31T01:52:15,Octane: Quiz Completed: Find The Perfect Eye Shadow   .,0
2792,2025-04-27T00:54:21,Octane: Quiz Completed: Find The Perfect Eye Shadow   .,0
587,2025-01-28T02:35:14,Clicked email to unsubscribe,0
1514,2025-04-22T03:09:09,Blotout Viewed Product Xyz,0
518,2025-01-28T05:26:41,Viewed Product XYZ   ,0
1605,2025-02-18T06:55:19,Blotout Viewed Product Xyz,0
2676,2025-02-23T10:07:56,Clicked Email,0
510,2025-01-18T03:10:45,Clicked Email,0
2512,2025-03-07T11:52:09,Email Open,0
2697,2025-04-08T16:33:44,Viewed Product.,0
1183,2025-04-27T02:54:41,Viewed Product XYZ   ,0
2161,2025-03-23T19:20:32,Viewed Product XYZ   ,0
2158,2025-01-20T14:16:59,Blotout Viewed Product Xyz,0
465,2025-04-18T21:40:18,SMS Delivered,0
21,2025-03-12T16:24:04,Clicked email to unsubscribe,0
2356,2025-03-10T12:18:58,SMS Sent,0
2796,2025-03-03T14:31:01,SMS Delivered,0
1873,2025-04-13T05:27:47,Octane: Quiz Completed: Find The Perfect Eye Shadow   .,1
1953,2025-03-18T16:15:36,Opened Email,0
2209,2025-01-10T01:06:36,Clicked Email,0
1100,2025-03-28T14:32:49,SMS Sent,0
130,2025-02-15T02:47:46,SMS Sent,0
780,2025-01-22T19:26:25,Clicked email to unsubscribe,0
2011,2025-03-23T12:29:35,Clicked email to unsubscribe,0
2507,2025-01-26T13:26:20,Viewed Product.,0
196,2025-02-01T08:18:52,Viewed Product XYZ   ,0
2036,2025-01-01T09:07:58,Clicked Email,0
478,2025-03-10T15:20:20,Clicked email to unsubscribe,0
1686,2025-02-02T04:03:16,Octane: Quiz Completed: Find The Perfect Eye Shadow   .,0
763,2025-01-11T23:12:20,Clicked email link,0
1218,2025-04-24T11:04:53,Black Crow Identified,0
1365,2025-04-18T23:33:31,Order Placed,1
1342,2025-02-01T08:28:44,Octane: Quiz Completed: Find The Perfect Eye Shadow   .,0
2026,2025-01-04T09:55:34,Order Placed,1
1051,2025-04-25T03:05:50,SMS Delivered,0
1514,2025-02-10T05:06:40,Black Crow Identified,0
1586,2025-01-15T00:57:14,Blotout Viewed Product Xyz,0
2280,2025-04-06T22:11:20,SMS Delivered,0
2330,2025-01-06T14:40:53,Octane: Quiz Completed: Find The Perfect Eye Shadow   .,0
1407,2025-01-25T13:38:48,Black Crow Identified,0
952,2025-04-05T09:55:04,Clicked email link,0
1133,2025-04-23T18:17:37,Email Open,0
2889,2025-02-15T23:16:35,Viewed Product XYZ   ,0
551,2025-03-28T06:10:20,Email Open,0
2523,2025-03-08T10:07:42,Clicked email link,0
712,2025-01-24T03:35:11,Black Crow Identified,0
2875,2025-02-17T16:32:36,SMS Delivered,0
2832,2025-04-10T11:13:54,SMS Delivered,0
8,2025-01-24T19:17:10,Clicked email link,0
1731,2025-02-25T15:30:52,SMS Delivered,0
2473,2025-04-21T15:47:07,Clicked Email,0
532,2025-01-25T08:50:48,Blotout Viewed Product Xyz,0
673,2025-01-19T18:32:30,Placed Order,1
945,2025-02-07T04:51:27,Unsubscribed,0
1670,2025-02-18T12:18:06,Opened Email,0
2650,2025-01-18T13:09:21,Octane: Quiz Completed: Find The Perfect Eye Shadow   .,0
2152,2025-04-02T17:09:24,Opened Email,0
2412,2025-03-22T03:02:22,Active on Site,0
1399,2025-04-12T13:34:22,Active on Site,0
2549,2025-01-08T10:41:26,Placed Order,1
439,2025-01-16T08:10:48,Unsubscribed,0
1269,2025-03-18T14:22:37,Opened Email,0
2424,2025-01-22T19:43:30,Order Placed,1
1745,2025-01-31T12:31:17,Unsubscribed,0
370,2025-02-06T19:57:40,Clicked email link,0
2550,2025-03-24T02:50:03,Viewed Product XYZ   ,0
2525,2025-02-24T23:16:32,Octane: Quiz Completed: Find The Perfect Eye Shadow   .,0
1888,2025-01-11T15:16:35,Placed Order,1
2917,2025-03-22T23:22:13,Viewed Product.,0
447,2025-01-14T01:00:02,Octane: Quiz Completed: Find The Perfect Eye Shadow   .,0
1634,2025-02-28T04:29:54,Black Crow Identified,0
1653,2025-01-02T03:43:42,Black Crow Identified,0
241,2025-04-29T03:46:37,Placed Order,1
2259,2025-01-28T22:36:11,Email Open,0
565,2025-03-02T15:28:03,Black Crow Identified,0
2036,2025-03-27T04:09:09,Active on Site,0
633,2025-03-01T18:39:07,Unsubscribed,0
1981,2025-04-06T00:05:59,Octane: Quiz Completed: Find The Perfect Eye Shadow   .,0
712,2025-04-16T10:14:38,Active on Site,0
1100,2025-02-11T17:44:18,Clicked email link,0
1332,2025-03-24T08:54:27,Order Placed,1
2848,2025-01-12T20:37:02,Viewed Product XYZ   ,0
2991,2025-02-23T12:54:01,SMS Sent,0
2660,2025-02-22T22:25:37,Black Crow Identified,0
2066,2025-03-18T04:30:22,SMS Sent,0
2792,2025-02-13T11:00:47,Octane: Quiz Completed: Find The Perfect Eye Shadow   .,0
467,2025-01-18T17:17:25,Unsubscribed,0
1636,2025-03-24T20:09:18,Opened Email,0
2411,2025-02-01T04:11:58,Viewed Product.,0
1173,2025-04-24T19:11:27,Opened Email,0
440,2025-04-12T11:48:12,Viewed Product XYZ   ,0
169,2025-04-25T03:47:46,Email Open,0
606,2025-03-23T23:49:50,SMS Sent,0
1622,2025-01-03T12:13:17,Clicked email link,0
1221,2025-02-23T14:05:47,Opened Email,0
2528,2025-03-05T21:24:19,Opened Email,1
2230,2025-02-12T12:41:14,SMS Sent,0
2420,2025-03-09T12:49:48,Placed Order,1
473,2025-03-29T08:43:03,Unsubscribed,0
1758,2025-03-30T03:03:47,Black Crow Identified,0
573,2025-01-10T09:15:12,SMS Delivered,0
2092,2025-04-13T21:29:02,Email Open,0
1370,2025-04-20T13:15:15,Clicked email link,0
1776,2025-01-15T07:56:36,Clicked email to unsubscribe,1
1595,2025-04-18T04:03:50,Email Open,0
2830,2025-04-14T17:27:36,SMS Delivered,0
2602,2025-02-28T02:57:22,Blotout Viewed Product Xyz,0
1411,2025-03-31T19:12:01,Email Open,0
2817,2025-01-03T14:28:47,Active on Site,0
1328,2025-04-29T13:16:57,Clicked Email,0
1608,2025-03-22T05:59:02,SMS Sent,0
1728,2025-01-05T09:01:16,Clicked email to unsubscribe,0
2175,2025-04-20T06:44:35,Placed Order,1
1642,2025-02-18T22:05:17,Viewed Product.,0
1676,2025-03-02T01:26:52,SMS Sent,0
1353,2025-04-22T08:01:38,Email Open,1
793,2025-04-11T13:43:40,Viewed Product XYZ   ,0
1248,2025-02-02T14:17:13,Opened Email,0
2482,2025-02-18T04:48:08,Active on Site,0
2017,2025-01-03T04:10:39,Email Open,0
312,2025-04-02T07:06:25,Clicked email link,0
2395,2025-03-15T09:42:48,Blotout Viewed Product Xyz,0
1508,2025-04-04T11:25:47,Opened Email,0
79,2025-03-07T18:31:18,SMS Delivered,0
1312,2025-04-05T06:32:18,Unsubscribed,0
523,2025-01-29T13:31:53,Clicked email link,0
1281,2025-03-15T23:14:39,Placed Order,1
1568,2025-03-21T20:21:16,Order Placed,1
2080,2025-01-16T22:01:40,Active on Site,0
706,2025-02-18T12:17:19,Active on Site,0
2265,2025-02-07T05:41:37,Black Crow Identified,0
1200,2025-01-08T23:42:27,SMS Delivered,0
529,2025-04-22T12:24:00,Black Crow Identified,0
752,2025-03-13T04:53:37,Blotout Viewed Product Xyz,0
2042,2025-04-21T16:47:48,Opened Email,0
1565,2025-01-03T17:17:41,Email Open,0
2686,2025-01-09T02:38:27,SMS Delivered,0
2321,2025-02-10T01:32:15,Black Crow Identified,0
658,2025-01-03T06:57:34,Viewed Product XYZ   ,0
442,2025-01-26T17:36:20,Active on Site,0
1776,2025-03-31T07:07:13,Viewed Product.,0
1551,2025-02-25T08:50:07,Placed Order,1
1469,2025-03-17T12:36:40,Unsubscribed,0
328,2025-04-27T22:01:08,Order Placed,1
2224,2025-03-16T07:02:17,Active on Site,0
1371,2025-03-31T16:54:24,Clicked email to unsubscribe,0
2235,2025-02-05T14:21:56,Unsubscribed,0
1742,2025-01-10T22:23:49,Order Placed,1
910,2025-01-02T09:16:53,Placed Order,1
2010,2025-03-18T03:49:22,Opened Email,0
1835,2025-03-26T00:10:50,SMS Delivered,0
2667,2025-04-22T23:19:53,Email Open,0
1265,2025-01-01T17:23:16,Octane: Quiz Completed: Find The Perfect Eye Shadow   .,0
2260,2025-01-19T02:13:50,Placed Order,1
1174,2025-02-10T16:35:13,Placed Order,1
55,2025-03-14T16:34:57,Blotout Viewed Product Xyz,0
1263,2025-04-14T03:24:33,SMS Sent,0
2883,2025-03-15T12:14:30,SMS Delivered,0
1360,2025-02-24T09:00:52,Viewed Product.,0
1871,2025-03-08T08:49:43,SMS Sent,0
2387,2025-01-05T18:40:03,Email Open,0
2677,2025-03-12T13:02:25,Clicked email link,0
1783,2025-03-26T19:25:39,Email Open,1
2891,2025-02-26T23:45:43,Viewed Product XYZ   ,0
1435,2025-04-29T08:56:52,Blotout Viewed Product Xyz,0
2702,2025-03-12T23:22:47,Clicked Email,0
2399,2025-02-23T20:50:32,Black Crow Identified,0
391,2025-02-26T01:43:48,Viewed Product XYZ   ,0
152,2025-03-12T01:40:44,Active on Site,0
1285,2025-01-05T16:57:44,SMS Sent,0
2106,2025-04-20T19:32:41,Blotout Viewed Product Xyz,0
2810,2025-01-18T05:44:38,Email Open,0
1005,2025-01-06T17:02:58,SMS Sent,0
1173,2025-02-14T04:43:28,Placed Order,1
1845,2025-04-10T12:15:41,Viewed Product XYZ   ,0
2288,2025-02-12T00:54:33,SMS Sent,0
1725,2025-03-12T20:43:16,Clicked Email,0
1361,2025-03-02T12:40:19,Clicked email to unsubscribe,0
1972,2025-01-26T15:25:28,Clicked email link,0
1775,2025-01-14T14:22:54,Unsubscribed,0
1816,2025-03-30T18:09:30,Clicked Email,0
2014,2025-03-27T23:12:24,Blotout Viewed Product Xyz,0
1759,2025-03-15T06:28:52,Viewed Product XYZ   ,0
2409,2025-03-17T03:41:16,Clicked email to unsubscribe,0
2281,2025-02-06T04:32:13,Email Open,0
2162,2025-02-19T08:43:14,Black Crow Identified,0
1881,2025-01-21T14:27:17,Viewed Product.,0
2524,2025-02-26T18:08:57,Clicked email to unsubscribe,0
1949,2025-01-28T08:12:56,Placed Order,1
265,2025-04-20T12:30:27,Blotout Viewed Product Xyz,0
1453,2025-04-19T02:58:51,Active on Site,0
1891,2025-02-15T23:07:10,SMS Sent,1
548,2025-03-27T22:22:10,SMS Delivered,0
952,2025-02-26T18:58:15,Active on Site,0
2741,2025-01-09T11:42:25,Unsubscribed,0
1603,2025-01-31T00:36:32,Opened Email,0
1182,2025-04-25T22:09:20,Opened Email,0
1687,2025-04-13T03:56:35,Unsubscribed,0
1763,2025-01-27T00:36:24,Blotout Viewed Product Xyz,0
310,2025-01-30T06:01:01,Placed Order,1
2534,2025-01-02T23:05:08,Placed Order,1
57,2025-03-02T06:15:04,Clicked email to unsubscribe,0
150,2025-02-19T13:37:17,Black Crow Identified,0
465,2025-02-24T08:29:24,Clicked email to unsubscribe,0
272,2025-04-01T12:49:47,Clicked email to unsubscribe,0
890,2025-02-27T00:47:21,Black Crow Identified,1
1678,2025-04-26T01:16:52,Email Open,0
463,2025-04-26T20:44:10,Blotout Viewed Product Xyz,0
1213,2025-02-02T22:52:55,Unsubscribed,0
2714,2025-02-04T23:36:53,SMS Sent,0
356,2025-03-01T01:53:35,Viewed Product.,0
1897,2025-01-24T15:20:20,Viewed Product.,0
2000,2025-04-03T17:22:43,Order Placed,1
64,2025-04-20T04:22:24,SMS Delivered,0
762,2025-02-08T18:17:36,Octane: Quiz Completed: Find The Perfect Eye Shadow   .,0
2674,2025-01-27T17:06:39,SMS Sent,0
361,2025-03-12T21:27:14,Octane: Quiz Completed: Find The Perfect Eye Shadow   .,0
269,2025-03-18T00:17:39,SMS Delivered,0
296,2025-04-12T17:45:44,Active on Site,0
2981,2025-03-30T22:29:16,Octane: Quiz Completed: Find The Perfect Eye Shadow   .,0
1149,2025-01-19T03:07:50,Email Open,0
2155,2025-04-23T10:30:12,Placed Order,1
971,2025-02-04T05:45:56,SMS Delivered,0
1568,2025-04-18T15:16:10,Email Open,0
2741,2025-04-22T14:02:59,Viewed Product XYZ   ,0
1027,2025-01-16T02:25:49,Viewed Product.,0
546,2025-04-14T19:13:13,Black Crow Identified,0
302,2025-02-20T23:22:07,SMS Sent,0
511,2025-03-29T06:43:16,Viewed Product.,0
445,2025-01-30T10:50:49,Placed Order,1
2973,2025-02-09T09:36:09,Blotout Viewed Product Xyz,0
933,2025-01-02T12:58:53,Viewed Product.,0
1585,2025-01-23T18:50:58,Clicked email to unsubscribe,0
1887,2025-02-17T03:15:40,Viewed Product XYZ   ,0
70,2025-01-08T20:45:36,Octane: Quiz Completed: Find The Perfect Eye Shadow   .,0
1535,2025-01-17T07:08:09,Viewed Product XYZ   ,0
2573,2025-03-06T01:32:04,Blotout Viewed Product Xyz,0
46,2025-02-23T19:23:08,Active on Site,0
2222,2025-04-24T17:07:58,Blotout Viewed Product Xyz,0
1877,2025-01-15T16:02:32,Octane: Quiz Completed: Find The Perfect Eye Shadow   .,1
1881,2025-01-26T04:59:07,Blotout Viewed Product Xyz,0
2134,2025-02-18T07:46:30,Black Crow Identified,0
2784,2025-01-12T19:19:59,Active on Site,0
144,2025-03-31T03:32:33,Clicked Email,0
1666,2025-01-19T14:28:06,SMS Sent,0
2836,2025-01-11T16:55:11,Clicked email link,0
997,2025-02-25T13:40:36,Viewed Product XYZ   ,0
1268,2025-02-11T14:14:00,Placed Order,1
2166,2025-04-17T23:06:04,Octane: Quiz Completed: Find The Perfect Eye Shadow   .,0
1277,2025-01-27T02:20:57,Active on Site,0
1311,2025-02-20T22:56:36,Active on Site,0
1874,2025-01-13T22:46:08,Email Open,0
2748,2025-03-03T22:00:25,SMS Delivered,0
2220,2025-03-09T03:41:49,Clicked Email,0
1949,2025-01-19T09:43:12,Order Placed,1
869,2025-03-13T09:41:36,Viewed Product XYZ   ,0
1267,2025-01-30T13:14:53,Blotout Viewed Product Xyz,0
2673,2025-02-07T09:15:40,SMS Sent,0
1446,2025-03-05T03:30:02,Active on Site,0
1889,2025-01-01T19:07:35,Clicked email to unsubscribe,1
2057,2025-04-19T10:44:06,SMS Delivered,0
1534,2025-02-11T06:35:58,Order Placed,1
2277,2025-03-22T16:25:54,SMS Sent,1
586,2025-02-27T08:01:41,Active on Site,0
1990,2025-02-13T11:58:29,Clicked Email,0
2078,2025-01-26T15:29:25,Order Placed,1
1501,2025-01-18T18:39:15,Email Open,0
711,2025-04-21T15:15:24,Octane: Quiz Completed: Find The Perfect Eye Shadow   .,0
2120,2025-03-28T22:18:45,Viewed Product.,0
1798,2025-04-06T09:10:44,Placed Order,1
2288,2025-04-22T14:41:17,Clicked Email,0
904,2025-02-28T13:02:37,Clicked Email,0
2807,2025-04-02T23:58:52,Clicked email link,0
2514,2025-03-11T08:39:21,Viewed Product.,0
63,2025-04-26T14:45:14,SMS Sent,0
129,2025-04-09T19:34:26,Email Open,0
1599,2025-03-13T21:13:03,Email Open,0
360,2025-02-05T15:47:36,Viewed Product XYZ   ,0
782,2025-02-28T07:57:33,Placed Order,1
1937,2025-02-07T21:54:56,Clicked Email,0
2762,2025-04-03T11:07:57,Viewed Product XYZ   ,0
1317,2025-03-12T08:08:30,Black Crow Identified,0
2203,2025-04-09T04:39:33,Opened Email,0
599,2025-03-27T00:25:09,Unsubscribed,0
2069,2025-04-02T23:00:07,Active on Site,0
2924,2025-02-24T16:36:01,Active on Site,0
1148,2025-02-24T14:58:53,SMS Sent,0
114,2025-04-21T07:02:41,Octane: Quiz Completed: Find The Perfect Eye Shadow   .,0
1584,2025-03-25T13:35:14,Email Open,0
1186,2025-01-05T01:51:33,Viewed Product XYZ   ,0
2078,2025-03-31T03:57:46,SMS Delivered,1
2587,2025-04-10T15:34:47,Email Open,0
740,2025-01-20T01:43:46,Active on Site,1
1348,2025-03-19T22:38:19,Octane: Quiz Completed: Find The Perfect Eye Shadow   .,0
2830,2025-03-14T08:19:55,Clicked email link,0
1266,2025-02-04T02:46:26,Octane: Quiz Completed: Find The Perfect Eye Shadow   .,0
693,2025-03-20T20:21:01,SMS Sent,0
2918,2025-03-30T01:13:21,Opened Email,0
2903,2025-01-17T06:42:35,Unsubscribed,0
491,2025-01-09T01:11:42,Clicked email link,0
995,2025-03-23T18:58:07,Viewed Product.,0
472,2025-02-26T22:35:56,Opened Email,0
1219,2025-03-25T12:41:53,Unsubscribed,0
2756,2025-03-26T14:47:47,Active on Site,0
69,2025-02-05T03:32:00,Placed Order,1
848,2025-02-22T18:33:45,Black Crow Identified,0
2219,2025-04-15T18:19:57,SMS Sent,0
2067,2025-02-07T08:12:15,Order Placed,1
759,2025-02-05T03:41:51,Blotout Viewed Product Xyz,0
465,2025-01-16T10:45:04,Opened Email,0
2020,2025-03-04T05:58:03,Clicked email to unsubscribe,0
273,2025-03-06T02:30:32,SMS Delivered,0
408,2025-01-20T18:46:41,Order Placed,1
1450,2025-04-11T14:17:42,SMS Delivered,0
1799,2025-03-10T01:09:09,Viewed Product.,0
201,2025-02-26T16:21:21,SMS Sent,0
1032,2025-01-15T10:25:54,Clicked email to unsubscribe,0
2244,2025-04-19T01:31:38,Email Open,0
995,2025-02-07T22:36:42,SMS Delivered,0
2863,2025-01-06T06:05:36,Active on Site,0
727,2025-04-30T05:02:47,SMS Delivered,0
2560,2025-03-25T14:27:21,Blotout Viewed Product Xyz,0
2563,2025-04-07T07:55:45,Octane: Quiz Completed: Find The Perfect Eye Shadow   .,0
2104,2025-02-27T14:46:01,Blotout Viewed Product Xyz,0
2879,2025-02-01T13:20:41,Black Crow Identified,0
1654,2025-01-03T21:40:58,Viewed Product.,0
1623,2025-04-06T18:04:05,Unsubscribed,0
55,2025-03-03T20:42:37,Order Placed,1
1333,2025-02-20T03:13:18,Blotout Viewed Product Xyz,0
1692,2025-04-11T09:25:02,Blotout Viewed Product Xyz,0
1812,2025-03-16T09:09:02,Clicked Email,0
2932,2025-02-24T14:34:57,Opened Email,0
1091,2025-03-27T22:51:56,SMS Delivered,0
2687,2025-04-08T09:32:45,SMS Sent,0
1318,2025-04-13T04:55:33,Active on Site,0
623,2025-02-20T18:31:49,Clicked email link,0
1394,2025-01-05T14:31:08,SMS Sent,0
397,2025-01-10T06:49:40,Clicked email to unsubscribe,0
1327,2025-02-23T23:27:23,Clicked email link,0
638,2025-04-04T21:18:03,Active on Site,0
909,2025-03-29T03:32:39,SMS Delivered,0
2706,2025-01-09T18:59:14,Clicked Email,0
698,2025-02-22T08:47:57,Clicked email link,0
613,2025-01-26T02:42:27,Octane: Quiz Completed: Find The Perfect Eye Shadow   .,0
259,2025-03-22T07:20:07,Black Crow Identified,0
101,2025-04-02T04:54:09,Opened Email,0
1036,2025-04-04T23:01:32,Blotout Viewed Product Xyz,0
2599,2025-02-01T22:01:38,Viewed Product XYZ   ,0
2040,2025-04-09T19:02:41,Viewed Product XYZ   ,0
2405,2025-01-02T17:48:38,Viewed Product XYZ   ,0
2234,2025-04-10T05:25:18,Viewed Product.,0
2606,2025-04-11T21:12:10,Viewed Product.,0
1474,2025-02-08T02:05:50,Octane: Quiz Completed: Find The Perfect Eye Shadow   .,0
2756,2025-02-04T11:00:08,Active on Site,0
529,2025-01-12T02:38:30,Email Open,0
2506,2025-02-10T08:28:42,Octane: Quiz Completed: Find The Perfect Eye Shadow   .,0
455,2025-02-08T17:23:55,Black Crow Identified,0
2702,2025-01-02T14:33:19,Blotout Viewed Product Xyz,0
897,2025-04-30T13:18:07,Blotout Viewed Product Xyz,0
306,2025-04-03T13:47:39,Black Crow Identified,0
2386,2025-01-01T22:03:20,Email Open,0
2236,2025-01-16T12:08:58,SMS Sent,0
2156,2025-03-12T16:58:24,Viewed Product.,0
1828,2025-04-24T03:26:22,Clicked Email,0
2318,2025-04-23T07:48:39,Email Open,0
1953,2025-02-04T14:07:03,Viewed Product.,0
139,2025-03-19T16:21:40,Active on Site,0
416,2025-02-04T09:54:52,Placed Order,1
2567,2025-04-17T20:48:40,Viewed Product.,0
2840,2025-04-20T21:50:04,SMS Delivered,0
961,2025-02-26T23:21:17,Unsubscribed,0
2613,2025-02-21T19:44:05,Viewed Product XYZ   ,0
2362,2025-01-28T09:45:52,Unsubscribed,0
553,2025-04-06T16:49:37,Viewed Product XYZ   ,0
857,2025-01-04T00:10:30,SMS Delivered,1
589,2025-04-04T10:10:46,Unsubscribed,0
609,2025-02-08T14:39:13,Viewed Product XYZ   ,0
501,2025-03-16T22:01:00,Viewed Product XYZ   ,0
1574,2025-01-30T13:41:33,SMS Delivered,0
159,2025-04-30T05:13:35,Clicked Email,0
2840,2025-03-24T00:37:50,Viewed Product.,0
1460,2025-02-26T10:31:53,Clicked email to unsubscribe,0
425,2025-04-07T05:39:18,Blotout Viewed Product Xyz,0
983,2025-04-02T16:21:56,Viewed Product XYZ   ,0
2316,2025-04-02T22:39:16,Viewed Product.,0
1244,2025-01-13T02:30:37,Unsubscribed,0
2872,2025-04-02T21:18:34,SMS Delivered,0
2319,2025-04-07T01:21:43,Email Open,0
2622,2025-03-11T12:35:52,SMS Delivered,1
1293,2025-04-09T03:17:53,Clicked Email,0
2265,2025-03-28T05:19:52,Clicked Email,0
446,2025-01-03T23:49:24,Clicked email link,0
2659,2025-02-08T23:37:21,Blotout Viewed Product Xyz,0
2574,2025-03-05T12:17:29,Black Crow Identified,0
1555,2025-01-11T20:21:57,Blotout Viewed Product Xyz,0
2800,2025-03-27T13:16:10,Viewed Product XYZ   ,0
894,2025-04-09T15:06:01,Viewed Product XYZ   ,0
765,2025-02-10T10:20:40,SMS Delivered,0
215,2025-04-29T07:37:13,Octane: Quiz Completed: Find The Perfect Eye Shadow   .,0
1185,2025-01-18T00:07:11,Unsubscribed,0
1000,2025-04-28T05:32:59,Email Open,0
1495,2025-03-20T09:00:34,Octane: Quiz Completed: Find The Perfect Eye Shadow   .,0
863,2025-02-23T12:20:18,SMS Delivered,1
362,2025-01-16T08:49:11,Email Open,0
2106,2025-02-24T07:40:13,Octane: Quiz Completed: Find The Perfect Eye Shadow   .,0
1807,2025-03-23T15:35:40,Active on Site,0
2627,2025-01-01T03:20:02,Black Crow Identified,0
475,2025-03-29T20:56:39,Placed Order,1
2569,2025-03-23T11:06:41,Active on Site,0
1238,2025-01-28T19:05:01,Opened Email,0
1674,2025-04-26T05:32:36,Unsubscribed,0
1286,2025-04-09T14:41:45,Clicked email link,0
1070,2025-01-06T20:48:22,Clicked Email,0
1438,2025-03-28T16:26:09,Black Crow Identified,0
1224,2025-04-11T00:54:57,Viewed Product XYZ   ,0
910,2025-03-03T05:22:04,Black Crow Identified,0
989,2025-03-10T00:33:06,SMS Delivered,0
2893,2025-02-09T21:07:55,Viewed Product XYZ   ,0
1611,2025-01-05T13:29:55,SMS Delivered,0
2006,2025-01-13T06:10:00,Viewed Product XYZ   ,0
839,2025-01-27T00:41:57,Viewed Product XYZ   ,0
106,2025-01-16T03:35:32,Placed Order,1
465,2025-03-26T22:36:34,Clicked Email,0
2014,2025-04-11T03:42:13,Placed Order,1
421,2025-03-08T03:52:02,Email Open,0
2167,2025-03-09T22:48:05,Active on Site,0
476,2025-01-14T06:11:07,Placed Order,1
539,2025-03-20T16:23:10,SMS Sent,0
123,2025-01-11T13:19:44,Blotout Viewed Product Xyz,0
2829,2025-03-28T23:34:13,SMS Sent,0
1290,2025-04-06T08:57:09,Black Crow Identified,0
2369,2025-03-01T13:45:30,Viewed Product.,0
2543,2025-03-04T13:18:39,Octane: Quiz Completed: Find The Perfect Eye Shadow   .,0
1391,2025-01-02T06:30:58,Unsubscribed,0
1575,2025-04-10T15:26:51,Unsubscribed,0
1083,2025-03-13T16:57:56,Clicked email link,0
2977,2025-01-15T21:45:36,Clicked email link,0
2930,2025-04-29T12:38:05,Octane: Quiz Completed: Find The Perfect Eye Shadow   .,0
2522,2025-03-20T17:38:03,SMS Sent,0
2100,2025-02-22T21:29:03,Viewed Product.,0
233,2025-04-10T08:50:15,Active on Site,1
950,2025-02-05T23:27:08,Viewed Product XYZ   ,0
32,2025-01-23T05:45:59,Unsubscribed,0
2165,2025-03-28T12:19:18,Placed Order,1
20,2025-04-27T10:40:50,Email Open,0
1442,2025-02-15T14:46:09,Viewed Product.,0
1585,2025-02-17T10:33:04,Order Placed,1
2064,2025-02-12T06:38:17,Clicked email link,0
244,2025-03-31T19:39:41,Opened Email,0
2207,2025-03-13T16:41:41,Unsubscribed,0
2277,2025-04-19T12:47:10,Clicked email link,0
1195,2025-02-06T05:01:18,Black Crow Identified,0
249,2025-03-14T13:42:33,Email Open,0
229,2025-03-22T08:11:46,Clicked email link,0
252,2025-03-22T10:08:06,Active on Site,0
1238,2025-03-28T14:21:06,Black Crow Identified,1
767,2025-01-13T00:41:10,Blotout Viewed Product Xyz,0
2199,2025-03-27T16:58:09,Placed Order,1
606,2025-04-14T11:45:50,Active on Site,0
1237,2025-02-06T18:53:18,Clicked email link,1
2447,2025-01-11T14:55:26,Clicked email to unsubscribe,0
502,2025-01-23T05:36:42,SMS Delivered,0
2005,2025-04-28T21:50:21,SMS Sent,1
2683,2025-01-16T09:17:45,SMS Delivered,0
1912,2025-01-08T06:31:12,Clicked Email,0
2609,2025-04-28T15:00:50,Unsubscribed,0
636,2025-03-17T08:03:04,SMS Delivered,0
1306,2025-04-27T16:28:48,Clicked email link,0
1354,2025-03-17T21:00:17,Viewed Product.,0
554,2025-02-05T10:27:40,Viewed Product XYZ   ,0
881,2025-03-30T03:54:14,SMS Delivered,0
452,2025-04-13T00:07:21,Octane: Quiz Completed: Find The Perfect Eye Shadow   .,0
2677,2025-01-25T23:03:53,Blotout Viewed Product Xyz,0
2035,2025-02-11T07:01:30,Black Crow Identified,0
1989,2025-03-06T16:13:55,Unsubscribed,0
1801,2025-02-05T15:21:17,Viewed Product XYZ   ,0
876,2025-01-23T08:44:05,Opened Email,0
568,2025-02-16T19:47:15,Unsubscribed,1
2338,2025-01-21T11:29:48,Opened Email,0
1568,2025-02-26T13:22:32,Opened Email,0
2595,2025-04-29T03:54:29,Clicked email link,0
1483,2025-04-02T02:25:19,Black Crow Identified,0
678,2025-01-17T20:37:35,Clicked email link,0
2760,2025-04-03T11:10:21,Email Open,0
1821,2025-04-09T08:57:54,Blotout Viewed Product Xyz,0
1364,2025-03-13T00:51:00,Clicked email link,0
2023,2025-01-21T16:32:13,Viewed Product.,0
2121,2025-02-05T15:18:43,Opened Email,0
1717,2025-01-25T17:28:16,Placed Order,1
1020,2025-02-19T22:13:06,Clicked email link,0
311,2025-04-23T07:12:47,Clicked Email,0
2520,2025-03-19T11:58:48,Email Open,0
2213,2025-03-22T06:40:58,Octane: Quiz Completed: Find The Perfect Eye Shadow   .,0
1954,2025-02-10T09:12:50,Opened Email,0
1700,2025-01-24T12:45:08,Octane: Quiz Completed: Find The Perfect Eye Shadow   .,0
130,2025-03-02T06:32:44,Email Open,0
1120,2025-04-03T08:56:38,Viewed Product.,0
2033,2025-02-19T23:55:33,Blotout Viewed Product Xyz,0
2102,2025-03-01T06:35:20,Unsubscribed,1
2031,2025-01-27T12:31:36,Blotout Viewed Product Xyz,0
2765,2025-01-17T16:22:44,Viewed Product XYZ   ,0
742,2025-04-11T03:05:58,Opened Email,0
2665,2025-02-07T19:55:46,Clicked email to unsubscribe,0
235,2025-04-15T11:32:13,Placed Order,1
1043,2025-01-27T10:47:03,Placed Order,1
2637,2025-04-27T05:57:26,Viewed Product.,0
2896,2025-03-08T10:23:55,Viewed Product XYZ   ,0
1538,2025-03-25T12:05:43,Active on Site,0
656,2025-03-02T15:18:10,Placed Order,1
193,2025-04-06T00:33:30,Clicked email to unsubscribe,0
1148,2025-03-25T12:26:53,Viewed Product XYZ   ,0
1768,2025-03-05T18:53:13,Blotout Viewed Product Xyz,1
2623,2025-04-07T10:34:04,Opened Email,0
1345,2025-03-27T16:04:08,Active on Site,0
2389,2025-04-16T23:58:55,Email Open,0
1470,2025-02-07T21:49:44,Unsubscribed,0
1187,2025-04-05T21:24:52,Viewed Product.,0
2092,2025-03-04T17:05:52,Black Crow Identified,0
1483,2025-02-10T13:43:41,Clicked email link,0
270,2025-01-08T17:12:59,Black Crow Identified,0
1147,2025-04-04T05:25:24,Black Crow Identified,0
418,2025-01-25T13:16:56,Black Crow Identified,0
207,2025-01-06T16:06:14,Viewed Product XYZ   ,0
976,2025-01-28T00:01:29,SMS Sent,0
1247,2025-01-18T03:27:35,Unsubscribed,0
1247,2025-04-13T10:48:43,Order Placed,1
1363,2025-03-08T01:20:32,SMS Delivered,1
2881,2025-02-27T04:56:23,Viewed Product XYZ   ,0
2591,2025-01-28T08:05:18,Octane: Quiz Completed: Find The Perfect Eye Shadow   .,1
2018,2025-03-10T19:57:30,Active on Site,0
1409,2025-04-19T08:38:23,Blotout Viewed Product Xyz,0
1775,2025-04-18T21:13:31,SMS Delivered,0
2642,2025-02-20T19:47:25,Active on Site,0
2423,2025-04-19T02:48:59,Blotout Viewed Product Xyz,0
70,2025-02-09T03:09:17,Black Crow Identified,0
171,2025-03-04T03:09:45,Active on Site,0
2899,2025-04-05T06:13:08,Clicked email to unsubscribe,0
1869,2025-01-02T10:58:40,Order Placed,1
1460,2025-03-17T19:26:24,Placed Order,1
292,2025-02-17T02:58:53,Unsubscribed,0
829,2025-02-28T22:38:00,Unsubscribed,0
2207,2025-02-22T14:02:04,Email Open,0
803,2025-02-06T19:01:37,Viewed Product XYZ   ,0
1541,2025-02-13T13:11:50,SMS Sent,0
1281,2025-01-21T05:28:27,Blotout Viewed Product Xyz,1
1097,2025-04-16T01:43:16,Active on Site,0
1983,2025-04-09T17:25:12,SMS Delivered,0
1630,2025-01-18T20:03:54,SMS Sent,0
453,2025-02-03T19:39:43,Clicked email link,0
2451,2025-04-19T10:48:54,Order Placed,1
494,2025-03-21T12:03:30,Clicked email link,0
72,2025-02-24T04:34:45,Email Open,0
167,2025-03-12T03:39:39,Unsubscribed,0
329,2025-02-14T05:18:21,Placed Order,1
2599,2025-01-21T01:52:55,Unsubscribed,0
514,2025-03-26T07:48:09,Unsubscribed,0
132,2025-02-09T00:15:48,Order Placed,1
1871,2025-04-02T03:08:35,Clicked email link,0
903,2025-01-18T12:33:19,Opened Email,0
2408,2025-02-15T17:43:35,Opened Email,0
1738,2025-02-05T21:22:15,Opened Email,0
1134,2025-02-28T09:45:19,Viewed Product XYZ   ,0
2379,2025-04-07T19:32:41,Blotout Viewed Product Xyz,1
1859,2025-01-11T16:56:25,SMS Sent,0
2133,2025-01-04T11:55:29,Blotout Viewed Product Xyz,1
1958,2025-04-28T13:49:29,Octane: Quiz Completed: Find The Perfect Eye Shadow   .,0
114,2025-01-30T18:06:27,Blotout Viewed Product Xyz,0
2687,2025-01-25T18:31:08,Blotout Viewed Product Xyz,0
906,2025-02-06T07:03:19,Placed Order,1
756,2025-04-22T07:35:39,Email Open,0
2,2025-04-21T02:33:12,SMS Delivered,0
2080,2025-01-27T22:06:31,Clicked email link,0
484,2025-03-15T04:58:45,Blotout Viewed Product Xyz,0
2701,2025-03-19T13:02:55,Clicked email to unsubscribe,0
2593,2025-03-15T20:33:13,Unsubscribed,0
2803,2025-04-09T22:41:33,Clicked email to unsubscribe,0
2451,2025-02-20T23:42:14,Email Open,1
1046,2025-01-27T09:56:40,Viewed Product.,0
2558,2025-02-20T19:17:21,Viewed Product.,0
1219,2025-03-26T11:00:21,Opened Email,0
1524,2025-01-12T03:28:51,Octane: Quiz Completed: Find The Perfect Eye Shadow   .,0
2836,2025-02-27T13:24:36,SMS Delivered,1
2924,2025-01-11T11:45:32,SMS Sent,1
2968,2025-02-25T11:48:13,Opened Email,0
2181,2025-02-13T00:09:51,Unsubscribed,0
2110,2025-01-27T19:52:00,Black Crow Identified,0
1892,2025-04-22T15:08:22,Black Crow Identified,0
1283,2025-01-19T23:08:23,Email Open,0
506,2025-02-13T14:11:58,Unsubscribed,0
1923,2025-04-07T09:56:46,SMS Delivered,0
2351,2025-01-13T11:34:46,Blotout Viewed Product Xyz,0
2529,2025-03-03T07:09:06,Email Open,0
2843,2025-04-05T11:32:35,Placed Order,1
612,2025-01-30T08:02:12,Placed Order,1
393,2025-04-18T00:26:45,Clicked email link,0
694,2025-04-11T06:28:55,Active on Site,0
599,2025-04-23T03:23:29,Octane: Quiz Completed: Find The Perfect Eye Shadow   .,0
300,2025-01-11T20:13:18,Viewed Product.,0
1610,2025-02-03T03:29:20,Viewed Product.,0
492,2025-03-04T02:00:28,Viewed Product XYZ   ,0
2806,2025-02-26T02:09:25,Blotout Viewed Product Xyz,0
967,2025-03-19T17:19:31,Unsubscribed,0
659,2025-04-03T18:10:34,Clicked email link,0
983,2025-04-09T19:04:25,Viewed Product XYZ   ,0
295,2025-02-02T14:18:18,SMS Delivered,0
2363,2025-04-05T22:58:53,Placed Order,1
2273,2025-02-15T20:07:50,Clicked Email,0
2581,2025-01-17T03:14:03,Clicked email to unsubscribe,0
581,2025-02-09T21:26:17,Clicked email link,0
2814,2025-02-07T09:43:04,Order Placed,1
1906,2025-01-25T14:38:31,Opened Email,0
2926,2025-03-05T01:24:37,Blotout Viewed Product Xyz,0
2496,2025-02-22T11:34:52,Order Placed,1
2552,2025-02-06T11:43:47,Clicked Email,1
590,2025-02-27T19:18:12,Unsubscribed,0
890,2025-03-19T06:22:44,Blotout Viewed Product Xyz,0
1687,2025-03-01T13:58:36,Black Crow Identified,0
1539,2025-02-21T05:10:07,Viewed Product.,0
2200,2025-02-22T11:21:52,Viewed Product XYZ   ,0
89,2025-02-21T22:46:46,Clicked email link,1
1697,2025-03-22T00:02:35,Clicked Email,0
1800,2025-03-13T08:38:53,Blotout Viewed Product Xyz,0
401,2025-02-10T01:21:09,Opened Email,0
1212,2025-02-04T15:54:00,Blotout Viewed Product Xyz,0
2534,2025-02-10T16:25:34,Black Crow Identified,0
1732,2025-04-22T10:24:54,SMS Delivered,0
2120,2025-02-19T01:08:35,Black Crow Identified,0
1101,2025-01-03T00:07:26,Placed Order,1
2405,2025-03-02T14:31:56,Viewed Product XYZ   ,0
1872,2025-01-26T01:50:19,Unsubscribed,0
2977,2025-04-02T03:03:12,Email Open,0
2934,2025-03-30T07:19:31,Blotout Viewed Product Xyz,0
1561,2025-02-28T20:36:29,Viewed Product XYZ   ,0
662,2025-03-09T09:38:49,Blotout Viewed Product Xyz,0
546,2025-02-18T00:55:43,Viewed Product XYZ   ,0
731,2025-04-30T11:42:05,Order Placed,1
2211,2025-03-11T17:50:36,Order Placed,1
1018,2025-03-05T07:49:48,Email Open,0
1210,2025-01-03T11:06:03,Clicked email to unsubscribe,0
846,2025-04-19T19:49:32,Email Open,0
1390,2025-04-23T00:01:49,Octane: Quiz Completed: Find The Perfect Eye Shadow   .,0
1173,2025-04-02T07:34:17,Black Crow Identified,1
1495,2025-02-01T07:24:19,Clicked email to unsubscribe,0
2925,2025-02-16T17:14:16,Viewed Product.,0
646,2025-04-22T10:37:28,Placed Order,1
1234,2025-03-24T03:00:29,Viewed Product XYZ   ,0
1510,2025-02-23T04:56:28,Blotout Viewed Product Xyz,0
821,2025-04-06T02:51:55,Viewed Product.,0
209,2025-04-02T11:41:08,Viewed Product.,0
1250,2025-02-12T02:52:37,Order Placed,1
295,2025-04-30T10:59:52,Order Placed,1
948,2025-03-16T03:38:04,Opened Email,0
1701,2025-04-29T22:56:23,Unsubscribed,0
2479,2025-03-26T00:39:18,Blotout Viewed Product Xyz,0
2704,2025-03-11T01:06:01,Opened Email,0
2962,2025-04-17T10:40:37,Clicked email to unsubscribe,0
810,2025-04-23T16:50:30,Octane: Quiz Completed: Find The Perfect Eye Shadow   .,0
1072,2025-03-25T18:14:09,Octane: Quiz Completed: Find The Perfect Eye Shadow   .,0
1692,2025-04-29T16:31:55,Viewed Product XYZ   ,0
180,2025-02-28T05:45:02,Order Placed,1
883,2025-01-06T22:55:14,Octane: Quiz Completed: Find The Perfect Eye Shadow   .,0
425,2025-03-15T21:26:47,Order Placed,1
2748,2025-03-30T15:38:11,Email Open,0
2944,2025-03-23T23:56:40,Order Placed,1
1850,2025-01-15T10:03:03,Clicked email to unsubscribe,0
2614,2025-04-12T08:59:56,Viewed Product XYZ   ,0
1121,2025-03-17T00:24:22,SMS Delivered,0
2230,2025-03-26T06:19:30,Clicked Email,0
1232,2025-02-13T12:42:45,Unsubscribed,0
1653,2025-03-05T03:21:24,Viewed Product.,0
524,2025-01-10T08:46:28,Placed Order,1
883,2025-04-29T02:35:06,Viewed Product XYZ   ,0
1829,2025-03-30T06:28:19,Unsubscribed,0
203,2025-01-25T04:17:31,Clicked Email,0
1962,2025-04-05T19:51:06,Placed Order,1
2154,2025-04-07T04:31:24,Email Open,0
1978,2025-03-06T02:20:15,Opened Email,0
649,2025-01-02T06:45:11,Active on Site,0
493,2025-02-17T07:02:07,Black Crow Identified,0
1965,2025-03-28T08:43:00,Clicked email link,0
1194,2025-02-20T06:02:14,Octane: Quiz Completed: Find The Perfect Eye Shadow   .,0
1651,2025-03-15T18:57:58,Email Open,0
2326,2025-01-24T23:54:37,Unsubscribed,0
1361,2025-04-09T17:08:30,Black Crow Identified,0
2678,2025-01-02T14:43:54,Order Placed,1
714,2025-02-10T19:17:28,Placed Order,1
487,2025-04-09T08:43:18,SMS Sent,0
469,2025-02-08T12:12:10,Black Crow Identified,0
2469,2025-01-07T08:04:08,Email Open,0
2835,2025-04-30T14:57:05,Viewed Product.,0
2742,2025-02-25T11:36:48,Clicked email link,0
1856,2025-02-13T10:28:30,Email Open,0
1862,2025-04-25T09:05:40,Clicked Email,0
2410,2025-02-28T01:13:47,Active on Site,0
3,2025-03-12T00:09:47,Clicked Email,0
1453,2025-04-11T05:49:10,Black Crow Identified,0
1074,2025-02-26T03:46:20,Clicked email to unsubscribe,0
2273,2025-03-28T11:34:02,Placed Order,1
691,2025-01-16T09:44:27,Octane: Quiz Completed: Find The Perfect Eye Shadow   .,0
1702,2025-01-21T02:56:45,Placed Order,1
1392,2025-04-18T14:57:05,Viewed Product.,0
2984,2025-01-14T04:03:36,Clicked email link,0
1017,2025-04-06T15:13:16,Blotout Viewed Product Xyz,0
1336,2025-01-26T06:25:14,Clicked email to unsubscribe,0
1221,2025-01-21T00:27:10,Black Crow Identified,0
2584,2025-01-21T02:51:49,Black Crow Identified,0
1564,2025-03-06T10:25:32,Active on Site,0
2550,2025-04-14T04:00:26,Opened Email,0
1565,2025-04-20T06:57:52,Clicked email to unsubscribe,0
1907,2025-04-03T09:21:31,Placed Order,1
563,2025-04-30T06:33:57,Email Open,0
398,2025-03-10T14:09:45,Clicked email to unsubscribe,0
1557,2025-04-06T06:46:29,SMS Delivered,0
114,2025-04-06T04:56:59,Opened Email,1
554,2025-04-30T20:59:36,Placed Order,1
2687,2025-01-20T15:48:40,Active on Site,1
2440,2025-04-28T12:25:25,Opened Email,0
1373,2025-04-03T05:15:28,Unsubscribed,0
1982,2025-01-08T09:26:57,Clicked email to unsubscribe,0
436,2025-02-03T17:37:44,Email Open,0
2354,2025-03-01T09:47:19,Clicked email link,0
1207,2025-01-28T09:02:43,Placed Order,1
1169,2025-02-08T10:39:46,Opened Email,0
2608,2025-02-13T13:39:17,Active on Site,0
18,2025-02-01T13:32:32,Order Placed,1
422,2025-04-14T09:46:35,SMS Sent,0
23,2025-02-03T05:10:05,SMS Sent,0
2355,2025-04-06T11:06:42,Clicked email to unsubscribe,0
887,2025-02-25T15:10:10,Active on Site,0
1417,2025-01-08T00:20:18,Opened Email,0
2196,2025-03-10T06:29:34,Opened Email,0
195,2025-01-24T00:21:06,Unsubscribed,0
1018,2025-01-06T13:19:45,Opened Email,0
1674,2025-04-01T01:57:19,Opened Email,0
1503,2025-02-03T14:29:13,Blotout Viewed Product Xyz,0
2655,2025-04-02T05:15:37,Unsubscribed,0
350,2025-01-09T09:14:00,Black Crow Identified,0
1698,2025-04-03T02:57:35,Blotout Viewed Product Xyz,0
2673,2025-02-25T13:10:15,Viewed Product.,0
463,2025-01-15T02:09:54,Active on Site,0
2280,2025-02-13T09:27:45,Clicked email link,0
1106,2025-04-22T00:23:21,Viewed Product.,0
639,2025-02-03T03:04:36,Email Open,0
920,2025-01-22T18:06:57,Clicked Email,0
83,2025-02-08T18:07:37,Blotout Viewed Product Xyz,0
2580,2025-03-09T09:00:23,Placed Order,1
1868,2025-04-21T14:46:03,Active on Site,0
1738,2025-01-01T04:44:28,Clicked email to unsubscribe,0
2625,2025-02-22T02:14:34,Viewed Product.,0
1265,2025-04-11T09:34:33,Opened Email,0
2380,2025-01-21T17:20:03,Active on Site,0
119,2025-04-30T05:05:22,Clicked email to unsubscribe,0
2068,2025-04-06T10:25:35,Clicked email to unsubscribe,0
1027,2025-01-11T21:27:25,Octane: Quiz Completed: Find The Perfect Eye Shadow   .,0
2736,2025-02-26T09:25:16,Octane: Quiz Completed: Find The Perfect Eye Shadow   .,0
1484,2025-04-25T19:36:21,Viewed Product XYZ   ,0
987,2025-03-18T22:24:50,Blotout Viewed Product Xyz,0
417,2025-02-13T02:48:02,Viewed Product.,0
63,2025-03-07T06:33:31,Active on Site,0
1464,2025-01-04T22:00:14,Opened Email,0
766,2025-02-25T10:42:10,Clicked email to unsubscribe,0
1525,2025-03-13T05:05:42,Unsubscribed,0
90,2025-04-07T15:33:54,Clicked email to unsubscribe,0
2132,2025-03-12T00:28:47,SMS Delivered,0
691,2025-04-24T18:06:04,Unsubscribed,0
2918,2025-02-17T05:27:34,Unsubscribed,0
2681,2025-01-11T19:46:15,Active on Site,0
550,2025-01-13T11:27:01,Black Crow Identified,0
2065,2025-04-10T13:43:41,Order Placed,1
1678,2025-04-16T09:04:09,Black Crow Identified,0
2332,2025-03-25T15:55:44,Clicked email to unsubscribe,0
2907,2025-03-05T06:13:16,Unsubscribed,0
2439,2025-01-11T17:43:02,Opened Email,0
198,2025-02-18T01:05:01,Placed Order,1
1981,2025-02-17T01:08:59,Blotout Viewed Product Xyz,1
2635,2025-03-01T17:07:38,Viewed Product XYZ   ,0
1597,2025-04-23T12:21:51,Clicked email to unsubscribe,0
491,2025-02-23T21:43:48,Viewed Product XYZ   ,0
2001,2025-01-05T06:37:02,SMS Sent,0
2314,2025-01-01T15:46:42,Blotout Viewed Product Xyz,0
447,2025-03-03T08:46:48,Octane: Quiz Completed: Find The Perfect Eye Shadow   .,0
711,2025-04-11T07:25:48,Unsubscribed,0
994,2025-03-17T00:56:23,Octane: Quiz Completed: Find The Perfect Eye Shadow   .,0
2472,2025-02-28T18:03:49,Clicked email to unsubscribe,0
1235,2025-04-14T08:58:04,Blotout Viewed Product Xyz,0
2154,2025-03-24T11:08:35,Order Placed,1
1571,2025-04-29T20:29:02,Blotout Viewed Product Xyz,0
2701,2025-01-08T19:14:17,SMS Delivered,0
1432,2025-01-16T14:14:07,Blotout Viewed Product Xyz,0
2564,2025-03-27T06:10:24,Unsubscribed,0
2446,2025-02-11T10:29:24,Unsubscribed,0
1672,2025-04-04T11:54:08,SMS Sent,0
2231,2025-04-12T18:57:03,Email Open,0
2754,2025-02-27T05:11:44,Black Crow Identified,0
2168,2025-01-30T15:53:50,SMS Sent,0
2888,2025-03-25T05:44:20,Clicked email to unsubscribe,0
628,2025-01-24T16:29:31,Viewed Product XYZ   ,0
1713,2025-01-20T05:07:33,Black Crow Identified,0
578,2025-03-14T23:48:31,Placed Order,1
703,2025-04-23T02:03:34,Viewed Product.,0
437,2025-03-22T15:56:09,Clicked Email,0
1947,2025-02-24T17:54:20,Placed Order,1
1169,2025-04-28T18:54:01,Clicked Email,0
1289,2025-03-26T06:42:20,Clicked email link,0
41,2025-02-14T09:08:54,Active on Site,0
2300,2025-01-12T01:00:54,Active on Site,0
2773,2025-01-23T12:55:04,Unsubscribed,0
2442,2025-02-02T19:06:32,Blotout Viewed Product Xyz,0
2047,2025-04-27T04:04:19,Clicked email link,0
2469,2025-03-09T11:27:26,Clicked email to unsubscribe,0
732,2025-04-08T12:28:37,Clicked Email,0
13,2025-04-21T23:49:00,Octane: Quiz Completed: Find The Perfect Eye Shadow   .,0
1012,2025-02-05T13:16:22,Email Open,0
2414,2025-04-29T00:01:13,SMS Sent,0
2956,2025-04-14T00:01:46,Email Open,0
35,2025-02-09T02:34:07,Opened Email,0
2959,2025-04-15T17:06:57,Blotout Viewed Product Xyz,0
1713,2025-03-09T05:23:48,Unsubscribed,0
1644,2025-04-23T17:11:05,Clicked Email,0
1312,2025-03-25T06:21:03,Active on Site,0
2719,2025-01-24T13:42:32,Viewed Product.,0
2123,2025-01-31T14:41:20,Viewed Product.,0
1873,2025-03-16T16:21:01,Octane: Quiz Completed: Find The Perfect Eye Shadow   .,0
2396,2025-02-18T10:24:02,Viewed Product XYZ   ,0
1906,2025-01-17T00:16:08,Email Open,0
1552,2025-02-03T11:09:46,Opened Email,0
1230,2025-02-06T09:07:07,Unsubscribed,0
372,2025-03-12T17:39:17,Placed Order,1
1839,2025-02-12T04:21:15,SMS Delivered,0
2620,2025-03-30T18:19:19,Viewed Product XYZ   ,0
80,2025-03-27T21:29:03,Viewed Product.,0
808,2025-01-03T15:25:30,Clicked email to unsubscribe,0
1719,2025-02-27T21:44:54,Unsubscribed,0
2509,2025-03-18T15:38:31,SMS Delivered,0
1847,2025-03-11T07:32:48,Order Placed,1
1082,2025-02-28T17:37:12,Email Open,0
635,2025-02-07T16:37:19,Placed Order,1
1234,2025-04-05T04:30:36,Placed Order,1
920,2025-01-10T11:53:04,Order Placed,1
2732,2025-01-30T16:29:33,Black Crow Identified,0
2701,2025-01-08T16:21:10,Unsubscribed,0
2695,2025-03-24T11:33:25,Black Crow Identified,0
374,2025-03-15T09:38:54,Black Crow Identified,0
1495,2025-01-12T01:51:31,Order Placed,1
881,2025-03-10T02:39:30,Blotout Viewed Product Xyz,0
1308,2025-01-13T02:24:17,Viewed Product XYZ   ,0
2563,2025-03-12T00:08:34,Black Crow Identified,0
1472,2025-03-11T03:21:38,Clicked email to unsubscribe,0
2830,2025-04-15T07:59:35,Active on Site,0
2298,2025-01-25T21:17:57,Placed Order,1
1650,2025-04-09T00:09:59,SMS Sent,0
1197,2025-01-13T13:14:29,Black Crow Identified,0
410,2025-02-27T16:55:46,Active on Site,0
412,2025-03-26T09:52:39,Blotout Viewed Product Xyz,0
1678,2025-02-18T17:19:01,Placed Order,1
2810,2025-01-10T18:42:12,Viewed Product.,0
1157,2025-01-06T05:53:12,Black Crow Identified,0
1768,2025-02-15T09:01:19,Viewed Product.,0
1890,2025-04-08T12:05:36,Blotout Viewed Product Xyz,0
15,2025-02-20T12:39:51,Email Open,0
1750,2025-03-14T02:40:34,Email Open,0
2958,2025-04-29T10:00:48,Email Open,0
969,2025-02-23T03:42:12,Placed Order,1
1472,2025-02-23T00:49:00,Order Placed,1
2688,2025-01-02T19:43:42,SMS Delivered,0
519,2025-01-02T16:32:31,SMS Sent,0
1773,2025-04-06T03:04:10,Viewed Product XYZ   ,0
672,2025-03-16T20:08:21,Clicked email link,1
1890,2025-03-02T11:44:08,Unsubscribed,0
2673,2025-02-07T02:11:12,Clicked email to unsubscribe,1
2019,2025-04-03T16:58:55,Unsubscribed,0
94,2025-03-31T07:46:03,Clicked email link,1
1149,2025-04-13T08:21:55,Opened Email,0
1855,2025-04-05T12:13:13,Order Placed,1
1403,2025-04-06T15:12:06,Viewed Product XYZ   ,0
2527,2025-02-04T08:22:38,Placed Order,1
2730,2025-01-09T01:27:58,Active on Site,0
1023,2025-02-17T07:39:08,Viewed Product.,0
2467,2025-01-19T17:20:26,Clicked email to unsubscribe,0
1570,2025-03-13T16:42:45,Placed Order,1
1418,2025-01-13T05:00:54,Octane: Quiz Completed: Find The Perfect Eye Shadow   .,0
1313,2025-04-03T10:57:03,Black Crow Identified,1
760,2025-01-24T05:14:53,Email Open,0
948,2025-04-27T09:48:14,Opened Email,0
1023,2025-01-13T10:18:51,Octane: Quiz Completed: Find The Perfect Eye Shadow   .,0
1382,2025-04-03T22:33:17,Placed Order,1
1755,2025-01-01T17:47:06,Black Crow Identified,0
480,2025-04-10T01:56:14,Order Placed,1
702,2025-04-03T12:32:49,Email Open,0
847,2025-01-21T01:50:33,SMS Delivered,0
2223,2025-02-01T01:14:35,Opened Email,0
612,2025-02-19T17:12:57,SMS Delivered,0
1465,2025-01-06T17:15:55,Octane: Quiz Completed: Find The Perfect Eye Shadow   .,0
2694,2025-01-21T05:48:48,Opened Email,0
1645,2025-04-11T03:55:46,Viewed Product.,0
102,2025-02-02T19:09:55,Viewed Product XYZ   ,0
417,2025-02-11T01:55:22,Unsubscribed,0
173,2025-04-27T01:36:17,Octane: Quiz Completed: Find The Perfect Eye Shadow   .,0
2655,2025-02-07T10:26:01,Order Placed,1
153,2025-02-19T16:35:21,Clicked Email,0
34,2025-03-23T21:44:05,Opened Email,0
1879,2025-02-02T20:39:42,Black Crow Identified,0
565,2025-04-11T05:56:03,Order Placed,1
795,2025-02-01T10:05:41,Clicked email link,0
1562,2025-03-05T03:01:21,SMS Delivered,0
2205,2025-01-19T09:06:01,SMS Sent,0
2790,2025-03-11T17:18:06,Active on Site,0
2599,2025-02-06T03:39:42,Clicked email to unsubscribe,0
285,2025-03-17T13:06:17,SMS Delivered,0
975,2025-01-08T20:11:47,Placed Order,1
7,2025-02-02T08:14:02,Clicked email link,0
713,2025-01-03T10:00:04,Placed Order,1
1265,2025-01-03T10:19:13,Clicked Email,0
727,2025-03-15T12:47:26,Clicked email to unsubscribe,0
2032,2025-04-19T02:41:26,Clicked email to unsubscribe,0
205,2025-03-03T19:12:13,Placed Order,1
1073,2025-01-09T11:15:17,Clicked email link,0
2590,2025-04-18T16:37:28,Active on Site,0
1205,2025-02-27T07:47:43,Placed Order,1
1859,2025-01-05T23:40:02,Black Crow Identified,0
1782,2025-04-04T01:18:23,Viewed Product XYZ   ,0
924,2025-02-25T20:13:23,SMS Sent,0
1595,2025-01-16T02:43:11,Placed Order,1
1870,2025-03-04T23:53:09,Black Crow Identified,0
2722,2025-01-13T21:53:20,Opened Email,0
765,2025-04-04T22:38:57,Unsubscribed,0
1262,2025-01-31T17:07:42,Octane: Quiz Completed: Find The Perfect Eye Shadow   .,0
743,2025-02-01T20:23:27,Unsubscribed,0
2379,2025-03-27T09:40:25,Opened Email,0
1196,2025-02-14T15:53:29,Octane: Quiz Completed: Find The Perfect Eye Shadow   .,0
2,2025-03-17T06:35:31,Placed Order,1
2969,2025-03-16T10:42:40,Black Crow Identified,1
277,2025-02-08T22:28:45,Black Crow Identified,0
2748,2025-03-04T09:38:05,Octane: Quiz Completed: Find The Perfect Eye Shadow   .,0
2491,2025-01-04T21:42:05,SMS Delivered,0
1341,2025-01-16T01:59:21,Unsubscribed,0
1595,2025-03-16T19:57:26,Opened Email,0
2533,2025-01-19T04:22:02,Clicked email to unsubscribe,0
1833,2025-03-30T10:57:35,Octane: Quiz Completed: Find The Perfect Eye Shadow   .,0
1878,2025-03-24T14:47:52,Blotout Viewed Product Xyz,0
1597,2025-03-30T19:10:38,Octane: Quiz Completed: Find The Perfect Eye Shadow   .,0
948,2025-01-08T10:34:09,Blotout Viewed Product Xyz,0
593,2025-02-19T00:54:00,Black Crow Identified,0
774,2025-03-31T00:32:35,Clicked email link,0
285,2025-04-26T22:08:29,SMS Delivered,0
200,2025-04-27T05:29:25,Black Crow Identified,0
181,2025-01-11T00:07:50,Viewed Product.,0
968,2025-02-12T00:36:09,Active on Site,0
351,2025-02-11T20:42:48,Email Open,0
2396,2025-02-07T15:20:15,Email Open,0
40,2025-02-06T02:12:46,Placed Order,1
2416,2025-04-25T07:48:37,Viewed Product XYZ   ,0
432,2025-02-14T16:17:01,Clicked Email,1
2674,2025-04-22T08:28:30,Opened Email,0
1158,2025-04-04T03:04:36,Opened Email,0
2021,2025-01-02T16:14:53,Viewed Product.,0
1057,2025-04-22T10:44:41,Opened Email,0
2032,2025-01-26T19:37:18,Octane: Quiz Completed: Find The Perfect Eye Shadow   .,0
1275,2025-03-08T07:43:22,Clicked email link,0
2989,2025-01-31T19:17:44,Placed Order,1
2043,2025-03-08T10:55:56,Placed Order,1
1084,2025-02-11T13:14:20,Black Crow Identified,0
957,2025-04-27T09:30:40,Active on Site,0
2821,2025-04-05T01:29:58,Octane: Quiz Completed: Find The Perfect Eye Shadow   .,0
279,2025-04-17T07:27:52,SMS Delivered,0
2889,2025-03-02T22:51:47,Blotout Viewed Product Xyz,0
845,2025-03-25T04:27:49,Octane: Quiz Completed: Find The Perfect Eye Shadow   .,0
1878,2025-01-11T10:21:10,Clicked Email,0
2662,2025-01-16T12:05:44,Placed Order,1
442,2025-04-08T19:29:08,SMS Delivered,0
1467,2025-01-17T14:34:43,Placed Order,1
2917,2025-04-28T03:55:00,SMS Delivered,0
156,2025-03-09T06:34:55,Unsubscribed,0
1877,2025-03-04T21:19:50,Black Crow Identified,0
2200,2025-03-07T16:25:51,Order Placed,1
606,2025-04-26T16:49:21,Opened Email,0
358,2025-02-26T17:24:19,Active on Site,0
321,2025-03-01T15:43:28,Clicked email link,0
1120,2025-01-09T05:47:10,SMS Delivered,0
1824,2025-04-29T18:23:25,Order Placed,1
800,2025-01-25T23:20:02,Viewed Product XYZ   ,0
271,2025-02-04T02:29:14,SMS Sent,0
532,2025-04-08T20:20:34,Viewed Product XYZ   ,0
2090,2025-01-02T20:17:52,Blotout Viewed Product Xyz,0
2968,2025-03-28T23:55:58,Clicked Email,0
387,2025-04-20T07:50:21,Blotout Viewed Product Xyz,0
2335,2025-03-17T04:59:36,SMS Delivered,0
1034,2025-02-04T15:47:48,Opened Email,0
2638,2025-04-21T17:50:23,Clicked email link,0
2142,2025-01-02T21:25:23,SMS Delivered,0
1689,2025-03-05T17:48:13,Black Crow Identified,0
1379,2025-03-21T02:25:39,Clicked email to unsubscribe,0
1485,2025-03-19T17:25:03,Email Open,0
1690,2025-01-23T07:22:48,Black Crow Identified,0
360,2025-01-09T06:02:20,Clicked Email,0
1973,2025-02-15T04:37:10,Clicked Email,0
2883,2025-03-22T21:26:32,Clicked email link,0
116,2025-03-19T18:36:09,Placed Order,1
386,2025-01-27T06:55:05,Clicked Email,0
1396,2025-04-28T08:14:03,Clicked email to unsubscribe,0
2869,2025-03-25T09:37:10,Viewed Product.,0
410,2025-04-11T00:35:25,Placed Order,1
1225,2025-03-27T19:10:16,Octane: Quiz Completed: Find The Perfect Eye Shadow   .,0
2491,2025-03-13T09:11:13,Black Crow Identified,0
1038,2025-04-24T06:32:20,Octane: Quiz Completed: Find The Perfect Eye Shadow   .,0
2072,2025-03-18T08:26:14,Black Crow Identified,0
2704,2025-01-05T03:22:20,Clicked Email,0
2880,2025-01-12T22:55:35,Clicked email to unsubscribe,0
2955,2025-03-09T18:01:11,Black Crow Identified,0
1080,2025-01-07T09:15:04,SMS Delivered,0
1339,2025-02-20T03:22:07,Unsubscribed,0
1834,2025-04-27T20:58:04,Order Placed,1
664,2025-01-19T16:56:26,SMS Sent,0
2911,2025-04-04T00:32:21,Active on Site,0
404,2025-01-14T01:44:17,Viewed Product XYZ   ,0
1979,2025-01-02T08:22:16,Opened Email,0
676,2025-02-03T13:54:40,Opened Email,0
1138,2025-04-23T20:00:00,Unsubscribed,0
2354,2025-01-16T15:08:34,Order Placed,1
1430,2025-03-27T20:32:22,Clicked email to unsubscribe,0
2171,2025-02-28T18:59:59,Clicked email to unsubscribe,0
731,2025-01-18T14:36:52,Active on Site,0
2002,2025-01-23T21:19:03,Email Open,0
932,2025-01-01T14:35:00,Clicked email to unsubscribe,0
2969,2025-03-15T01:59:54,Unsubscribed,0
914,2025-01-03T18:39:31,Octane: Quiz Completed: Find The Perfect Eye Shadow   .,0
2256,2025-04-28T16:49:13,Clicked email link,0
1928,2025-04-24T05:49:54,Blotout Viewed Product Xyz,0
2871,2025-02-06T05:17:34,Clicked email to unsubscribe,0
1508,2025-03-22T00:21:11,Active on Site,0
268,2025-04-12T11:34:38,Black Crow Identified,0
29,2025-03-19T10:27:01,Clicked Email,0
704,2025-03-22T17:42:41,Octane: Quiz Completed: Find The Perfect Eye Shadow   .,0
2377,2025-02-28T19:14:15,SMS Delivered,0
1780,2025-02-19T00:19:18,Clicked email to unsubscribe,0
2278,2025-03-04T00:41:15,Viewed Product XYZ   ,0
2175,2025-02-23T15:18:06,Clicked email link,0
1356,2025-01-03T18:12:25,Viewed Product XYZ   ,0
2100,2025-03-17T22:26:14,Placed Order,1
1927,2025-04-21T18:43:24,Unsubscribed,0
1574,2025-01-08T16:08:00,Opened Email,0
2637,2025-02-02T12:08:29,Octane: Quiz Completed: Find The Perfect Eye Shadow   .,0
1166,2025-02-16T15:05:21,Order Placed,1
1161,2025-02-06T07:04:28,SMS Sent,0
1616,2025-03-04T14:06:58,Viewed Product.,0
2448,2025-03-30T05:52:24,Clicked email to unsubscribe,0
2171,2025-01-01T00:46:34,SMS Delivered,0
2894,2025-01-14T16:30:15,Black Crow Identified,0
182,2025-02-14T05:40:04,Viewed Product.,0
2796,2025-01-18T07:17:03,Octane: Quiz Completed: Find The Perfect Eye Shadow   .,0
605,2025-02-10T20:32:54,Placed Order,1
970,2025-03-19T04:40:12,Blotout Viewed Product Xyz,0
2321,2025-04-18T13:58:59,Order Placed,1
2657,2025-04-20T07:33:50,Blotout Viewed Product Xyz,0
2085,2025-03-19T16:33:18,SMS Delivered,0
2874,2025-02-15T11:21:11,Octane: Quiz Completed: Find The Perfect Eye Shadow   .,0
539,2025-02-16T17:14:58,Clicked email to unsubscribe,0
77,2025-04-15T20:36:37,Unsubscribed,0
2633,2025-03-03T23:11:39,Email Open,0
2938,2025-02-24T10:57:23,Unsubscribed,0
2727,2025-02-12T03:12:48,Unsubscribed,0
1220,2025-04-22T16:41:34,Viewed Product XYZ   ,0
1924,2025-04-12T20:00:35,Viewed Product XYZ   ,0
1306,2025-03-11T19:08:47,Clicked email link,0
2875,2025-01-14T08:54:57,Clicked Email,0
1455,2025-01-07T13:07:48,Active on Site,0
315,2025-04-24T07:22:04,SMS Sent,0
2769,2025-01-25T16:46:27,SMS Delivered,1
2844,2025-02-28T09:14:20,Octane: Quiz Completed: Find The Perfect Eye Shadow   .,0
259,2025-01-01T05:17:22,Placed Order,1
1741,2025-01-08T18:28:00,Octane: Quiz Completed: Find The Perfect Eye Shadow   .,0
1059,2025-03-12T23:40:01,Email Open,0
2310,2025-01-24T17:22:59,Clicked email link,0
2224,2025-04-14T10:26:59,Opened Email,0
662,2025-03-29T20:31:47,Black Crow Identified,0
663,2025-04-17T11:56:38,Clicked email link,0
2587,2025-03-25T09:53:00,Clicked Email,1
268,2025-04-19T08:34:08,Clicked Email,0
726,2025-04-25T21:49:40,Opened Email,0
1564,2025-03-15T19:46:22,SMS Delivered,0
1411,2025-02-18T05:04:52,Placed Order,1
610,2025-03-29T01:37:34,Viewed Product.,0
2590,2025-03-29T15:07:26,Opened Email,0
2116,2025-02-15T15:10:54,Viewed Product.,0
2541,2025-02-23T20:55:51,Viewed Product.,0
645,2025-02-13T18:24:14,Viewed Product.,0
2176,2025-04-10T04:35:09,SMS Delivered,0
429,2025-02-20T22:56:35,SMS Delivered,0
2513,2025-03-12T06:42:33,Email Open,1
1765,2025-04-10T16:31:55,Clicked Email,0
1370,2025-01-15T22:14:29,Email Open,0
999,2025-04-13T14:41:55,Viewed Product.,0
1741,2025-04-10T08:34:21,Viewed Product XYZ   ,0
1664,2025-03-23T03:26:33,Viewed Product XYZ   ,0
2393,2025-04-22T22:04:26,Opened Email,0
2326,2025-04-05T12:21:22,Viewed Product.,0
2840,2025-04-21T07:55:20,Viewed Product XYZ   ,0
352,2025-03-30T14:03:20,Placed Order,1
1611,2025-04-29T16:00:29,Viewed Product XYZ   ,0
1683,2025-04-06T12:56:14,Placed Order,1
2738,2025-02-22T19:09:36,Opened Email,0
542,2025-01-29T05:17:01,Clicked email link,0
2956,2025-03-26T04:46:44,Octane: Quiz Completed: Find The Perfect Eye Shadow   .,1
1813,2025-01-28T01:29:00,Clicked email link,0
2432,2025-03-29T18:05:55,Opened Email,0
2159,2025-04-16T15:09:28,Viewed Product XYZ   ,0
284,2025-03-18T03:43:38,Clicked email link,0
135,2025-01-14T00:31:13,Clicked email to unsubscribe,0
636,2025-03-03T17:32:03,Viewed Product XYZ   ,0
2540,2025-02-19T04:08:28,Blotout Viewed Product Xyz,0
1745,2025-02-23T10:52:23,Unsubscribed,0
536,2025-04-12T11:42:50,SMS Sent,0
72,2025-02-03T11:22:57,Email Open,0
222,2025-04-22T23:24:11,SMS Sent,0
1080,2025-01-30T10:29:35,Viewed Product XYZ   ,0
2581,2025-02-14T18:06:03,Unsubscribed,0
404,2025-04-14T11:30:50,Order Placed,1
2988,2025-03-09T03:38:40,SMS Sent,0
2584,2025-04-12T17:32:32,Clicked Email,0
1848,2025-03-27T23:11:47,Placed Order,1
2193,2025-04-04T05:03:26,Clicked email link,0
2903,2025-03-01T18:57:27,Clicked email link,0
586,2025-03-25T22:20:48,Viewed Product XYZ   ,0
1223,2025-01-29T12:36:12,Octane: Quiz Completed: Find The Perfect Eye Shadow   .,0
2538,2025-02-08T21:35:00,Black Crow Identified,0
2504,2025-04-04T21:57:59,Opened Email,0
2945,2025-02-01T04:40:10,Placed Order,1
2847,2025-04-13T14:56:06,Order Placed,1
2273,2025-02-09T02:20:05,SMS Sent,0
219,2025-03-20T01:17:40,Placed Order,1
2235,2025-02-14T23:32:40,Clicked email link,0
468,2025-01-12T17:58:53,Clicked email link,0
922,2025-02-18T05:58:33,Octane: Quiz Completed: Find The Perfect Eye Shadow   .,0
769,2025-01-15T12:28:15,Order Placed,1
2883,2025-03-20T16:36:25,Clicked Email,0
2423,2025-03-24T12:45:19,Black Crow Identified,0
1080,2025-01-25T22:56:26,Black Crow Identified,0
1801,2025-03-22T16:50:26,Blotout Viewed Product Xyz,0
297,2025-03-02T20:18:53,Clicked email link,0
2902,2025-04-11T22:42:20,Clicked Email,0
2017,2025-01-07T06:57:53,Active on Site,0
597,2025-04-03T13:36:43,SMS Sent,0
479,2025-03-05T13:28:28,Viewed Product XYZ   ,0
1822,2025-04-30T17:24:39,Clicked Email,0
796,2025-03-23T08:18:32,Opened Email,0
1687,2025-03-19T12:48:34,Viewed Product.,0
1362,2025-04-19T14:54:05,Active on Site,0
2270,2025-01-02T22:51:56,Clicked email to unsubscribe,0
2880,2025-01-04T16:16:57,Active on Site,0
210,2025-04-23T11:16:04,Email Open,0
2517,2025-04-06T09:19:15,Email Open,0
987,2025-02-27T19:58:58,Clicked email link,0
1109,2025-02-25T08:46:13,Black Crow Identified,0
62,2025-02-14T07:04:48,Unsubscribed,1
460,2025-04-13T15:32:50,Clicked Email,0
1191,2025-02-24T01:03:31,Active on Site,0
2878,2025-02-09T19:44:38,Black Crow Identified,0
523,2025-04-12T00:57:08,SMS Delivered,0
204,2025-03-02T05:43:33,SMS Delivered,1
27,2025-01-08T15:59:41,Opened Email,0
1317,2025-02-20T02:20:45,Clicked Email,0
82,2025-01-04T21:27:27,Placed Order,1
1393,2025-01-29T21:05:10,Email Open,0
2470,2025-03-19T08:53:34,Unsubscribed,0
1332,2025-01-18T11:42:14,Clicked email to unsubscribe,0
2038,2025-02-02T14:12:21,Active on Site,0
1526,2025-02-25T10:12:48,Viewed Product XYZ   ,0
537,2025-04-18T00:31:19,Octane: Quiz Completed: Find The Perfect Eye Shadow   .,0
1919,2025-03-15T08:24:44,Blotout Viewed Product Xyz,1
2075,2025-02-08T14:28:50,Opened Email,0
2454,2025-02-19T08:34:56,Email Open,0
1165,2025-01-29T01:58:59,Black Crow Identified,1
2111,2025-03-07T17:11:49,Clicked Email,0
2895,2025-01-17T19:09:14,Clicked email link,0
1126,2025-01-02T19:51:14,Placed Order,1
893,2025-03-10T07:41:40,Clicked Email,0
1865,2025-02-09T10:54:34,Blotout Viewed Product Xyz,0
129,2025-03-17T13:37:22,Unsubscribed,0
2256,2025-03-01T18:28:45,Clicked Email,0
1521,2025-02-11T13:40:22,Placed Order,1
974,2025-01-11T08:44:21,Clicked Email,0
234,2025-02-14T05:38:11,Active on Site,0
2441,2025-04-04T07:08:19,Viewed Product XYZ   ,0
453,2025-04-28T17:18:41,Active on Site,0
1073,2025-03-20T14:47:08,Clicked email to unsubscribe,0
1254,2025-04-14T18:56:07,Active on Site,0
2816,2025-04-14T18:38:52,Viewed Product XYZ   ,0
2298,2025-04-18T22:37:56,SMS Sent,0
857,2025-03-15T06:04:07,SMS Delivered,0
703,2025-03-26T03:11:54,SMS Sent,0
2000,2025-01-04T18:32:06,Email Open,0
2448,2025-01-20T14:57:37,SMS Delivered,0
330,2025-01-01T15:29:07,Octane: Quiz Completed: Find The Perfect Eye Shadow   .,0
1400,2025-01-09T19:20:52,Opened Email,0
1784,2025-03-06T21:43:16,SMS Delivered,0
2210,2025-03-05T23:38:14,Placed Order,1
276,2025-02-12T21:43:52,Viewed Product XYZ   ,0
1818,2025-03-23T23:21:01,SMS Delivered,0
1838,2025-01-15T17:41:26,Email Open,0
492,2025-01-17T05:12:40,Order Placed,1
1147,2025-04-23T13:48:21,SMS Sent,0
904,2025-04-10T19:19:22,Opened Email,0
823,2025-04-03T00:28:28,Clicked Email,0
1001,2025-02-26T17:30:04,Octane: Quiz Completed: Find The Perfect Eye Shadow   .,0
2379,2025-03-09T19:00:45,Order Placed,1
901,2025-04-06T00:00:18,SMS Delivered,0
912,2025-01-15T16:09:44,Order Placed,1
1821,2025-04-25T12:17:13,Viewed Product XYZ   ,0
2577,2025-03-06T15:52:10,Clicked Email,0
1713,2025-01-04T04:51:50,Viewed Product XYZ   ,1
2263,2025-01-06T20:17:11,SMS Delivered,0
1190,2025-01-14T21:04:50,Active on Site,0
555,2025-03-25T04:45:46,Clicked email to unsubscribe,0
1344,2025-01-04T04:30:39,Active on Site,0
2802,2025-01-04T14:48:35,Clicked Email,0
866,2025-02-25T17:01:22,Placed Order,1
890,2025-04-30T14:32:50,Black Crow Identified,0
1291,2025-01-20T17:39:26,Clicked email to unsubscribe,0
2608,2025-04-17T06:22:46,Placed Order,1
2907,2025-03-03T17:23:00,Clicked email link,0
592,2025-04-08T08:31:55,Opened Email,0
2068,2025-02-03T01:04:47,Email Open,0
742,2025-01-26T07:46:58,Order Placed,1
71,2025-03-07T22:00:35,Unsubscribed,0
2260,2025-03-05T04:28:11,Placed Order,1
10,2025-01-06T13:07:17,Viewed Product.,0
1448,2025-02-16T19:40:09,Clicked Email,0
917,2025-03-31T10:28:37,Blotout Viewed Product Xyz,0
398,2025-02-09T21:26:49,Clicked email to unsubscribe,0
1505,2025-04-27T18:33:29,Clicked email link,0
2242,2025-03-05T04:19:01,Order Placed,1
75,2025-04-14T16:16:12,Viewed Product XYZ   ,0
1469,2025-04-30T05:21:10,Octane: Quiz Completed: Find The Perfect Eye Shadow   .,0
1666,2025-04-04T10:24:26,Viewed Product.,0
1827,2025-03-14T03:22:59,Blotout Viewed Product Xyz,0
2623,2025-01-28T05:54:05,Opened Email,0
301,2025-04-11T09:35:56,Viewed Product XYZ   ,0
356,2025-01-20T11:00:58,Opened Email,0
2133,2025-04-26T12:42:25,Octane: Quiz Completed: Find The Perfect Eye Shadow   .,0
2243,2025-01-24T05:15:20,Opened Email,1
1659,2025-03-04T22:13:43,Email Open,1
2953,2025-03-11T00:04:28,Viewed Product.,0
1316,2025-01-08T03:09:28,Clicked Email,0
248,2025-01-15T22:10:35,Clicked email link,0
2568,2025-02-24T22:16:02,Order Placed,1
1758,2025-04-04T11:08:30,Order Placed,1
331,2025-04-06T14:49:52,Blotout Viewed Product Xyz,0
1729,2025-01-31T21:04:29,Placed Order,1
1046,2025-04-13T14:51:21,Order Placed,1
836,2025-04-19T14:30:27,Clicked Email,0
2519,2025-01-25T04:13:10,Unsubscribed,0
615,2025-01-12T18:04:36,SMS Delivered,0
156,2025-04-29T22:10:11,Clicked Email,0
2807,2025-02-12T14:05:20,Order Placed,1
142,2025-01-03T13:28:25,Clicked email link,0
1947,2025-03-17T11:27:24,Viewed Product.,0
2341,2025-01-13T00:11:24,Clicked Email,0
1052,2025-01-09T15:08:14,Placed Order,1
1589,2025-01-11T01:18:08,Active on Site,0
1382,2025-04-23T20:24:20,Clicked email to unsubscribe,1
137,2025-03-12T03:37:41,Blotout Viewed Product Xyz,1
905,2025-04-14T06:15:22,Blotout Viewed Product Xyz,0
2491,2025-04-02T06:11:11,Email Open,0
956,2025-03-15T01:47:35,Clicked email to unsubscribe,0
917,2025-04-23T11:23:57,Placed Order,1
116,2025-03-30T06:42:23,Active on Site,0
1894,2025-02-20T03:52:54,Black Crow Identified,0
542,2025-04-03T18:10:25,Viewed Product.,0
532,2025-04-05T01:15:39,Clicked email to unsubscribe,1
1246,2025-01-27T18:45:38,Clicked Email,0
2899,2025-01-21T22:46:02,Viewed Product XYZ   ,0
1361,2025-03-14T04:31:51,Clicked Email,0
154,2025-04-09T19:18:42,Email Open,0
2523,2025-04-15T03:44:29,Octane: Quiz Completed: Find The Perfect Eye Shadow   .,0
264,2025-04-13T07:53:38,Blotout Viewed Product Xyz,0
2638,2025-01-12T13:16:06,Email Open,0
1568,2025-02-15T20:14:48,Viewed Product XYZ   ,0
99,2025-04-10T08:46:40,Viewed Product XYZ   ,0
1989,2025-04-22T23:46:08,Opened Email,0
1640,2025-01-22T16:37:28,Unsubscribed,0
849,2025-04-10T12:52:14,Black Crow Identified,1
2261,2025-02-01T12:20:22,Clicked email to unsubscribe,0
678,2025-03-29T11:28:20,Clicked email to unsubscribe,0
1901,2025-03-13T01:27:34,Unsubscribed,0
2783,2025-01-30T11:56:14,Placed Order,1
1418,2025-01-12T05:45:27,Placed Order,1
878,2025-01-23T12:21:59,Clicked Email,0
1645,2025-03-27T05:15:11,Order Placed,1
2325,2025-04-20T19:36:37,Active on Site,0
1342,2025-03-03T16:47:18,Order Placed,1
297,2025-02-10T00:25:51,Viewed Product.,0
1150,2025-04-10T15:52:55,Blotout Viewed Product Xyz,0
233,2025-01-11T12:20:11,SMS Sent,0
2203,2025-02-27T08:26:00,Active on Site,0
2658,2025-03-12T07:49:22,Blotout Viewed Product Xyz,0
407,2025-02-23T22:07:46,Viewed Product XYZ   ,0
1178,2025-01-09T09:28:43,Octane: Quiz Completed: Find The Perfect Eye Shadow   .,0
928,2025-04-05T12:02:38,Viewed Product.,0
2121,2025-01-27T10:58:20,Octane: Quiz Completed: Find The Perfect Eye Shadow   .,0
126,2025-04-12T08:46:56,Opened Email,0
2182,2025-04-01T02:41:40,Active on Site,0
289,2025-02-26T15:06:38,Opened Email,0
1912,2025-03-18T19:52:14,Clicked Email,0
1018,2025-04-06T17:02:56,Clicked email to unsubscribe,0
2616,2025-01-04T17:53:29,Email Open,0
201,2025-02-08T02:25:38,Octane: Quiz Completed: Find The Perfect Eye Shadow   .,0
2252,2025-03-19T22:40:08,Octane: Quiz Completed: Find The Perfect Eye Shadow   .,0
879,2025-03-08T18:41:34,Octane: Quiz Completed: Find The Perfect Eye Shadow   .,0
2542,2025-04-11T03:15:21,Placed Order,1
1221,2025-01-23T06:31:11,Order Placed,1
2342,2025-01-24T21:35:58,SMS Sent,0
1715,2025-02-02T09:32:19,Unsubscribed,0
2404,2025-02-16T00:24:59,Blotout Viewed Product Xyz,0
760,2025-03-28T19:30:01,Blotout Viewed Product Xyz,0
2445,2025-02-03T00:16:35,Clicked email link,0
353,2025-04-24T20:45:26,Octane: Quiz Completed: Find The Perfect Eye Shadow   .,0
2698,2025-03-11T22:32:56,Octane: Quiz Completed: Find The Perfect Eye Shadow   .,0
2434,2025-01-19T02:56:59,Clicked Email,0
2282,2025-03-07T17:27:09,Active on Site,0
348,2025-04-23T07:43:03,Octane: Quiz Completed: Find The Perfect Eye Shadow   .,0
1497,2025-04-22T11:18:31,Opened Email,1
2507,2025-01-04T07:18:04,Clicked Email,0
2198,2025-03-21T09:26:07,Viewed Product.,0
2776,2025-03-25T13:35:16,Active on Site,0
903,2025-03-05T14:56:13,Blotout Viewed Product Xyz,0
1101,2025-03-13T14:44:32,SMS Sent,0
2180,2025-03-20T12:10:45,Order Placed,1
1346,2025-02-05T15:56:25,Placed Order,1
2768,2025-01-29T00:27:13,SMS Delivered,0
2454,2025-04-14T20:09:59,Clicked email to unsubscribe,0
2373,2025-01-06T14:46:30,Clicked email link,0
1020,2025-01-28T14:34:47,Octane: Quiz Completed: Find The Perfect Eye Shadow   .,1
2442,2025-01-10T17:28:06,Octane: Quiz Completed: Find The Perfect Eye Shadow   .,0
2638,2025-01-29T18:14:04,Opened Email,0
809,2025-03-17T07:44:49,Unsubscribed,0
351,2025-03-22T03:08:11,Unsubscribed,0
188,2025-01-12T01:21:30,Clicked email to unsubscribe,0
213,2025-03-23T19:21:37,Active on Site,0
1360,2025-04-29T08:33:04,Unsubscribed,1
1777,2025-01-03T00:11:34,SMS Delivered,0
518,2025-03-21T15:00:26,Viewed Product XYZ   ,0
2526,2025-02-11T05:38:08,Blotout Viewed Product Xyz,0
194,2025-02-09T08:00:15,Order Placed,1
310,2025-02-25T13:01:15,Email Open,0
1135,2025-04-08T16:03:55,Viewed Product XYZ   ,0
2275,2025-03-26T14:59:20,Clicked Email,0
2260,2025-03-19T04:28:49,Clicked Email,0
2583,2025-03-18T23:57:42,Clicked email to unsubscribe,0
962,2025-04-15T00:44:00,Email Open,0
2989,2025-04-29T12:30:06,Black Crow Identified,0
845,2025-01-12T03:20:07,Clicked email to unsubscribe,1
1706,2025-03-07T01:49:35,Clicked email link,1
2920,2025-04-26T08:55:33,Order Placed,1
559,2025-02-23T13:11:52,SMS Sent,0
2166,2025-04-20T13:44:24,Viewed Product.,0
1787,2025-01-12T15:04:49,SMS Sent,0
1921,2025-01-25T12:09:23,Clicked email to unsubscribe,0
1357,2025-04-24T02:45:10,Viewed Product XYZ   ,0
2016,2025-01-25T16:29:50,Blotout Viewed Product Xyz,0
767,2025-01-21T14:46:15,Opened Email,0
1528,2025-03-02T04:18:58,Placed Order,1
2200,2025-03-16T00:15:00,Clicked Email,0
2028,2025-04-26T04:37:35,Clicked email to unsubscribe,1
1327,2025-04-10T17:30:43,Octane: Quiz Completed: Find The Perfect Eye Shadow   .,0
741,2025-01-08T17:42:11,Viewed Product XYZ   ,0
2426,2025-04-30T21:53:47,SMS Delivered,0
1265,2025-01-16T12:48:10,Viewed Product.,0
1366,2025-02-02T13:33:27,Clicked email to unsubscribe,0
2639,2025-02-01T03:08:57,Unsubscribed,0
119,2025-03-10T22:38:23,Viewed Product XYZ   ,1
831,2025-03-17T19:52:11,Black Crow Identified,0
2533,2025-04-01T00:11:00,Order Placed,1
2563,2025-02-09T09:49:47,Placed Order,1
45,2025-02-14T11:52:28,SMS Sent,0
2310,2025-01-06T00:59:23,Viewed Product.,0
2999,2025-04-16T16:19:03,Clicked Email,0
2297,2025-01-14T14:45:58,Blotout Viewed Product Xyz,0
965,2025-02-08T14:03:57,Octane: Quiz Completed: Find The Perfect Eye Shadow   .,0
1712,2025-04-23T15:59:53,Clicked Email,0
956,2025-01-17T10:47:35,Octane: Quiz Completed: Find The Perfect Eye Shadow   .,0
1337,2025-01-27T01:04:50,Opened Email,0
1156,2025-02-26T22:06:42,Order Placed,1
1089,2025-02-02T10:43:19,Octane: Quiz Completed: Find The Perfect Eye Shadow   .,0
2830,2025-04-16T15:21:09,Placed Order,1
1540,2025-04-17T18:06:25,Octane: Quiz Completed: Find The Perfect Eye Shadow   .,0
89,2025-03-08T03:04:24,Opened Email,1
1226,2025-01-12T06:13:54,Black Crow Identified,0
1628,2025-04-25T11:55:35,Placed Order,1
2040,2025-01-12T14:19:04,Clicked email to unsubscribe,0
2351,2025-03-11T13:37:16,Viewed Product.,0
1231,2025-02-01T07:26:09,Clicked email link,0
1737,2025-02-12T09:38:39,SMS Delivered,0
2096,2025-02-01T21:26:03,Blotout Viewed Product Xyz,0
1623,2025-03-24T00:32:22,Black Crow Identified,0
103,2025-04-01T17:07:10,Unsubscribed,0
2580,2025-01-20T04:49:56,Opened Email,1
689,2025-04-26T08:11:01,Clicked Email,0
1134,2025-03-11T11:51:23,SMS Sent,0
849,2025-02-12T11:37:17,Viewed Product.,0
944,2025-03-15T10:30:32,Opened Email,0
2084,2025-02-05T17:54:38,Blotout Viewed Product Xyz,1
881,2025-04-28T05:38:04,Octane: Quiz Completed: Find The Perfect Eye Shadow   .,0
2433,2025-02-26T15:50:13,Email Open,0
939,2025-04-05T02:25:45,Clicked Email,0
443,2025-04-16T18:12:37,SMS Sent,0
1525,2025-04-27T21:49:22,Clicked email link,0
1154,2025-03-12T23:15:28,Clicked Email,0
354,2025-01-09T09:12:09,Unsubscribed,0
2765,2025-04-12T06:29:35,Viewed Product XYZ   ,0
2030,2025-01-21T21:58:57,Viewed Product XYZ   ,0
1817,2025-01-22T16:05:41,Order Placed,1
2364,2025-03-18T20:34:09,Opened Email,0
24,2025-03-04T22:06:22,Clicked email to unsubscribe,0
2258,2025-04-17T15:14:26,Viewed Product.,0
1342,2025-03-13T17:17:35,Active on Site,0
1987,2025-02-06T22:24:03,Email Open,0
1831,2025-02-08T13:51:11,Clicked email to unsubscribe,0
1903,2025-03-16T05:13:22,Unsubscribed,0
2359,2025-04-22T15:19:27,Order Placed,1
1453,2025-03-02T23:08:57,Order Placed,1
1788,2025-02-23T08:07:47,Order Placed,1
1392,2025-03-28T16:13:36,SMS Delivered,0
2737,2025-02-15T12:17:33,SMS Sent,0
1456,2025-02-04T13:37:24,Unsubscribed,0
2839,2025-01-18T02:55:19,Viewed Product.,0
1589,2025-04-22T10:00:25,Clicked Email,0
743,2025-01-03T19:00:51,Viewed Product.,0
2601,2025-02-17T08:24:43,Clicked email link,0
315,2025-02-03T02:26:42,Clicked email link,1
2038,2025-02-02T23:43:59,Email Open,1
97,2025-03-20T15:12:41,SMS Delivered,0
678,2025-04-10T03:26:40,SMS Delivered,0
71,2025-04-07T20:56:26,Blotout Viewed Product Xyz,0
2624,2025-01-26T22:09:09,Clicked Email,0
1397,2025-01-14T23:44:41,Opened Email,0
1065,2025-01-10T17:22:19,Active on Site,0
2407,2025-01-01T08:46:37,Clicked email to unsubscribe,0
2862,2025-03-22T18:50:48,Clicked Email,0
1810,2025-01-18T13:35:51,Clicked email link,0
1122,2025-02-12T05:36:38,Placed Order,1
2767,2025-01-12T02:03:53,Order Placed,1
1833,2025-03-17T16:27:03,SMS Sent,0
729,2025-01-19T16:05:23,Viewed Product XYZ   ,0
1847,2025-03-01T22:05:23,Blotout Viewed Product Xyz,0
1631,2025-01-02T17:18:30,Viewed Product XYZ   ,0
479,2025-03-29T18:38:09,Clicked email link,0
1595,2025-02-08T05:19:57,Placed Order,1
362,2025-03-02T21:51:02,SMS Sent,0
883,2025-04-27T20:53:53,SMS Delivered,0
2005,2025-02-01T03:10:42,Unsubscribed,0
1398,2025-01-23T21:10:13,Clicked email to unsubscribe,0
455,2025-01-29T08:12:35,Clicked email to unsubscribe,0
1481,2025-02-20T03:51:26,Placed Order,1
2345,2025-03-24T02:50:04,Viewed Product XYZ   ,0
2666,2025-01-30T16:51:55,SMS Sent,0
1802,2025-01-14T11:18:11,Order Placed,1
2531,2025-04-29T19:45:02,Order Placed,1
1175,2025-03-15T09:11:24,Email Open,0
2723,2025-03-20T13:32:14,Active on Site,0
1563,2025-01-16T03:48:00,Active on Site,0
2613,2025-03-20T19:47:34,SMS Sent,0
492,2025-01-30T20:54:07,Blotout Viewed Product Xyz,0
426,2025-04-26T22:07:37,Black Crow Identified,0
1334,2025-01-21T07:23:49,Viewed Product XYZ   ,0
322,2025-01-11T09:23:51,Black Crow Identified,0
197,2025-02-08T07:57:53,Clicked email to unsubscribe,0
1226,2025-03-28T18:26:16,Blotout Viewed Product Xyz,0
256,2025-01-08T23:18:31,Black Crow Identified,0
1118,2025-03-22T02:28:55,SMS Delivered,0
939,2025-03-18T10:50:58,Unsubscribed,0
2173,2025-01-13T16:24:12,SMS Delivered,0
1308,2025-01-21T14:11:55,Viewed Product.,0
2268,2025-03-24T19:03:51,Black Crow Identified,0
208,2025-04-02T12:31:37,Unsubscribed,0
314,2025-03-10T07:41:25,Clicked email link,0
2490,2025-04-11T12:37:38,Octane: Quiz Completed: Find The Perfect Eye Shadow   .,0
226,2025-04-09T03:19:41,Active on Site,0
2021,2025-01-31T13:14:53,SMS Delivered,0
2026,2025-03-22T09:14:12,Unsubscribed,0
1877,2025-03-12T02:40:07,Octane: Quiz Completed: Find The Perfect Eye Shadow   .,0
2793,2025-02-10T14:40:15,Viewed Product.,0
433,2025-01-16T07:54:17,Viewed Product.,0
1983,2025-04-24T06:59:18,Clicked email to unsubscribe,0
555,2025-03-11T03:28:08,Email Open,0
758,2025-04-18T05:49:59,Viewed Product.,0
1406,2025-02-08T10:57:17,Viewed Product XYZ   ,0
2443,2025-01-17T08:56:48,Black Crow Identified,0
1494,2025-03-06T01:47:23,Viewed Product XYZ   ,0
1893,2025-02-16T10:33:09,Clicked Email,0
1113,2025-01-21T14:50:25,Email Open,0
2683,2025-04-16T19:22:52,Placed Order,1
2538,2025-04-20T01:34:11,Order Placed,1
2976,2025-03-29T20:33:17,Viewed Product XYZ   ,0
2483,2025-03-14T03:29:44,Opened Email,0
1162,2025-01-31T18:35:46,SMS Delivered,0
1094,2025-02-20T23:01:34,Viewed Product.,0
663,2025-01-01T00:15:00,Viewed Product XYZ   ,0
458,2025-01-21T04:35:50,Order Placed,1
1855,2025-03-28T23:25:19,Octane: Quiz Completed: Find The Perfect Eye Shadow   .,1
2540,2025-03-08T04:50:32,Placed Order,1
1119,2025-04-18T12:02:44,Order Placed,1
107,2025-04-28T12:46:14,Placed Order,1
588,2025-01-26T12:15:22,Clicked email link,0
1834,2025-03-11T07:30:03,Email Open,0
1833,2025-01-08T18:37:41,Viewed Product.,0
1445,2025-02-17T03:47:09,Email Open,0
1835,2025-02-08T14:55:41,Black Crow Identified,0
98,2025-02-19T13:56:27,Viewed Product XYZ   ,0
979,2025-03-30T20:15:05,Clicked email link,0
939,2025-03-01T03:29:46,Clicked email link,0
860,2025-04-25T16:12:27,Email Open,0
654,2025-02-18T13:32:13,Active on Site,0
2974,2025-02-16T11:02:47,Clicked email link,0
1583,2025-02-11T15:59:03,Octane: Quiz Completed: Find The Perfect Eye Shadow   .,0
1335,2025-02-15T04:16:19,Active on Site,0
2932,2025-01-25T19:35:00,Unsubscribed,0
1910,2025-01-31T14:41:52,SMS Sent,0
412,2025-04-25T12:50:31,Clicked email link,0
2574,2025-03-05T07:37:33,Blotout Viewed Product Xyz,0
1419,2025-03-01T18:19:47,Octane: Quiz Completed: Find The Perfect Eye Shadow   .,0
1882,2025-01-12T05:21:15,SMS Delivered,0
1394,2025-02-22T07:33:43,Order Placed,1
2852,2025-01-24T10:11:59,Clicked email to unsubscribe,0
2495,2025-04-13T06:21:11,Email Open,0
2316,2025-03-03T16:06:22,Email Open,1
2361,2025-03-27T11:26:26,Unsubscribed,0
2126,2025-03-13T17:45:16,SMS Delivered,0
1828,2025-02-05T21:50:23,Email Open,0
461,2025-01-12T21:16:56,Octane: Quiz Completed: Find The Perfect Eye Shadow   .,0
2180,2025-04-15T11:40:19,Octane: Quiz Completed: Find The Perfect Eye Shadow   .,0
2901,2025-03-05T08:21:04,Octane: Quiz Completed: Find The Perfect Eye Shadow   .,1
2679,2025-04-10T23:20:10,Clicked email to unsubscribe,0
2027,2025-01-20T11:27:38,Email Open,0
1711,2025-03-02T15:30:40,Opened Email,0
2676,2025-04-13T21:59:38,Placed Order,1
1219,2025-03-01T13:33:59,Opened Email,0
2371,2025-04-26T21:50:19,SMS Delivered,0
2992,2025-01-13T08:02:16,Viewed Product.,0
2206,2025-02-22T19:07:52,Opened Email,0
328,2025-02-01T22:30:30,Clicked email link,0
495,2025-02-28T17:37:52,Placed Order,1
1308,2025-04-07T11:32:30,SMS Delivered,0
1484,2025-02-11T01:07:42,Octane: Quiz Completed: Find The Perfect Eye Shadow   .,0
1325,2025-01-12T22:56:43,Blotout Viewed Product Xyz,1
601,2025-03-21T11:19:10,Octane: Quiz Completed: Find The Perfect Eye Shadow   .,0
2488,2025-04-16T18:33:56,Octane: Quiz Completed: Find The Perfect Eye Shadow   .,0
1724,2025-02-03T11:38:37,SMS Sent,0
1503,2025-02-04T00:29:50,Octane: Quiz Completed: Find The Perfect Eye Shadow   .,0
906,2025-01-09T10:57:36,Octane: Quiz Completed: Find The Perfect Eye Shadow   .,0
2639,2025-02-05T02:45:55,Viewed Product XYZ   ,0
2306,2025-02-11T17:49:40,Viewed Product.,0
351,2025-02-07T00:01:53,Viewed Product XYZ   ,0
305,2025-03-05T02:10:53,Active on Site,0
1982,2025-03-14T19:46:48,Octane: Quiz Completed: Find The Perfect Eye Shadow   .,0
852,2025-02-03T23:35:53,SMS Delivered,0
870,2025-01-24T01:06:53,Order Placed,1
1773,2025-04-26T00:20:51,Clicked email link,0
1141,2025-01-07T05:55:32,Viewed Product.,0
2670,2025-04-23T20:57:27,Placed Order,1
1841,2025-04-03T07:17:29,Email Open,0
457,2025-01-08T00:36:06,Black Crow Identified,0
2755,2025-01-11T12:33:41,Blotout Viewed Product Xyz,1
2801,2025-02-04T16:49:54,Email Open,0
1859,2025-03-31T09:33:42,Clicked email to unsubscribe,0
1641,2025-01-08T13:25:23,Placed Order,1
784,2025-03-03T15:01:11,Clicked email link,0
2760,2025-01-26T13:41:20,Placed Order,1
335,2025-01-04T16:09:41,Opened Email,0
2584,2025-03-06T23:58:28,Clicked email link,0
2541,2025-01-31T11:57:16,Clicked email link,0
2198,2025-01-30T07:33:46,Placed Order,1
947,2025-04-04T18:20:52,Email Open,0
2102,2025-04-16T15:00:03,Placed Order,1
740,2025-04-28T01:05:11,SMS Sent,0
332,2025-02-21T23:17:30,Opened Email,0
833,2025-04-02T14:29:16,Unsubscribed,0
313,2025-04-30T21:59:33,Octane: Quiz Completed: Find The Perfect Eye Shadow   .,0
1518,2025-03-13T09:59:00,Clicked Email,0
1116,2025-02-17T20:11:43,Email Open,0
1162,2025-04-29T08:17:17,Opened Email,0
2842,2025-02-26T10:24:21,Octane: Quiz Completed: Find The Perfect Eye Shadow   .,0
572,2025-01-22T15:39:37,Order Placed,1
618,2025-03-17T09:30:08,Blotout Viewed Product Xyz,0
387,2025-03-20T03:34:09,Viewed Product.,0
1793,2025-03-23T17:50:35,Unsubscribed,0
1876,2025-02-01T01:03:29,Email Open,0
728,2025-04-17T02:07:00,Viewed Product XYZ   ,0
2576,2025-04-01T22:07:26,Viewed Product.,0
649,2025-03-23T02:59:23,Viewed Product.,0
2414,2025-01-15T22:19:00,Order Placed,1
2369,2025-03-06T16:38:02,Clicked Email,0
2169,2025-02-11T09:15:41,Clicked email to unsubscribe,0
982,2025-02-12T02:44:55,Unsubscribed,0
2608,2025-01-10T06:42:48,Placed Order,1
2877,2025-01-24T01:20:39,Unsubscribed,0
2063,2025-01-23T07:27:42,Active on Site,0
1053,2025-03-28T07:18:06,Clicked email link,0
2508,2025-01-28T19:36:47,Clicked email to unsubscribe,0
2852,2025-04-29T03:42:14,Octane: Quiz Completed: Find The Perfect Eye Shadow   .,0
1380,2025-01-14T22:37:39,Active on Site,0
538,2025-02-13T00:33:48,Active on Site,0
1420,2025-03-05T13:05:26,Octane: Quiz Completed: Find The Perfect Eye Shadow   .,0
575,2025-03-27T07:52:23,Unsubscribed,0
795,2025-01-17T07:25:57,Viewed Product.,0
2357,2025-01-02T02:13:48,SMS Sent,0
1288,2025-03-29T14:26:29,Email Open,0
2997,2025-04-05T01:33:33,Blotout Viewed Product Xyz,0
1717,2025-01-15T06:49:27,SMS Delivered,0
395,2025-03-10T12:44:52,Opened Email,0
422,2025-01-22T16:26:56,Viewed Product XYZ   ,1
975,2025-04-01T21:00:32,SMS Sent,0
2962,2025-02-27T15:47:32,Order Placed,1
1192,2025-03-30T06:14:22,Unsubscribed,0
2179,2025-01-07T02:03:25,Octane: Quiz Completed: Find The Perfect Eye Shadow   .,0
2919,2025-04-21T01:22:37,Clicked email to unsubscribe,0
2418,2025-04-24T03:38:01,Active on Site,0
735,2025-03-06T15:18:36,Blotout Viewed Product Xyz,0
861,2025-02-27T19:37:42,SMS Sent,0
2032,2025-01-04T12:51:31,Active on Site,0
2296,2025-01-13T19:54:39,Opened Email,0
2414,2025-03-01T05:05:18,Blotout Viewed Product Xyz,0
2127,2025-03-23T19:53:00,Octane: Quiz Completed: Find The Perfect Eye Shadow   .,0
1492,2025-01-21T11:34:52,Black Crow Identified,0
494,2025-02-25T01:23:36,Clicked email link,0
2684,2025-04-18T08:37:15,Viewed Product XYZ   ,0
2161,2025-04-30T09:19:28,Active on Site,0
482,2025-01-27T23:28:53,Order Placed,1
2704,2025-03-11T12:08:39,Clicked Email,0
335,2025-01-07T10:40:53,Placed Order,1
2478,2025-04-22T05:30:19,Black Crow Identified,0
2309,2025-03-20T12:46:47,Clicked Email,0
2909,2025-04-23T15:48:33,Blotout Viewed Product Xyz,0
380,2025-03-12T02:57:33,Viewed Product.,0
2313,2025-03-12T02:28:44,Octane: Quiz Completed: Find The Perfect Eye Shadow   .,0
65,2025-03-07T05:18:04,SMS Sent,0
2571,2025-02-11T18:49:42,Unsubscribed,0
1427,2025-03-27T04:41:28,Unsubscribed,0
2475,2025-03-14T08:45:48,SMS Delivered,0
2051,2025-03-06T03:50:13,Placed Order,1
1253,2025-04-03T19:40:05,Clicked Email,0
983,2025-01-27T12:08:46,SMS Sent,0
764,2025-04-19T06:40:06,Black Crow Identified,0
41,2025-04-24T19:02:47,Clicked email to unsubscribe,0
1406,2025-01-21T06:35:10,Email Open,0
306,2025-02-03T10:22:54,Blotout Viewed Product Xyz,0
2535,2025-03-16T09:19:03,Opened Email,0
1331,2025-01-05T14:29:32,Blotout Viewed Product Xyz,0
2083,2025-04-25T23:08:18,Blotout Viewed Product Xyz,0
2209,2025-03-09T13:35:18,Unsubscribed,0
2644,2025-01-29T00:15:41,Viewed Product.,0
2542,2025-02-23T16:28:52,Viewed Product XYZ   ,0
2836,2025-01-16T19:57:25,SMS Sent,0
563,2025-02-06T15:20:49,SMS Delivered,0
2978,2025-03-17T02:37:29,Order Placed,1
1364,2025-03-23T21:19:28,SMS Delivered,0
1795,2025-02-02T04:58:58,Opened Email,0
1470,2025-04-20T21:38:27,Unsubscribed,0
55,2025-01-23T11:34:59,Opened Email,0
362,2025-02-11T00:27:52,Opened Email,1
2387,2025-04-28T01:51:34,Unsubscribed,0
165,2025-01-03T05:48:28,Clicked email to unsubscribe,0
460,2025-04-12T15:35:09,Clicked email link,0
2968,2025-01-22T02:18:07,Viewed Product XYZ   ,0
2270,2025-02-21T08:27:17,Unsubscribed,0
1664,2025-03-21T17:06:15,Unsubscribed,0
1734,2025-02-17T17:39:51,Black Crow Identified,0
5,2025-04-09T05:04:57,Clicked email to unsubscribe,0
2553,2025-03-01T13:19:14,SMS Sent,0
2522,2025-02-15T00:19:10,Opened Email,0
898,2025-01-22T12:43:55,Octane: Quiz Completed: Find The Perfect Eye Shadow   .,0
1420,2025-04-02T08:40:15,Unsubscribed,1
1767,2025-02-04T16:40:02,Unsubscribed,0
2910,2025-02-20T14:53:38,SMS Sent,0
2435,2025-01-31T12:57:32,Email Open,0
2241,2025-04-07T04:30:20,Viewed Product.,0
2371,2025-04-21T10:50:21,Clicked Email,0
138,2025-02-16T14:30:08,Blotout Viewed Product Xyz,0
1674,2025-02-01T00:30:12,Placed Order,1
156,2025-01-21T00:21:49,Viewed Product.,0
435,2025-04-10T09:51:56,SMS Delivered,0
529,2025-01-20T06:35:24,Clicked email to unsubscribe,0
369,2025-01-12T14:24:05,Active on Site,0
2464,2025-04-27T11:31:32,SMS Delivered,0
1959,2025-02-06T04:04:09,Clicked Email,0
1275,2025-03-18T18:06:19,Viewed Product.,0
471,2025-02-20T08:03:37,Clicked email to unsubscribe,0
2506,2025-04-16T20:11:40,SMS Delivered,0
914,2025-04-01T02:33:14,Viewed Product.,0
1334,2025-04-13T06:52:13,Unsubscribed,0
1273,2025-03-23T04:11:29,Opened Email,0
2725,2025-03-05T05:12:02,Clicked email link,0
1999,2025-02-11T08:01:41,Black Crow Identified,0
2033,2025-03-29T09:10:22,Clicked email link,0
2359,2025-03-14T18:22:23,SMS Sent,0
976,2025-01-02T05:40:19,Placed Order,1
1993,2025-04-08T23:18:52,SMS Sent,0
1070,2025-03-18T10:40:37,Viewed Product XYZ   ,0
1574,2025-03-23T08:29:48,Clicked Email,0
2299,2025-01-15T17:03:47,Blotout Viewed Product Xyz,0
2107,2025-02-20T02:33:41,Order Placed,1
605,2025-01-26T00:02:45,Order Placed,1
594,2025-01-22T22:26:40,Email Open,0
608,2025-03-24T00:05:55,Viewed Product XYZ   ,0
2217,2025-03-22T02:58:13,Viewed Product.,0
2014,2025-03-16T12:58:24,Octane: Quiz Completed: Find The Perfect Eye Shadow   .,0
2491,2025-03-01T08:57:40,Active on Site,0
1731,2025-03-03T03:04:22,Viewed Product XYZ   ,0
2942,2025-03-29T17:01:06,Clicked email link,0
2199,2025-02-26T23:23:04,Black Crow Identified,0
984,2025-02-11T10:42:09,Placed Order,1
1861,2025-02-05T22:25:47,Email Open,0
2484,2025-03-24T18:24:57,Email Open,0
902,2025-04-23T20:25:00,Clicked email to unsubscribe,0
429,2025-03-17T13:38:50,Order Placed,1
2823,2025-03-02T08:22:55,Black Crow Identified,0
567,2025-04-09T23:13:26,Unsubscribed,0
1502,2025-04-26T20:18:01,Viewed Product XYZ   ,0
342,2025-04-30T20:00:14,Blotout Viewed Product Xyz,0
621,2025-04-15T03:16:01,Opened Email,0
2371,2025-04-17T20:10:41,Opened Email,0
1198,2025-02-01T10:28:23,Black Crow Identified,0
1903,2025-02-20T14:44:17,SMS Delivered,0
1277,2025-04-25T04:22:22,Viewed Product XYZ   ,0
1153,2025-03-08T08:29:41,SMS Delivered,0
2380,2025-01-04T15:29:51,Order Placed,1
2790,2025-03-17T21:34:37,SMS Delivered,0
301,2025-01-13T00:23:13,Clicked Email,0
1002,2025-04-16T08:09:21,Clicked Email,0
2718,2025-01-16T06:22:38,Clicked email link,0
2562,2025-02-17T11:09:55,Placed Order,1
1567,2025-01-15T13:28:30,SMS Sent,1
51,2025-03-28T15:53:14,Viewed Product XYZ   ,0
432,2025-04-11T16:57:58,Viewed Product XYZ   ,0
2214,2025-02-28T05:34:31,Black Crow Identified,0
790,2025-03-29T11:43:11,Placed Order,1
2336,2025-02-18T13:35:34,Black Crow Identified,0
1212,2025-02-20T17:48:33,Blotout Viewed Product Xyz,0
2453,2025-04-08T23:48:20,Placed Order,1
2147,2025-02-24T17:56:22,Viewed Product XYZ   ,0
1883,2025-03-06T09:33:58,Email Open,0
2795,2025-04-04T03:21:40,SMS Sent,0
1368,2025-04-19T21:24:43,Unsubscribed,1
1604,2025-03-07T12:27:25,Active on Site,0
2877,2025-03-03T03:55:04,Octane: Quiz Completed: Find The Perfect Eye Shadow   .,1
2612,2025-01-22T13:24:52,Octane: Quiz Completed: Find The Perfect Eye Shadow   .,0
2366,2025-04-04T16:16:30,Unsubscribed,0
2120,2025-01-06T22:16:12,Clicked email link,0
2425,2025-01-03T01:38:06,Clicked email to unsubscribe,0
1905,2025-02-20T03:06:10,Viewed Product XYZ   ,1
1951,2025-03-21T21:25:12,Placed Order,1
1227,2025-02-12T20:59:28,Opened Email,0
1981,2025-02-08T13:21:13,SMS Sent,1
1782,2025-03-16T05:48:53,Clicked email to unsubscribe,0
100,2025-03-07T02:16:23,Email Open,0
1172,2025-01-07T05:28:15,Placed Order,1
439,2025-01-03T07:36:24,Unsubscribed,0
2662,2025-03-08T11:08:33,Black Crow Identified,0
1506,2025-02-20T14:36:45,Octane: Quiz Completed: Find The Perfect Eye Shadow   .,0
1223,2025-03-17T01:01:46,Clicked email link,0
2709,2025-01-03T21:32:04,Clicked email link,0
519,2025-04-14T19:46:24,SMS Sent,0
488,2025-01-15T03:44:33,Email Open,0
2298,2025-04-16T05:44:21,Order Placed,1
871,2025-04-06T01:26:37,SMS Sent,0
1779,2025-01-08T04:23:58,SMS Sent,0
2511,2025-02-10T20:04:34,Viewed Product XYZ   ,1
2835,2025-01-11T12:03:52,Opened Email,0
1484,2025-01-02T03:32:01,Black Crow Identified,0
1244,2025-02-13T10:36:45,SMS Delivered,0
1072,2025-01-29T13:08:02,Viewed Product XYZ   ,0
1196,2025-02-08T21:45:09,Unsubscribed,0
1220,2025-01-16T17:17:32,Active on Site,0
116,2025-02-24T17:09:26,Active on Site,0
2408,2025-01-04T08:04:02,SMS Delivered,0
1803,2025-04-09T08:25:50,Clicked Email,0
450,2025-04-20T16:02:29,Viewed Product.,1
537,2025-03-22T08:48:06,Opened Email,0
1523,2025-03-30T18:31:32,Clicked Email,0
831,2025-01-02T10:31:12,Active on Site,0
2288,2025-03-12T11:49:12,Order Placed,1
2046,2025-03-20T11:04:16,Opened Email,0
2173,2025-01-13T18:10:05,Black Crow Identified,0
2989,2025-04-29T03:25:38,Unsubscribed,0
1265,2025-02-26T09:19:01,Order Placed,1
1518,2025-03-05T00:09:55,Opened Email,0
1840,2025-03-26T15:06:59,Black Crow Identified,0
1484,2025-03-13T04:21:49,Viewed Product XYZ   ,0
511,2025-04-29T19:16:55,Octane: Quiz Completed: Find The Perfect Eye Shadow   .,0
2746,2025-03-21T20:28:51,Opened Email,0
406,2025-01-25T17:32:53,Clicked Email,0
487,2025-03-18T22:17:22,Active on Site,1
2903,2025-04-08T00:42:52,Clicked email link,0
2551,2025-02-03T03:18:11,Octane: Quiz Completed: Find The Perfect Eye Shadow   .,0
1851,2025-01-07T17:53:25,Active on Site,0
1597,2025-02-20T18:37:41,Active on Site,0
608,2025-03-13T11:52:26,Viewed Product.,0
2978,2025-01-08T18:06:37,Email Open,0
668,2025-03-31T06:26:41,Email Open,1
863,2025-02-23T11:25:55,Blotout Viewed Product Xyz,0
1250,2025-04-15T01:56:39,Clicked email link,0
1719,2025-01-13T13:28:37,Placed Order,1
1661,2025-01-08T10:33:51,Clicked email to unsubscribe,0
750,2025-01-23T02:50:50,Order Placed,1
2296,2025-01-24T07:49:40,Clicked email link,0
979,2025-02-19T17:52:05,SMS Delivered,0
2156,2025-03-27T08:11:08,SMS Delivered,1
2977,2025-01-17T10:44:28,Placed Order,1
1865,2025-04-04T21:53:24,Octane: Quiz Completed: Find The Perfect Eye Shadow   .,0
543,2025-04-26T20:59:17,SMS Delivered,0
2724,2025-02-16T20:51:32,Order Placed,1
2285,2025-01-27T15:21:07,Clicked Email,0
1475,2025-03-24T11:15:04,Clicked Email,0
254,2025-02-04T15:42:49,SMS Delivered,0
2854,2025-01-13T18:31:14,SMS Sent,0
1278,2025-01-08T02:11:13,Opened Email,0
1365,2025-04-22T09:11:06,Unsubscribed,0
2101,2025-04-04T01:20:18,Clicked email to unsubscribe,0
2167,2025-01-06T20:30:23,Placed Order,1
1734,2025-02-28T11:00:26,Black Crow Identified,0
1929,2025-01-12T15:38:40,Black Crow Identified,0
2075,2025-01-03T18:34:06,Placed Order,1
724,2025-04-14T18:25:17,SMS Sent,0
1734,2025-04-21T23:51:00,Clicked email link,0
767,2025-03-16T16:24:11,Clicked email to unsubscribe,0
2100,2025-04-10T06:27:14,Active on Site,0
2084,2025-03-29T03:20:16,Unsubscribed,0
2021,2025-04-09T06:23:25,Order Placed,1
1871,2025-02-28T05:49:35,Clicked Email,1
1454,2025-03-05T20:40:14,Unsubscribed,0
1166,2025-02-01T00:39:41,Unsubscribed,0
1308,2025-02-08T06:49:06,Order Placed,1
1390,2025-01-29T07:33:31,SMS Sent,0
844,2025-02-02T09:26:09,Email Open,1
1352,2025-04-24T21:39:30,Unsubscribed,0
2248,2025-01-08T02:47:19,Email Open,0
2512,2025-03-31T10:33:02,Blotout Viewed Product Xyz,0
2997,2025-01-19T03:33:31,Black Crow Identified,0
283,2025-03-12T20:17:15,Unsubscribed,0
1694,2025-03-09T16:48:25,Placed Order,1
2061,2025-01-08T09:16:44,Order Placed,1
435,2025-04-02T19:19:50,Black Crow Identified,0
2310,2025-03-25T22:44:45,Black Crow Identified,0
1951,2025-03-14T18:39:36,SMS Sent,0
1840,2025-04-18T15:19:32,Blotout Viewed Product Xyz,0
2712,2025-01-31T22:34:26,Clicked Email,0
1631,2025-01-26T14:52:28,Clicked email to unsubscribe,0
710,2025-03-21T08:33:27,Placed Order,1
1153,2025-02-24T11:44:39,SMS Delivered,0
403,2025-04-02T07:57:09,Active on Site,0
1913,2025-02-19T23:02:40,Viewed Product XYZ   ,0
2374,2025-02-20T14:06:36,Viewed Product.,0
2743,2025-02-27T00:24:34,Unsubscribed,0
34,2025-03-07T09:14:43,Clicked email to unsubscribe,0
846,2025-03-22T05:23:41,Unsubscribed,0
235,2025-04-04T19:09:49,Octane: Quiz Completed: Find The Perfect Eye Shadow   .,0
2742,2025-01-09T19:24:27,Viewed Product.,0
2456,2025-04-29T23:24:26,Order Placed,1
438,2025-01-17T19:34:17,Viewed Product.,0
1734,2025-02-15T20:17:36,Unsubscribed,0
2369,2025-03-17T18:32:00,Blotout Viewed Product Xyz,0
111,2025-03-16T21:18:31,Blotout Viewed Product Xyz,1
1369,2025-01-29T18:24:09,SMS Sent,0
857,2025-01-14T03:08:42,SMS Sent,0
889,2025-01-05T02:04:45,Unsubscribed,0
1600,2025-01-09T23:16:30,Clicked email to unsubscribe,0
1423,2025-04-21T11:35:22,Viewed Product XYZ   ,0
77,2025-02-12T01:42:16,Viewed Product.,1
901,2025-03-08T15:49:34,Octane: Quiz Completed: Find The Perfect Eye Shadow   .,0
1062,2025-04-07T12:42:29,SMS Delivered,0
1324,2025-02-10T07:47:23,Active on Site,0
2484,2025-03-08T16:26:10,Order Placed,1
1314,2025-04-06T20:16:33,SMS Delivered,0
285,2025-03-20T23:54:20,Opened Email,0
1573,2025-01-06T22:40:40,Opened Email,0
2218,2025-04-08T13:01:26,Active on Site,0
1315,2025-04-15T03:46:23,Order Placed,1
400,2025-03-01T10:53:31,Viewed Product.,0
757,2025-03-21T22:09:53,Email Open,0
1002,2025-03-15T09:34:38,SMS Delivered,0
2417,2025-01-04T01:30:32,Placed Order,1
2375,2025-04-30T04:03:52,SMS Sent,0
734,2025-02-04T17:49:05,Black Crow Identified,0
2951,2025-01-03T02:48:42,Black Crow Identified,0
2967,2025-01-04T23:43:25,Email Open,0
89,2025-04-11T05:24:15,Active on Site,0
553,2025-04-06T02:49:00,Octane: Quiz Completed: Find The Perfect Eye Shadow   .,0
2642,2025-03-08T00:31:18,SMS Sent,0
2831,2025-04-28T22:49:58,Unsubscribed,0
371,2025-03-24T03:50:55,Clicked Email,0
1587,2025-04-06T11:56:50,Clicked Email,0
121,2025-04-19T17:34:12,Placed Order,1
417,2025-01-16T00:26:36,Order Placed,1
2603,2025-02-12T14:22:40,Placed Order,1
637,2025-04-02T12:17:13,Clicked email link,0
2112,2025-01-31T13:45:06,Placed Order,1
1671,2025-01-29T00:12:21,Unsubscribed,0
1161,2025-04-29T04:51:27,Viewed Product XYZ   ,0
318,2025-03-15T06:50:07,Clicked email to unsubscribe,0
1208,2025-03-18T13:04:12,Viewed Product.,0
61,2025-02-20T10:22:17,Clicked email to unsubscribe,0
3,2025-01-18T14:56:25,Clicked email to unsubscribe,1
551,2025-04-07T01:05:04,Blotout Viewed Product Xyz,0
1203,2025-04-26T07:08:29,Viewed Product XYZ   ,0
706,2025-02-19T22:08:01,Opened Email,0
2945,2025-04-28T08:31:48,Octane: Quiz Completed: Find The Perfect Eye Shadow   .,0
1718,2025-01-09T05:14:20,Placed Order,1
2533,2025-04-04T19:13:13,SMS Sent,0
998,2025-04-27T23:39:43,Clicked Email,0
917,2025-04-22T08:42:17,Clicked email link,0
2491,2025-03-30T15:41:42,Opened Email,0
2747,2025-04-15T03:26:08,Blotout Viewed Product Xyz,0
733,2025-02-19T07:45:38,Unsubscribed,1
1700,2025-04-22T20:40:17,SMS Delivered,0
17,2025-02-14T17:58:10,Viewed Product.,0
80,2025-04-09T16:13:06,Octane: Quiz Completed: Find The Perfect Eye Shadow   .,0
2287,2025-04-27T22:41:56,Active on Site,0
1455,2025-03-24T15:11:41,Viewed Product.,0
830,2025-04-28T06:21:52,Clicked Email,0
2178,2025-03-26T05:29:25,SMS Delivered,0
1283,2025-04-14T02:52:58,Clicked email link,0
2056,2025-02-22T23:25:57,Active on Site,0
688,2025-03-24T13:28:40,Order Placed,1
2953,2025-03-08T04:13:51,SMS Delivered,0
1131,2025-04-27T02:05:22,Black Crow Identified,0
1301,2025-01-22T17:46:27,Placed Order,1
2119,2025-02-04T13:20:25,Active on Site,0
1218,2025-01-22T12:43:23,Opened Email,0
2738,2025-03-27T00:40:55,SMS Sent,0
1133,2025-03-21T14:49:38,SMS Delivered,0
2356,2025-04-28T00:11:30,Clicked email to unsubscribe,0
459,2025-01-11T21:12:42,Viewed Product.,0
476,2025-04-02T00:27:24,Placed Order,1
1860,2025-04-19T18:49:04,Unsubscribed,0
569,2025-04-16T15:01:07,Active on Site,0
78,2025-03-07T10:41:23,SMS Sent,0
2010,2025-04-02T20:35:43,Unsubscribed,0
2997,2025-01-11T17:28:56,Clicked email link,0
1534,2025-02-18T08:41:03,Clicked Email,0
417,2025-03-08T14:59:48,SMS Sent,0
458,2025-02-02T09:00:29,Order Placed,1
930,2025-02-12T17:08:04,Clicked Email,0
2177,2025-03-19T10:28:29,Clicked email to unsubscribe,0
2032,2025-04-17T11:50:04,Viewed Product XYZ   ,0
1356,2025-01-02T13:19:01,Opened Email,0
368,2025-02-01T06:02:33,Clicked Email,0
321,2025-04-07T06:25:20,Email Open,0
1238,2025-01-06T22:15:08,SMS Delivered,0
2295,2025-01-31T18:24:23,Viewed Product XYZ   ,1
2172,2025-01-03T06:12:23,Blotout Viewed Product Xyz,0
2133,2025-01-02T23:01:19,SMS Sent,0
1138,2025-01-20T13:52:06,Placed Order,1
127,2025-04-03T19:15:44,Clicked email link,0
2775,2025-03-05T18:51:56,Viewed Product XYZ   ,0
2042,2025-01-27T18:15:04,Clicked email to unsubscribe,0
179,2025-01-05T09:06:47,Octane: Quiz Completed: Find The Perfect Eye Shadow   .,0
1228,2025-03-20T08:54:29,Viewed Product.,0
1671,2025-03-17T14:33:21,Clicked email to unsubscribe,0
391,2025-03-17T23:01:45,Clicked email to unsubscribe,0
2467,2025-03-16T07:57:01,SMS Delivered,0
1875,2025-01-15T09:24:49,Order Placed,1
491,2025-01-09T06:08:37,Email Open,0
1061,2025-04-11T06:52:22,Blotout Viewed Product Xyz,0
879,2025-02-03T09:40:59,Clicked email to unsubscribe,0
759,2025-04-11T21:32:37,Black Crow Identified,0
1578,2025-02-01T20:59:37,Black Crow Identified,0
2424,2025-01-21T18:24:18,Email Open,0
2678,2025-02-28T15:47:51,Active on Site,0
1395,2025-04-13T20:23:07,Clicked email to unsubscribe,0
552,2025-04-04T14:38:12,SMS Sent,0
1220,2025-04-22T14:32:54,SMS Sent,0
1171,2025-02-16T16:17:40,Placed Order,1
2232,2025-03-28T06:27:21,Unsubscribed,0
757,2025-01-15T03:26:47,Email Open,0
1636,2025-01-27T09:57:51,Placed Order,1
781,2025-01-10T21:14:29,SMS Delivered,0
2532,2025-01-10T17:35:37,Unsubscribed,0
2234,2025-04-15T04:01:20,Clicked Email,0
2729,2025-04-10T06:49:06,SMS Delivered,0
1976,2025-03-14T15:51:26,Viewed Product.,0
343,2025-01-13T18:11:10,Viewed Product.,0
2182,2025-04-14T09:04:28,Clicked email to unsubscribe,1
2969,2025-01-27T03:38:47,Email Open,0
1354,2025-04-16T20:19:12,Blotout Viewed Product Xyz,0
2676,2025-04-29T14:01:08,Clicked Email,0
2068,2025-03-08T16:30:53,Viewed Product.,0
2910,2025-04-20T08:48:58,Clicked email link,0
2746,2025-02-02T19:18:48,Placed Order,1
986,2025-02-11T09:09:46,Email Open,0
888,2025-02-10T19:11:04,Octane: Quiz Completed: Find The Perfect Eye Shadow   .,0
1899,2025-02-01T21:17:06,Viewed Product.,0
305,2025-02-23T11:07:17,Viewed Product.,0
688,2025-03-29T04:07:44,Black Crow Identified,0
2248,2025-04-24T11:55:54,Active on Site,0
2834,2025-02-02T07:51:39,Viewed Product.,0
2230,2025-04-11T20:41:26,Viewed Product.,0
1334,2025-01-11T19:17:54,Viewed Product XYZ   ,0
1685,2025-04-03T09:06:56,Opened Email,0
1094,2025-04-16T10:51:02,Blotout Viewed Product Xyz,0
1442,2025-03-17T13:03:54,Clicked email link,0
1873,2025-01-03T23:17:25,Clicked email to unsubscribe,0
2113,2025-01-11T23:45:52,Email Open,0
276,2025-01-25T08:36:03,Black Crow Identified,0
2055,2025-03-07T05:40:31,Unsubscribed,0
2930,2025-01-03T07:01:18,Octane: Quiz Completed: Find The Perfect Eye Shadow   .,0
1066,2025-03-15T13:24:49,Opened Email,0
82,2025-01-23T23:29:58,Clicked email link,0
1370,2025-01-19T13:38:35,Viewed Product.,0
1022,2025-03-20T13:32:21,SMS Delivered,0
2594,2025-03-05T16:14:24,Viewed Product.,0
755,2025-02-04T14:43:44,Order Placed,1
2793,2025-02-11T14:02:03,Black Crow Identified,0
1443,2025-04-23T05:02:34,Active on Site,0
2272,2025-01-10T02:00:51,Viewed Product.,0
502,2025-03-29T04:40:11,SMS Delivered,0
1217,2025-01-27T13:28:37,Black Crow Identified,0
2750,2025-04-14T06:57:36,Unsubscribed,0
751,2025-01-12T00:34:56,Clicked email to unsubscribe,0
2193,2025-01-31T22:57:24,Black Crow Identified,0
1766,2025-01-18T06:14:19,Active on Site,0
887,2025-04-17T10:28:39,Blotout Viewed Product Xyz,0
2193,2025-04-22T13:36:08,Clicked Email,0
1335,2025-03-03T13:31:17,Blotout Viewed Product Xyz,0
384,2025-02-20T03:24:39,SMS Sent,1
673,2025-04-06T07:22:40,Clicked Email,1
1396,2025-04-26T15:08:32,Unsubscribed,0
2204,2025-01-09T19:53:13,Active on Site,0
1172,2025-01-10T16:24:15,Placed Order,1
175,2025-02-14T20:05:45,Unsubscribed,0
2764,2025-03-10T21:46:50,Octane: Quiz Completed: Find The Perfect Eye Shadow   .,0
214,2025-04-18T11:56:52,Unsubscribed,0
2250,2025-02-12T15:51:23,Viewed Product.,1
888,2025-03-09T11:01:58,Active on Site,0
2324,2025-02-05T03:09:23,Active on Site,0
338,2025-04-08T21:29:13,Clicked Email,0
197,2025-04-06T15:59:37,Black Crow Identified,0
1618,2025-01-07T17:47:24,Viewed Product XYZ   ,0
1324,2025-02-04T20:49:18,Blotout Viewed Product Xyz,0
1592,2025-04-13T22:38:38,Octane: Quiz Completed: Find The Perfect Eye Shadow   .,0
2378,2025-03-25T19:40:02,Clicked email to unsubscribe,0
1847,2025-04-25T01:44:33,Clicked Email,0
511,2025-01-05T19:43:11,Clicked email to unsubscribe,0
1583,2025-03-05T05:49:49,Active on Site,0
2505,2025-01-28T01:25:20,Blotout Viewed Product Xyz,0
1918,2025-02-08T12:50:27,SMS Sent,1
1203,2025-04-29T08:00:18,Octane: Quiz Completed: Find The Perfect Eye Shadow   .,0
983,2025-01-21T00:01:54,Octane: Quiz Completed: Find The Perfect Eye Shadow   .,0
1436,2025-04-19T03:30:39,Clicked email to unsubscribe,1
337,2025-01-20T09:24:03,SMS Sent,0
658,2025-02-16T08:58:02,Clicked Email,0
533,2025-03-01T06:00:47,Order Placed,1
204,2025-04-26T01:52:33,SMS Sent,0
787,2025-04-12T09:55:48,Active on Site,0
1944,2025-02-07T21:40:30,SMS Delivered,0
2086,2025-04-07T18:49:10,Viewed Product.,0
2635,2025-03-23T19:53:01,Placed Order,1
27,2025-03-30T07:17:57,Order Placed,1
1150,2025-02-20T20:57:45,Black Crow Identified,0
1333,2025-01-04T23:23:45,Email Open,0
2284,2025-01-28T08:16:41,Opened Email,0
1724,2025-04-19T16:13:40,Black Crow Identified,0
982,2025-01-20T02:13:23,SMS Sent,0
963,2025-03-09T05:29:26,SMS Sent,0
1270,2025-01-14T13:24:43,SMS Delivered,0
201,2025-02-02T02:34:59,Viewed Product XYZ   ,0
137,2025-01-22T14:29:37,SMS Sent,0
1907,2025-02-20T23:55:20,Email Open,0
765,2025-01-20T09:09:55,SMS Delivered,0
2722,2025-02-09T18:54:29,Unsubscribed,0
2751,2025-03-27T01:22:31,Clicked Email,0
794,2025-02-05T17:56:10,Clicked email link,0
1886,2025-02-05T15:54:33,Clicked email link,0
2704,2025-04-30T22:00:11,Octane: Quiz Completed: Find The Perfect Eye Shadow   .,0
1513,2025-02-16T21:51:09,Order Placed,1
1315,2025-02-17T06:29:29,SMS Sent,0
187,2025-02-11T06:00:57,Black Crow Identified,0
786,2025-02-02T15:16:57,Placed Order,1
1348,2025-03-09T12:58:06,Viewed Product.,0
2422,2025-02-26T03:11:59,Clicked Email,0
2360,2025-01-03T16:40:50,SMS Delivered,1
2262,2025-03-12T09:40:09,Viewed Product XYZ   ,0
124,2025-03-31T17:54:29,Viewed Product XYZ   ,0
2069,2025-04-16T03:15:52,Black Crow Identified,0
1777,2025-04-20T10:26:04,SMS Delivered,0
1386,2025-04-17T06:38:14,Placed Order,1
2622,2025-04-19T04:53:51,SMS Delivered,0
2371,2025-02-20T03:08:53,Opened Email,0
1462,2025-04-24T21:30:48,Viewed Product XYZ   ,0
888,2025-03-28T09:51:29,Clicked email to unsubscribe,0
2723,2025-01-11T05:26:23,Viewed Product.,0
2342,2025-03-25T10:23:52,Blotout Viewed Product Xyz,0
2216,2025-03-03T07:35:38,Octane: Quiz Completed: Find The Perfect Eye Shadow   .,0
1364,2025-04-24T08:31:35,Clicked email to unsubscribe,0
530,2025-01-27T23:02:29,Clicked email to unsubscribe,0
2554,2025-02-17T17:19:30,Clicked email link,0
2291,2025-04-17T14:16:23,Active on Site,0
2545,2025-03-08T13:42:33,Blotout Viewed Product Xyz,0
2738,2025-02-22T18:57:34,Black Crow Identified,0
1616,2025-04-29T06:07:57,Black Crow Identified,1
1977,2025-01-12T00:06:10,Order Placed,1
1023,2025-03-17T01:53:16,Octane: Quiz Completed: Find The Perfect Eye Shadow   .,0
76,2025-04-10T02:07:31,Blotout Viewed Product Xyz,0
2437,2025-01-18T01:33:19,Unsubscribed,0
552,2025-02-16T19:59:50,Black Crow Identified,0
434,2025-01-20T02:04:06,Opened Email,0
984,2025-01-18T13:36:08,Active on Site,0
1294,2025-04-18T23:24:42,SMS Sent,0
2945,2025-03-24T12:38:01,Clicked email link,0
1354,2025-01-07T04:44:46,Clicked email link,0
16,2025-04-20T21:15:20,Opened Email,0
1339,2025-01-19T10:24:30,Unsubscribed,0
554,2025-03-15T23:43:06,Blotout Viewed Product Xyz,0
739,2025-02-22T09:07:33,Viewed Product XYZ   ,0
62,2025-01-02T09:23:44,Placed Order,1
2762,2025-02-14T21:51:03,Clicked email link,0
2916,2025-02-04T17:52:36,Email Open,0
2007,2025-02-20T12:45:05,Placed Order,1
2962,2025-03-03T14:21:06,Clicked Email,0
381,2025-03-27T05:13:46,Blotout Viewed Product Xyz,0
1192,2025-01-01T06:38:02,Black Crow Identified,0
1196,2025-02-03T16:48:21,Black Crow Identified,0
2952,2025-01-12T22:25:18,Viewed Product.,0
2013,2025-04-09T21:05:15,Viewed Product XYZ   ,0
1266,2025-02-12T17:33:23,Email Open,0
1516,2025-01-22T15:40:59,Order Placed,1
1557,2025-04-15T07:11:25,Email Open,0
2864,2025-04-11T11:39:08,Clicked email link,0
522,2025-01-10T21:46:41,Black Crow Identified,0
2236,2025-01-17T09:32:08,Viewed Product.,0
2801,2025-01-27T19:05:42,Clicked email link,0
2635,2025-03-08T18:15:14,Octane: Quiz Completed: Find The Perfect Eye Shadow   .,0
2802,2025-03-13T23:20:07,Viewed Product XYZ   ,0
1930,2025-01-15T18:10:43,Octane: Quiz Completed: Find The Perfect Eye Shadow   .,0
2817,2025-03-09T18:03:49,Black Crow Identified,0
871,2025-02-20T20:51:55,Order Placed,1
183,2025-01-18T14:18:29,Octane: Quiz Completed: Find The Perfect Eye Shadow   .,0
1844,2025-01-22T02:10:55,Unsubscribed,0
1639,2025-02-26T20:03:03,Black Crow Identified,0
495,2025-04-28T15:00:46,Blotout Viewed Product Xyz,0
261,2025-01-06T23:02:12,Email Open,0
2048,2025-02-05T04:34:53,SMS Sent,0
984,2025-04-25T09:05:04,SMS Delivered,0
210,2025-04-25T08:16:26,Active on Site,0
1702,2025-01-03T20:34:37,Viewed Product.,0
2102,2025-02-08T05:02:08,SMS Delivered,0
1619,2025-03-10T10:04:30,Active on Site,0
2805,2025-01-03T20:24:31,Blotout Viewed Product Xyz,0
585,2025-03-17T13:55:50,SMS Delivered,0
1647,2025-02-15T12:59:31,Black Crow Identified,0
171,2025-01-20T01:31:37,Clicked email link,0
1182,2025-03-26T00:00:51,SMS Delivered,1
1207,2025-04-23T05:19:09,Order Placed,1
1521,2025-04-14T15:01:36,Viewed Product XYZ   ,0
1318,2025-03-20T07:50:12,SMS Sent,0
2853,2025-01-10T20:00:35,Clicked email to unsubscribe,0
1894,2025-03-07T12:36:55,Order Placed,1
1916,2025-02-13T01:49:12,Viewed Product XYZ   ,0
1109,2025-04-20T11:54:19,Opened Email,0
2940,2025-03-06T21:14:59,Unsubscribed,0
223,2025-04-01T15:40:59,Viewed Product.,0
2222,2025-01-21T16:02:54,Unsubscribed,0
2677,2025-03-08T23:20:44,Blotout Viewed Product Xyz,0
1988,2025-02-12T22:44:49,Opened Email,0
1401,2025-04-12T12:05:30,Active on Site,0
2475,2025-01-26T15:25:44,Email Open,0
515,2025-03-14T12:11:19,Clicked email link,0
2051,2025-01-17T03:32:23,SMS Delivered,0
1061,2025-03-15T05:45:42,Viewed Product XYZ   ,0
264,2025-03-08T12:36:21,Clicked Email,0
18,2025-03-11T00:56:55,Octane: Quiz Completed: Find The Perfect Eye Shadow   .,0
2953,2025-02-25T23:10:43,Viewed Product XYZ   ,0
521,2025-03-03T02:21:39,SMS Delivered,0
845,2025-03-12T17:58:03,Octane: Quiz Completed: Find The Perfect Eye Shadow   .,0
2218,2025-01-28T04:56:53,Placed Order,1
2588,2025-02-02T14:07:06,Email Open,0
1207,2025-02-19T00:42:20,Unsubscribed,0
741,2025-03-30T19:24:57,Order Placed,1
152,2025-03-15T23:59:15,Active on Site,0
470,2025-01-29T17:42:15,Clicked email to unsubscribe,0
985,2025-01-27T17:42:02,SMS Sent,0
1672,2025-04-02T20:35:22,Viewed Product.,1
1655,2025-01-20T22:20:17,Active on Site,0
1973,2025-01-02T11:21:30,Unsubscribed,0
961,2025-01-02T07:52:41,Clicked email link,0
816,2025-03-19T08:41:09,Clicked Email,0
1712,2025-03-05T01:58:42,Viewed Product XYZ   ,0
2851,2025-04-01T19:51:08,Active on Site,0
139,2025-04-21T18:47:57,Viewed Product.,0
423,2025-01-21T00:33:27,SMS Sent,0
1709,2025-03-27T14:21:01,Viewed Product.,0
1928,2025-02-01T03:22:34,Viewed Product XYZ   ,0
1159,2025-03-12T01:05:18,SMS Delivered,0
602,2025-01-19T20:19:44,Black Crow Identified,0
1372,2025-04-21T16:24:29,Viewed Product.,0
672,2025-02-27T11:25:59,Viewed Product XYZ   ,1
95,2025-03-30T23:35:49,Black Crow Identified,0
1717,2025-04-08T01:41:12,Email Open,0
2200,2025-01-14T05:35:14,Clicked email to unsubscribe,0
2960,2025-03-09T05:30:47,SMS Sent,0
2771,2025-03-01T23:28:05,Placed Order,1
2313,2025-02-23T07:50:26,Blotout Viewed Product Xyz,0
1129,2025-02-01T14:00:55,SMS Delivered,0
1255,2025-03-06T07:21:35,Viewed Product.,0
2138,2025-01-03T06:14:10,Placed Order,1
1136,2025-04-23T13:44:48,Viewed Product XYZ   ,0
2269,2025-03-04T12:43:47,Viewed Product XYZ   ,0
2182,2025-03-30T02:22:15,Order Placed,1
2216,2025-02-25T18:19:53,Clicked email to unsubscribe,0
779,2025-04-04T10:32:11,Order Placed,1
2648,2025-03-01T22:32:38,Active on Site,0
2452,2025-01-29T11:19:39,SMS Sent,0
189,2025-02-22T03:11:59,Black Crow Identified,0
1007,2025-04-29T09:05:09,Order Placed,1
1899,2025-01-31T23:14:39,Email Open,0
534,2025-03-02T18:30:47,Clicked Email,0
307,2025-04-23T20:35:37,Blotout Viewed Product Xyz,0
1733,2025-01-02T09:58:43,Clicked email to unsubscribe,0
1272,2025-01-19T18:18:39,Clicked email link,0
2935,2025-04-08T10:22:28,Email Open,0
2392,2025-01-16T06:58:57,Viewed Product.,0
2616,2025-02-10T18:27:17,Blotout Viewed Product Xyz,0
2558,2025-01-16T20:14:49,Octane: Quiz Completed: Find The Perfect Eye Shadow   .,0
691,2025-04-13T06:46:22,Viewed Product XYZ   ,0
2208,2025-02-08T11:25:55,Unsubscribed,0
2596,2025-02-03T16:39:04,Clicked email to unsubscribe,0
2668,2025-04-23T16:01:34,Viewed Product.,0
675,2025-02-25T16:53:52,Viewed Product XYZ   ,0
1515,2025-01-05T07:37:28,Email Open,0
1067,2025-04-17T10:56:45,Blotout Viewed Product Xyz,0
2144,2025-02-10T15:40:21,Clicked Email,0
700,2025-01-11T03:39:28,Order Placed,1
1262,2025-02-05T03:25:54,Blotout Viewed Product Xyz,0
728,2025-04-21T19:00:33,Black Crow Identified,0
764,2025-03-25T05:51:01,Placed Order,1
1743,2025-04-10T20:43:13,Placed Order,1
71,2025-03-23T17:32:11,Octane: Quiz Completed: Find The Perfect Eye Shadow   .,0
2535,2025-03-11T03:57:14,Clicked Email,0
2081,2025-03-08T02:41:37,Viewed Product XYZ   ,0
1550,2025-04-19T08:46:02,Email Open,0
2953,2025-01-11T12:17:12,Viewed Product XYZ   ,0
735,2025-01-28T02:18:00,Unsubscribed,0
1013,2025-01-13T03:06:23,Active on Site,0
1129,2025-01-25T16:38:37,Email Open,0
2125,2025-03-17T07:10:42,Placed Order,1
2209,2025-03-31T09:19:24,SMS Sent,0
2515,2025-01-01T18:16:24,SMS Delivered,0
71,2025-02-18T11:27:21,Black Crow Identified,0
2740,2025-01-30T00:15:36,Clicked email to unsubscribe,0
461,2025-03-31T01:25:32,Viewed Product.,0
1536,2025-03-27T13:04:46,Clicked Email,0
735,2025-03-22T13:51:28,Viewed Product XYZ   ,0
1837,2025-04-04T14:13:28,Order Placed,1
2515,2025-02-08T13:27:37,Email Open,0
898,2025-01-22T13:49:58,SMS Sent,0
1366,2025-03-03T02:49:21,Unsubscribed,0
1934,2025-02-03T07:57:11,Viewed Product XYZ   ,0
666,2025-04-19T09:47:51,SMS Delivered,0
586,2025-03-19T01:24:39,Unsubscribed,0
1980,2025-04-30T05:45:16,Order Placed,1
2465,2025-03-01T04:17:35,Octane: Quiz Completed: Find The Perfect Eye Shadow   .,0
112,2025-03-22T14:21:27,Octane: Quiz Completed: Find The Perfect Eye Shadow   .,0
2207,2025-03-26T00:24:09,Black Crow Identified,0
988,2025-01-08T12:41:36,Email Open,0
2177,2025-01-18T17:22:22,Active on Site,0
333,2025-01-23T00:03:02,Clicked email to unsubscribe,0
2614,2025-03-06T08:36:20,Active on Site,0
1286,2025-04-14T22:12:25,Active on Site,0
850,2025-02-13T13:45:52,SMS Delivered,0
585,2025-03-11T02:07:54,Placed Order,1
2805,2025-03-27T19:36:46,Active on Site,0
2148,2025-04-13T18:28:55,Opened Email,0
2664,2025-02-18T07:43:35,SMS Delivered,0
2649,2025-04-08T09:30:39,Active on Site,0
1382,2025-02-19T07:05:21,Clicked email link,0
1978,2025-03-28T07:08:28,SMS Delivered,0
1183,2025-03-24T17:07:41,Clicked email to unsubscribe,0
93,2025-01-24T13:22:30,SMS Sent,0
906,2025-04-29T23:29:40,Black Crow Identified,0
489,2025-04-18T10:24:13,SMS Delivered,0
845,2025-01-27T20:48:06,Octane: Quiz Completed: Find The Perfect Eye Shadow   .,0
2812,2025-04-22T01:30:40,Blotout Viewed Product Xyz,0
1170,2025-01-15T09:31:51,Unsubscribed,0
1273,2025-01-21T09:28:00,SMS Sent,0
1997,2025-02-11T22:31:12,SMS Sent,1
1140,2025-02-20T18:54:46,Viewed Product.,0
1752,2025-03-12T17:38:18,Email Open,0
1868,2025-01-07T15:21:43,Black Crow Identified,0
1224,2025-01-27T21:23:33,Octane: Quiz Completed: Find The Perfect Eye Shadow   .,0
1523,2025-04-15T10:24:28,Black Crow Identified,1
117,2025-02-11T02:02:09,Viewed Product.,0
1493,2025-01-20T21:50:15,Clicked email to unsubscribe,0
1274,2025-04-24T14:45:14,Email Open,0
1671,2025-04-24T19:50:51,Clicked email link,0
1946,2025-01-10T20:16:26,Clicked email to unsubscribe,0
1484,2025-04-19T10:22:38,Order Placed,1
1845,2025-04-29T04:23:05,Clicked email to unsubscribe,0
652,2025-02-15T00:26:13,Clicked Email,0
1434,2025-04-17T09:05:59,Viewed Product XYZ   ,0
1228,2025-02-12T02:46:17,Order Placed,1
905,2025-01-17T03:05:55,Order Placed,1
1331,2025-01-21T12:11:45,Octane: Quiz Completed: Find The Perfect Eye Shadow   .,0
238,2025-03-08T22:23:10,Email Open,0
2156,2025-01-07T20:56:48,Placed Order,1
2004,2025-03-28T05:06:07,Placed Order,1
2322,2025-04-04T05:51:06,Black Crow Identified,0
726,2025-04-30T09:29:48,Opened Email,0
2290,2025-04-23T16:41:51,Active on Site,0
991,2025-01-21T00:30:23,Active on Site,0
88,2025-03-14T08:29:12,Clicked email to unsubscribe,0
2344,2025-02-14T14:18:19,Octane: Quiz Completed: Find The Perfect Eye Shadow   .,0
2579,2025-04-18T23:03:12,Viewed Product.,0
1377,2025-01-08T13:51:31,SMS Delivered,0
2137,2025-04-08T00:27:27,Viewed Product XYZ   ,0
897,2025-04-23T18:42:12,Viewed Product.,0
2841,2025-02-15T05:05:04,Black Crow Identified,0
2926,2025-04-11T11:28:33,Octane: Quiz Completed: Find The Perfect Eye Shadow   .,0
2136,2025-04-11T18:16:06,Clicked email link,0
106,2025-01-18T16:53:25,Unsubscribed,0
1529,2025-02-19T06:22:45,Email Open,0
2300,2025-02-18T07:10:08,Blotout Viewed Product Xyz,0
1780,2025-01-30T11:53:24,Opened Email,0
1862,2025-04-25T07:06:21,Unsubscribed,0
1366,2025-01-04T03:48:01,Unsubscribed,0
671,2025-04-19T13:55:56,Octane: Quiz Completed: Find The Perfect Eye Shadow   .,0
2810,2025-04-25T14:47:17,Viewed Product.,0
2981,2025-04-07T05:18:56,Unsubscribed,0
1695,2025-04-04T05:55:00,Unsubscribed,0
2893,2025-03-07T02:03:48,Clicked email link,0
185,2025-03-18T11:53:44,Email Open,0
2081,2025-01-03T06:41:33,Opened Email,0
1960,2025-01-30T07:25:22,SMS Sent,0
2133,2025-02-03T04:17:56,Placed Order,1
2527,2025-01-25T09:03:16,SMS Sent,0
1927,2025-01-13T05:05:33,Clicked email to unsubscribe,0
1757,2025-02-09T17:12:57,Clicked email link,0
1421,2025-01-14T05:00:58,SMS Delivered,0
207,2025-02-17T15:50:23,Viewed Product XYZ   ,0
918,2025-04-14T06:27:39,Clicked email to unsubscribe,0
2054,2025-03-24T00:11:51,Clicked Email,0
753,2025-03-18T16:09:43,Viewed Product XYZ   ,0
222,2025-03-16T01:55:22,Blotout Viewed Product Xyz,0
1299,2025-04-12T14:41:45,Clicked email link,0
2952,2025-02-17T09:22:39,Octane: Quiz Completed: Find The Perfect Eye Shadow   .,0
647,2025-02-12T08:34:04,SMS Delivered,0
442,2025-03-16T15:38:57,SMS Delivered,0
1637,2025-03-01T13:29:25,Viewed Product XYZ   ,0
385,2025-04-26T09:37:39,Octane: Quiz Completed: Find The Perfect Eye Shadow   .,0
1736,2025-02-15T21:59:31,Black Crow Identified,0
418,2025-03-10T02:48:20,Opened Email,0
1889,2025-01-12T20:57:51,SMS Delivered,0
2322,2025-03-21T16:37:46,Unsubscribed,0
2138,2025-04-04T06:37:23,Order Placed,1
2325,2025-01-21T16:13:13,Email Open,0
1303,2025-03-11T11:47:30,Unsubscribed,0
317,2025-03-23T05:46:07,Viewed Product XYZ   ,0
722,2025-01-07T12:50:19,Octane: Quiz Completed: Find The Perfect Eye Shadow   .,0
8,2025-01-19T18:04:18,Order Placed,1
2688,2025-03-14T17:20:16,Octane: Quiz Completed: Find The Perfect Eye Shadow   .,0
2587,2025-03-09T15:16:14,Clicked email link,0
2622,2025-01-20T07:33:11,Black Crow Identified,0
1980,2025-01-22T12:16:18,SMS Delivered,0
1179,2025-04-25T22:54:46,Email Open,1
569,2025-01-01T08:03:45,Octane: Quiz Completed: Find The Perfect Eye Shadow   .,0
2146,2025-02-17T17:29:42,Order Placed,1
1754,2025-04-17T08:54:31,Order Placed,1
1887,2025-03-07T01:49:46,Placed Order,1
1419,2025-02-05T03:28:28,Unsubscribed,0
1849,2025-02-05T22:23:42,Email Open,0
149,2025-04-06T06:53:41,Clicked Email,0
632,2025-02-03T13:29:42,SMS Sent,1
2084,2025-02-07T17:57:42,Clicked email link,0
914,2025-04-27T10:21:01,Opened Email,0
1581,2025-04-28T12:53:19,Opened Email,0
1124,2025-04-14T17:20:18,Black Crow Identified,0
1055,2025-04-09T14:56:29,Clicked email link,0
314,2025-04-07T19:01:40,Clicked email to unsubscribe,0
467,2025-02-16T01:11:43,SMS Sent,0
2648,2025-01-05T10:55:43,Clicked email link,0
909,2025-03-06T02:24:11,Email Open,0
1377,2025-03-03T13:44:35,SMS Sent,0
1885,2025-01-26T07:36:55,Clicked Email,0
1758,2025-01-19T11:17:58,Opened Email,0
1190,2025-04-18T07:27:45,Order Placed,1
2893,2025-03-19T20:42:10,Opened Email,0
537,2025-04-04T13:41:17,Viewed Product.,0
2377,2025-03-01T20:47:09,Octane: Quiz Completed: Find The Perfect Eye Shadow   .,0
380,2025-03-02T09:29:32,Order Placed,1
2603,2025-01-29T00:58:54,Opened Email,0
840,2025-02-19T12:49:37,Placed Order,1
2355,2025-02-09T02:49:29,SMS Delivered,0
519,2025-03-22T13:37:36,Clicked email link,0
1558,2025-01-25T23:10:17,SMS Delivered,0
1761,2025-02-16T10:25:56,Email Open,0
2295,2025-04-05T15:51:34,Order Placed,1
323,2025-04-21T11:32:53,Blotout Viewed Product Xyz,0
343,2025-04-18T17:18:15,Placed Order,1
2360,2025-02-26T05:37:08,SMS Sent,0
1280,2025-01-25T19:08:01,Order Placed,1
2703,2025-02-20T03:10:18,Clicked email to unsubscribe,0
1576,2025-04-27T23:34:04,Black Crow Identified,0
1365,2025-04-11T19:00:37,Viewed Product XYZ   ,0
2065,2025-02-24T04:15:44,Order Placed,1
666,2025-02-27T00:04:42,Clicked email link,0
2204,2025-02-16T10:25:02,Clicked email link,0
874,2025-02-03T03:39:09,SMS Sent,0
987,2025-03-27T15:02:09,Opened Email,0
947,2025-03-11T05:33:16,Viewed Product XYZ   ,0
1781,2025-04-24T20:24:50,Order Placed,1
2424,2025-03-31T16:17:13,Clicked email to unsubscribe,0
1212,2025-03-20T23:23:21,Clicked email to unsubscribe,0
584,2025-04-18T19:54:10,SMS Sent,0
2999,2025-02-08T09:12:46,SMS Sent,0
2543,2025-02-17T10:23:18,Octane: Quiz Completed: Find The Perfect Eye Shadow   .,0
593,2025-04-15T01:17:53,Viewed Product XYZ   ,0
144,2025-01-02T15:49:20,SMS Delivered,0
1079,2025-04-22T18:03:54,Black Crow Identified,0
1853,2025-04-30T15:29:19,Placed Order,1
1545,2025-04-03T17:37:56,SMS Delivered,0
1457,2025-01-18T05:22:51,Email Open,0
1139,2025-01-06T19:02:31,Viewed Product.,0
2417,2025-02-24T18:06:18,Black Crow Identified,0
2421,2025-02-23T03:47:27,Viewed Product XYZ   ,0
1361,2025-03-03T03:07:45,Opened Email,0
1261,2025-01-31T12:13:54,Clicked email link,0
1698,2025-01-31T02:57:58,SMS Delivered,0
2511,2025-03-23T18:21:06,Viewed Product XYZ   ,0
1956,2025-04-27T21:50:34,Octane: Quiz Completed: Find The Perfect Eye Shadow   .,0
1672,2025-01-14T23:10:16,Viewed Product.,0
703,2025-04-29T05:10:14,Black Crow Identified,0
1961,2025-03-06T18:47:57,Order Placed,1
2266,2025-03-29T12:20:50,Email Open,0
2251,2025-03-12T21:37:05,SMS Sent,0
2781,2025-03-14T09:38:27,SMS Sent,0
1158,2025-03-04T07:21:57,Unsubscribed,0
883,2025-02-07T00:49:48,Active on Site,0
2540,2025-01-25T09:18:02,Viewed Product XYZ   ,0
543,2025-02-22T14:44:46,Opened Email,0
2357,2025-03-30T22:33:42,Clicked email link,1
1862,2025-04-05T11:29:26,Octane: Quiz Completed: Find The Perfect Eye Shadow   .,1
1618,2025-03-01T23:23:10,Unsubscribed,0
79,2025-03-01T05:17:36,SMS Sent,0
1736,2025-03-07T02:24:59,Viewed Product XYZ   ,0
1512,2025-04-08T14:45:53,Clicked Email,0
2292,2025-03-10T02:48:10,Viewed Product.,0
1040,2025-01-10T22:16:21,SMS Delivered,0
2103,2025-04-02T03:42:31,Viewed Product XYZ   ,0
261,2025-03-20T05:09:29,Active on Site,0
1204,2025-04-12T23:23:10,Clicked email link,0
1083,2025-04-28T18:17:07,Black Crow Identified,0
2220,2025-01-12T01:32:42,Unsubscribed,0
687,2025-02-05T21:34:49,Opened Email,0
1018,2025-03-04T01:38:11,Black Crow Identified,0
839,2025-01-14T22:39:59,SMS Sent,0
1262,2025-01-30T11:45:35,Unsubscribed,0
410,2025-04-01T12:09:01,Blotout Viewed Product Xyz,0
948,2025-01-20T13:21:04,Blotout Viewed Product Xyz,0
2326,2025-02-06T16:20:04,SMS Delivered,0
247,2025-01-02T02:05:52,SMS Delivered,0
1103,2025-04-16T12:07:14,Opened Email,0
2613,2025-02-14T03:10:28,Clicked Email,0
2573,2025-02-25T14:38:44,Black Crow Identified,0
2834,2025-03-31T04:51:10,SMS Sent,0
1429,2025-03-19T06:26:49,Clicked Email,0
2122,2025-03-06T13:16:14,Order Placed,1
184,2025-03-17T04:05:38,SMS Delivered,0
2081,2025-02-08T13:40:32,Viewed Product.,0
1486,2025-03-16T07:56:34,Opened Email,0
1799,2025-03-24T05:31:56,Blotout Viewed Product Xyz,0
1371,2025-02-23T21:25:58,Active on Site,0
1558,2025-02-16T04:23:45,Clicked email to unsubscribe,0
2905,2025-04-12T05:27:26,SMS Sent,0
284,2025-04-26T06:28:41,Opened Email,0
102,2025-02-09T21:30:06,Viewed Product.,1
2267,2025-02-23T04:42:40,Black Crow Identified,0
880,2025-03-13T19:22:22,Blotout Viewed Product Xyz,0
2301,2025-01-19T04:31:11,Octane: Quiz Completed: Find The Perfect Eye Shadow   .,0
340,2025-03-30T03:17:13,Viewed Product.,0
1628,2025-04-08T18:09:08,SMS Sent,0
297,2025-03-06T13:58:51,Active on Site,0
507,2025-02-08T11:36:51,Opened Email,0
500,2025-03-06T09:16:21,Clicked Email,0
1837,2025-03-25T19:31:55,Clicked email to unsubscribe,0
419,2025-03-10T05:53:15,Placed Order,1
2303,2025-04-27T09:00:19,SMS Sent,0
1030,2025-03-16T03:21:56,Opened Email,0
112,2025-04-05T03:06:41,Clicked email link,0
1005,2025-01-22T13:30:40,Clicked email link,0
36,2025-02-26T18:19:57,Email Open,0
566,2025-04-20T16:53:06,Black Crow Identified,0
780,2025-03-06T02:54:09,Viewed Product.,0
337,2025-04-28T14:06:33,Blotout Viewed Product Xyz,0
119,2025-03-01T20:43:37,Clicked email to unsubscribe,0
1910,2025-03-06T22:29:50,Viewed Product XYZ   ,0
963,2025-01-24T15:03:05,Active on Site,0
1088,2025-02-20T09:08:35,SMS Delivered,0
2504,2025-04-05T08:59:25,SMS Sent,0
1025,2025-04-04T11:05:17,Clicked email to unsubscribe,0
2402,2025-02-01T20:34:00,SMS Sent,0
754,2025-03-05T14:37:15,Active on Site,0
1258,2025-03-13T07:08:42,Black Crow Identified,0
1120,2025-04-27T07:34:03,Active on Site,0
2332,2025-03-02T04:41:26,Viewed Product.,0
2727,2025-03-09T16:24:56,Clicked email to unsubscribe,0
1999,2025-02-26T07:39:16,Clicked email to unsubscribe,0
397,2025-02-10T15:58:09,Unsubscribed,0
2353,2025-03-14T09:15:07,Clicked Email,0
2244,2025-03-23T08:23:55,Clicked Email,0
2925,2025-01-03T09:25:09,Viewed Product.,0
2985,2025-03-03T11:01:42,Black Crow Identified,0
635,2025-01-05T14:46:33,Clicked Email,0
1358,2025-04-10T19:19:26,Active on Site,0
2297,2025-04-24T07:40:00,Octane: Quiz Completed: Find The Perfect Eye Shadow   .,0
357,2025-04-24T22:19:06,Unsubscribed,0
2706,2025-04-25T13:08:38,Blotout Viewed Product Xyz,0
793,2025-01-16T03:50:30,Active on Site,0
321,2025-03-23T21:30:41,Clicked email to unsubscribe,0
377,2025-02-12T02:58:00,Opened Email,0
2773,2025-02-04T08:00:56,Active on Site,0
1881,2025-02-18T10:20:29,Clicked email to unsubscribe,0
1768,2025-02-15T00:54:39,Clicked Email,0
2035,2025-03-18T19:49:35,Octane: Quiz Completed: Find The Perfect Eye Shadow   .,0
670,2025-01-06T11:58:32,Clicked Email,0
1475,2025-01-07T12:01:41,SMS Sent,0
781,2025-04-26T11:30:36,Placed Order,1
975,2025-03-03T16:02:35,SMS Sent,0
558,2025-04-25T23:24:28,Placed Order,1
83,2025-03-01T22:17:41,Blotout Viewed Product Xyz,0
2538,2025-03-01T03:40:43,Viewed Product.,0
652,2025-04-08T00:42:40,Unsubscribed,0
2974,2025-04-12T12:46:03,Blotout Viewed Product Xyz,0
1454,2025-01-19T07:00:35,Active on Site,0
2619,2025-02-04T07:39:23,SMS Delivered,0
2016,2025-03-04T14:39:14,Unsubscribed,0
1661,2025-03-06T05:07:51,Active on Site,0
671,2025-04-14T02:14:15,Active on Site,1
14,2025-04-19T09:13:45,SMS Sent,0
2583,2025-03-28T19:05:20,Black Crow Identified,1
1506,2025-01-13T08:32:25,Black Crow Identified,0
1244,2025-02-14T18:03:34,Placed Order,1
2804,2025-03-30T05:06:42,Clicked Email,0
2990,2025-04-28T06:24:38,Octane: Quiz Completed: Find The Perfect Eye Shadow   .,0
2203,2025-03-30T18:50:59,Order Placed,1
2193,2025-02-07T16:16:45,Opened Email,0
1734,2025-04-25T09:52:11,Active on Site,0
908,2025-03-31T19:42:27,Clicked email to unsubscribe,0
1915,2025-04-29T00:53:43,Viewed Product XYZ   ,0
1755,2025-02-20T08:20:48,SMS Sent,0
2717,2025-03-15T06:35:20,SMS Delivered,0
2908,2025-03-30T02:14:23,Placed Order,1
1172,2025-01-04T09:11:51,Placed Order,1
2246,2025-01-21T04:37:40,Black Crow Identified,0
343,2025-04-06T19:02:03,Opened Email,0
2571,2025-02-09T22:01:10,Active on Site,0
2215,2025-04-11T19:18:29,Blotout Viewed Product Xyz,0
2997,2025-03-13T23:41:47,SMS Delivered,0
1452,2025-02-18T09:29:12,Viewed Product.,0
823,2025-03-24T11:43:49,Order Placed,1
1909,2025-02-15T08:40:13,Clicked Email,1
9,2025-04-20T20:44:38,Email Open,0
1078,2025-04-11T12:33:25,Email Open,0
1827,2025-02-06T21:27:29,Octane: Quiz Completed: Find The Perfect Eye Shadow   .,0
136,2025-03-13T01:08:42,SMS Delivered,0
1584,2025-04-14T08:29:43,Octane: Quiz Completed: Find The Perfect Eye Shadow   .,0
371,2025-01-03T14:49:33,Viewed Product XYZ   ,0
1360,2025-03-03T00:53:13,Clicked email to unsubscribe,0
833,2025-02-27T16:20:10,Clicked Email,0
860,2025-01-03T11:15:45,Order Placed,1
2341,2025-03-13T07:18:28,SMS Sent,0
1066,2025-03-27T21:02:46,Octane: Quiz Completed: Find The Perfect Eye Shadow   .,0
1408,2025-01-07T11:08:23,Unsubscribed,0
767,2025-02-09T11:49:22,Black Crow Identified,0
7,2025-04-04T11:05:37,Email Open,0
2493,2025-02-20T03:05:19,Octane: Quiz Completed: Find The Perfect Eye Shadow   .,0
2561,2025-04-10T19:09:47,Viewed Product XYZ   ,0
1594,2025-01-26T03:04:20,Octane: Quiz Completed: Find The Perfect Eye Shadow   .,0
1854,2025-02-15T23:29:48,Order Placed,1
1593,2025-01-25T13:34:18,Unsubscribed,0
898,2025-02-05T02:39:46,Clicked email link,0
2011,2025-01-12T11:05:35,Placed Order,1
2041,2025-04-20T03:46:57,Email Open,0
1465,2025-02-22T12:39:04,Black Crow Identified,0
1593,2025-01-24T20:20:15,Email Open,0
1265,2025-02-16T23:46:53,Email Open,0
2634,2025-03-12T19:54:25,Clicked email to unsubscribe,0
1066,2025-03-08T11:18:52,Clicked email to unsubscribe,0
1155,2025-03-27T07:18:26,Clicked email to unsubscribe,0
2286,2025-01-11T14:09:04,Black Crow Identified,0
2386,2025-02-25T17:17:44,Order Placed,1
1043,2025-01-03T07:43:27,Octane: Quiz Completed: Find The Perfect Eye Shadow   .,0
736,2025-01-03T17:53:28,SMS Sent,0
1236,2025-01-26T12:54:21,Clicked email link,0
1586,2025-02-25T09:59:31,Active on Site,0
2774,2025-02-27T11:25:17,Blotout Viewed Product Xyz,0
1927,2025-04-27T18:33:45,Clicked Email,1
1022,2025-01-26T21:21:14,Viewed Product.,0
2179,2025-04-23T09:10:28,Active on Site,0
1184,2025-01-25T17:15:22,Opened Email,0
942,2025-02-08T09:01:54,Unsubscribed,0
65,2025-01-10T14:56:00,Opened Email,0
664,2025-02-24T17:42:29,Black Crow Identified,0
1075,2025-01-18T14:48:33,Placed Order,1
1107,2025-04-29T05:48:00,Email Open,0
1996,2025-02-02T03:27:54,Clicked Email,0
944,2025-03-30T06:32:46,Email Open,0
1402,2025-04-24T18:14:24,SMS Sent,0
1124,2025-02-13T19:58:28,Clicked email link,0
1287,2025-02-03T03:21:08,Viewed Product XYZ   ,0
1236,2025-01-10T14:01:25,SMS Delivered,0
2813,2025-02-23T06:02:16,Active on Site,0
1411,2025-03-11T11:32:06,Viewed Product.,0
2497,2025-04-17T04:24:27,Clicked email link,0
2889,2025-03-17T21:03:12,Clicked email to unsubscribe,0
890,2025-01-25T17:35:35,Clicked email to unsubscribe,0
2934,2025-03-07T13:24:43,Active on Site,0
727,2025-02-23T08:16:48,SMS Delivered,0
1389,2025-01-19T11:26:03,SMS Delivered,0
1572,2025-01-13T12:12:24,Email Open,0
2129,2025-01-26T08:50:27,Opened Email,0
249,2025-02-01T20:51:21,Clicked email to unsubscribe,0
2496,2025-01-30T10:36:39,Placed Order,1
568,2025-02-16T07:46:05,Viewed Product.,0
925,2025-01-07T00:22:22,Octane: Quiz Completed: Find The Perfect Eye Shadow   .,0
2794,2025-03-11T02:13:54,Placed Order,1
115,2025-04-18T16:55:49,Email Open,0
2304,2025-03-06T04:32:07,Blotout Viewed Product Xyz,0
686,2025-02-24T21:57:14,Viewed Product.,0
437,2025-04-21T02:31:20,Clicked email to unsubscribe,0
2368,2025-01-21T08:12:59,Octane: Quiz Completed: Find The Perfect Eye Shadow   .,0
2818,2025-04-05T23:48:22,Clicked email link,0
796,2025-02-06T17:52:12,Clicked Email,0
341,2025-02-23T15:18:35,Opened Email,0
2185,2025-02-26T23:20:46,Opened Email,0
749,2025-02-28T00:39:05,Black Crow Identified,0
205,2025-04-14T12:54:57,Opened Email,0
1113,2025-04-12T20:19:32,Viewed Product XYZ   ,1
1291,2025-03-29T21:48:58,Octane: Quiz Completed: Find The Perfect Eye Shadow   .,0
466,2025-01-14T21:11:36,Viewed Product.,0
2158,2025-04-12T22:00:50,Clicked email link,1
745,2025-01-14T21:17:58,Unsubscribed,0
787,2025-02-27T07:13:54,Email Open,0
528,2025-04-22T11:16:41,SMS Sent,0
1075,2025-01-04T09:37:23,Clicked email to unsubscribe,0
2657,2025-03-22T21:43:24,Active on Site,0
1767,2025-01-01T18:27:09,SMS Sent,0
2456,2025-01-22T04:43:39,Opened Email,0
527,2025-03-18T06:46:05,Opened Email,0
2741,2025-01-31T15:18:35,Placed Order,1
2802,2025-03-21T17:45:39,Viewed Product XYZ   ,1
965,2025-03-29T23:44:19,Blotout Viewed Product Xyz,1
2848,2025-02-28T17:17:56,Octane: Quiz Completed: Find The Perfect Eye Shadow   .,0
801,2025-01-25T22:11:03,Octane: Quiz Completed: Find The Perfect Eye Shadow   .,0
2516,2025-04-09T04:55:27,Order Placed,1
1514,2025-03-28T03:04:22,Octane: Quiz Completed: Find The Perfect Eye Shadow   .,0
2846,2025-01-18T19:53:22,Viewed Product XYZ   ,0
2361,2025-01-08T06:15:02,Unsubscribed,0
2284,2025-01-03T10:43:58,Black Crow Identified,0
2038,2025-01-11T18:25:25,Email Open,0
2423,2025-03-17T14:24:11,Clicked email to unsubscribe,1
1907,2025-01-18T14:42:00,Clicked Email,0
261,2025-04-27T02:58:49,Email Open,0
1471,2025-01-02T21:56:35,Order Placed,1
1482,2025-02-06T07:10:06,SMS Sent,0
1571,2025-03-25T20:14:14,SMS Delivered,0
2932,2025-04-24T22:59:12,SMS Sent,0
1029,2025-02-25T23:08:27,Opened Email,0
283,2025-03-30T23:33:20,Email Open,0
301,2025-02-23T20:15:16,SMS Delivered,0
1589,2025-02-03T23:21:28,Opened Email,0
482,2025-01-02T02:25:52,Unsubscribed,0
871,2025-03-15T13:33:34,Black Crow Identified,0
1395,2025-01-11T20:00:11,Clicked Email,0
2883,2025-02-13T23:20:29,Email Open,0
2435,2025-04-27T13:56:58,Viewed Product.,0
631,2025-02-06T23:17:13,SMS Delivered,0
2286,2025-02-21T06:33:10,Clicked email to unsubscribe,0
2805,2025-03-21T00:35:55,Placed Order,1
2388,2025-02-03T09:45:40,Black Crow Identified,0
927,2025-02-25T09:50:24,Blotout Viewed Product Xyz,0
7,2025-04-24T03:33:51,Placed Order,1
2587,2025-01-20T18:54:26,SMS Sent,0
2314,2025-04-23T18:14:40,Opened Email,0
148,2025-03-09T20:18:02,SMS Sent,0
1756,2025-04-10T04:03:47,Clicked email link,0
2009,2025-01-14T11:30:26,Email Open,1
2918,2025-03-30T00:15:08,SMS Sent,1
205,2025-01-19T11:12:09,Octane: Quiz Completed: Find The Perfect Eye Shadow   .,0
1690,2025-03-25T17:05:50,Email Open,0
987,2025-03-20T00:08:24,Octane: Quiz Completed: Find The Perfect Eye Shadow   .,0
1977,2025-03-31T17:22:04,Clicked email to unsubscribe,1
2700,2025-03-15T02:37:32,Clicked email to unsubscribe,0
1237,2025-01-28T20:43:53,Active on Site,0
434,2025-01-15T03:14:15,Active on Site,0
1214,2025-04-10T09:28:09,Order Placed,1
1405,2025-02-16T22:49:44,Unsubscribed,0
626,2025-02-17T22:09:54,Order Placed,1
2354,2025-02-03T18:22:26,Viewed Product.,1
1594,2025-01-17T22:12:42,Active on Site,0
827,2025-02-23T02:49:10,SMS Delivered,0
883,2025-02-12T08:22:07,Order Placed,1
1448,2025-04-21T20:21:04,Placed Order,1
2692,2025-01-16T00:47:30,Clicked email link,0
653,2025-04-23T14:59:07,SMS Delivered,0
2378,2025-02-15T12:23:15,Black Crow Identified,0
1712,2025-03-30T09:43:07,SMS Sent,0
508,2025-04-29T10:25:40,Black Crow Identified,0
745,2025-01-16T03:17:24,Viewed Product XYZ   ,0
1031,2025-01-21T20:59:44,Clicked email to unsubscribe,0
1275,2025-01-23T15:20:09,Clicked Email,0
2592,2025-04-09T19:30:44,Opened Email,0
1585,2025-03-05T18:17:47,Unsubscribed,1
2143,2025-04-06T19:59:35,Active on Site,0
2769,2025-02-02T06:03:10,Viewed Product.,0
2634,2025-01-11T08:36:07,SMS Delivered,0
1116,2025-01-11T00:02:40,Email Open,0
2011,2025-04-02T12:01:57,Black Crow Identified,0
11,2025-01-13T01:34:24,Placed Order,1
1319,2025-03-24T08:23:58,Order Placed,1
2072,2025-02-10T14:24:12,Email Open,0
2407,2025-03-14T11:01:58,Blotout Viewed Product Xyz,0
2186,2025-03-02T06:05:32,Blotout Viewed Product Xyz,0
2831,2025-02-24T15:11:42,Octane: Quiz Completed: Find The Perfect Eye Shadow   .,0
2515,2025-03-19T13:36:15,Black Crow Identified,0
2303,2025-04-16T23:46:58,Opened Email,0
2970,2025-04-01T08:43:20,Placed Order,1
8,2025-01-30T10:08:06,Active on Site,0
559,2025-02-25T14:29:13,Viewed Product XYZ   ,0
671,2025-03-08T06:50:31,Active on Site,0
1448,2025-03-23T17:45:55,SMS Delivered,0
1266,2025-04-23T03:31:04,Clicked Email,1
1868,2025-02-12T00:17:55,Viewed Product.,0
1807,2025-01-07T03:03:53,Unsubscribed,0
611,2025-01-14T07:01:54,Viewed Product XYZ   ,0
262,2025-01-25T13:57:06,Clicked email to unsubscribe,0
1449,2025-02-19T13:20:09,Email Open,0
2612,2025-03-16T03:01:48,Order Placed,1
1406,2025-02-26T22:57:25,SMS Delivered,0
566,2025-02-28T15:21:50,Opened Email,0
2658,2025-01-05T09:27:30,Unsubscribed,0
248,2025-04-07T19:49:09,Active on Site,0
332,2025-01-20T12:20:05,Email Open,0
127,2025-02-11T00:52:01,Blotout Viewed Product Xyz,0
1036,2025-03-03T00:39:57,Clicked email to unsubscribe,0
1172,2025-02-07T02:30:08,Viewed Product XYZ   ,0
264,2025-02-27T05:52:40,SMS Sent,0
2649,2025-02-14T14:07:07,Opened Email,0
387,2025-03-01T03:27:09,Clicked email link,0
547,2025-02-20T03:39:40,Blotout Viewed Product Xyz,0
899,2025-03-21T18:08:39,Email Open,0
1857,2025-04-17T17:46:15,Octane: Quiz Completed: Find The Perfect Eye Shadow   .,0
1241,2025-02-23T22:20:05,Clicked Email,0
853,2025-02-22T15:14:32,Placed Order,1
2910,2025-01-18T00:14:53,Clicked email link,0
2266,2025-01-25T04:18:10,Clicked email to unsubscribe,0
2748,2025-02-07T10:05:06,Clicked email to unsubscribe,0
1630,2025-03-02T01:44:02,Active on Site,1
1734,2025-01-03T14:19:47,Clicked email to unsubscribe,0
1683,2025-01-05T05:18:35,Blotout Viewed Product Xyz,0
1595,2025-01-08T14:06:09,Octane: Quiz Completed: Find The Perfect Eye Shadow   .,0
2222,2025-01-06T22:57:00,Active on Site,0
275,2025-04-10T16:07:54,Active on Site,0
1880,2025-01-05T03:55:04,Viewed Product XYZ   ,0
988,2025-03-25T07:54:06,Opened Email,0
630,2025-02-10T21:26:38,Placed Order,1
2344,2025-01-16T16:23:06,Clicked email to unsubscribe,0
2550,2025-02-21T02:02:53,Black Crow Identified,0
2846,2025-01-22T09:51:09,Viewed Product.,0
415,2025-01-31T07:32:48,SMS Sent,0
330,2025-03-10T12:46:01,Clicked Email,0
1443,2025-03-15T01:15:45,Blotout Viewed Product Xyz,0
2446,2025-04-14T14:00:55,Order Placed,1
1434,2025-02-23T11:08:52,Order Placed,1
1574,2025-01-08T07:54:13,Black Crow Identified,1
1292,2025-03-24T06:01:33,Order Placed,1
794,2025-04-18T11:36:31,Clicked email to unsubscribe,0
2522,2025-01-03T23:19:20,Clicked email to unsubscribe,0
2841,2025-04-08T20:11:25,Order Placed,1
464,2025-03-26T20:39:58,Order Placed,1
517,2025-02-25T04:56:03,Viewed Product.,0
2273,2025-03-20T13:00:04,SMS Delivered,0
864,2025-04-15T14:59:11,Clicked email to unsubscribe,0
177,2025-04-16T01:03:49,Blotout Viewed Product Xyz,0
1458,2025-02-16T09:15:35,Active on Site,0
588,2025-02-19T00:27:10,Viewed Product XYZ   ,0
1569,2025-03-06T13:11:09,Active on Site,0
2825,2025-04-19T18:21:59,Clicked email to unsubscribe,0
2068,2025-03-12T22:26:45,Email Open,0
608,2025-01-25T16:09:58,Clicked Email,0
84,2025-04-29T16:06:50,Viewed Product.,0
1482,2025-02-15T06:14:32,Order Placed,1
506,2025-01-31T05:48:04,SMS Delivered,0
517,2025-04-26T16:07:12,Clicked email link,0
1873,2025-02-22T08:08:58,Email Open,0
59,2025-03-20T11:48:07,SMS Sent,0
1915,2025-04-17T17:58:57,SMS Delivered,0
225,2025-02-02T12:34:20,SMS Sent,1
211,2025-01-11T18:09:27,Clicked email link,0
685,2025-02-15T08:19:57,Clicked email to unsubscribe,0
572,2025-03-27T12:35:22,Viewed Product.,0
1590,2025-02-19T09:30:16,Clicked Email,0
1353,2025-01-23T08:38:03,SMS Sent,0
2363,2025-01-16T12:52:33,Black Crow Identified,0
91,2025-04-10T23:12:12,Clicked email to unsubscribe,0
1069,2025-02-20T10:48:04,Clicked email link,0
1425,2025-03-20T20:44:39,Opened Email,0
142,2025-03-03T04:49:41,Order Placed,1
2375,2025-01-01T15:31:52,SMS Sent,0
2010,2025-03-11T00:06:14,Blotout Viewed Product Xyz,0
919,2025-04-21T17:07:23,Placed Order,1
291,2025-02-05T13:53:50,Active on Site,0
2500,2025-04-02T05:04:51,SMS Delivered,0
390,2025-02-13T16:30:08,Unsubscribed,0
2022,2025-04-22T20:44:33,Viewed Product.,0
1313,2025-04-17T23:45:39,Email Open,0
2701,2025-03-30T10:56:11,Viewed Product.,0
995,2025-04-05T02:08:56,Blotout Viewed Product Xyz,0
2053,2025-02-22T17:16:56,Black Crow Identified,0
1517,2025-03-04T13:34:13,Unsubscribed,0
1534,2025-02-26T22:46:40,Blotout Viewed Product Xyz,0
2356,2025-03-03T06:21:41,SMS Delivered,0
2680,2025-01-14T01:04:06,Viewed Product.,0
2870,2025-03-22T06:31:15,Order Placed,1
2602,2025-04-29T02:04:09,Unsubscribed,0
2425,2025-03-04T11:24:20,Email Open,0
2431,2025-01-05T00:48:47,Email Open,0
1259,2025-01-03T19:11:54,Opened Email,0
1771,2025-02-13T02:01:14,SMS Sent,0
2669,2025-02-17T09:48:46,Black Crow Identified,0
2158,2025-02-02T11:40:14,Black Crow Identified,0
1768,2025-03-29T03:03:27,Clicked Email,0
722,2025-04-06T08:45:05,Email Open,0
1083,2025-04-28T21:45:08,Opened Email,0
2498,2025-04-25T07:45:20,Clicked email link,0
2432,2025-02-09T16:38:55,Clicked email to unsubscribe,0
2919,2025-03-26T15:05:57,Clicked email to unsubscribe,0
1457,2025-02-05T20:40:04,Blotout Viewed Product Xyz,0
1211,2025-02-18T09:49:00,Viewed Product.,0
886,2025-04-29T05:06:38,Email Open,0
146,2025-04-08T09:09:15,SMS Sent,0
2878,2025-04-29T13:59:09,Clicked email to unsubscribe,0
2159,2025-04-28T10:45:17,SMS Sent,0
1827,2025-01-28T16:35:18,Order Placed,1
353,2025-02-25T08:42:08,Placed Order,1
1745,2025-01-02T21:47:15,Clicked email to unsubscribe,0
29,2025-03-09T17:00:07,Clicked email link,0
1460,2025-04-05T16:24:38,Placed Order,1
2923,2025-03-20T20:04:56,Active on Site,0
2209,2025-04-05T05:54:21,Opened Email,0
1442,2025-04-26T20:08:50,Clicked email link,0
1293,2025-04-30T04:21:52,Opened Email,0
1756,2025-04-17T01:39:37,Clicked email link,0
2348,2025-04-17T20:39:40,SMS Delivered,0
1140,2025-04-16T15:27:42,Clicked email link,0
922,2025-04-09T06:14:54,Viewed Product XYZ   ,0
2525,2025-04-29T14:46:57,SMS Delivered,0
214,2025-01-28T20:08:38,Placed Order,1
1228,2025-04-13T09:06:40,Clicked email link,0
1238,2025-03-23T02:14:05,Placed Order,1
987,2025-03-10T17:26:59,Email Open,0
1601,2025-02-05T02:53:38,Clicked email to unsubscribe,0
2178,2025-03-08T03:08:26,Clicked email link,1
524,2025-02-06T03:28:36,Blotout Viewed Product Xyz,0
2599,2025-01-05T13:17:14,Placed Order,1
1732,2025-02-24T12:57:45,Black Crow Identified,0
729,2025-02-04T01:58:38,Clicked email link,0
274,2025-02-05T00:06:13,Active on Site,0
922,2025-03-05T20:55:42,Email Open,0
2249,2025-02-10T15:23:39,Black Crow Identified,0
1790,2025-04-13T19:00:04,Active on Site,0
1545,2025-01-20T15:41:06,Black Crow Identified,0
1081,2025-02-20T15:35:51,Clicked Email,0
125,2025-01-25T04:31:28,Opened Email,0
2935,2025-01-24T19:57:41,Black Crow Identified,1
389,2025-02-03T10:47:47,Clicked email link,0
1954,2025-01-05T13:58:44,Viewed Product.,1
1820,2025-04-18T12:05:17,Viewed Product.,0
2114,2025-01-28T00:19:17,Order Placed,1
2303,2025-04-22T00:48:17,Black Crow Identified,0
2519,2025-04-13T21:23:48,Viewed Product.,0
790,2025-01-10T19:08:43,Placed Order,1
683,2025-04-01T22:35:35,Order Placed,1
871,2025-03-17T05:04:31,Viewed Product XYZ   ,0
1529,2025-04-02T03:28:44,Viewed Product.,0
623,2025-02-09T00:45:05,SMS Delivered,0
2433,2025-02-19T06:44:03,Black Crow Identified,0
434,2025-02-01T04:43:36,Active on Site,0
316,2025-03-13T20:50:59,Order Placed,1
2917,2025-01-05T01:05:50,Blotout Viewed Product Xyz,0
1926,2025-04-15T04:57:04,SMS Delivered,0
2596,2025-01-28T06:01:58,Order Placed,1
135,2025-04-02T17:26:36,Black Crow Identified,0
53,2025-03-30T13:24:14,Placed Order,1
2773,2025-01-04T07:50:05,Unsubscribed,1
2585,2025-02-09T03:46:35,Opened Email,0
1656,2025-01-09T06:30:15,SMS Delivered,0
23,2025-03-16T16:38:02,Email Open,0
34,2025-03-27T00:13:20,SMS Delivered,0
2489,2025-03-23T15:52:32,Unsubscribed,0
827,2025-04-01T00:49:51,SMS Sent,0
680,2025-04-14T01:22:05,Clicked Email,0
258,2025-03-16T00:53:33,Unsubscribed,0
1525,2025-02-13T17:08:59,Active on Site,0
2580,2025-04-14T05:42:15,Opened Email,0
1650,2025-04-01T00:00:19,Black Crow Identified,0
1983,2025-03-24T22:54:58,Viewed Product.,0
872,2025-04-20T13:17:54,Viewed Product XYZ   ,0
2998,2025-04-20T02:43:45,SMS Delivered,0
1619,2025-01-25T23:30:28,Active on Site,0
2961,2025-03-20T18:16:23,Black Crow Identified,0
1923,2025-01-23T15:19:17,Order Placed,1
1276,2025-03-11T18:23:25,Clicked Email,0
464,2025-04-20T20:19:17,Unsubscribed,0
494,2025-04-16T16:33:39,Clicked Email,0
2817,2025-01-13T07:49:43,Order Placed,1
2717,2025-01-02T06:44:48,Order Placed,1
508,2025-03-08T09:02:25,Opened Email,0
1649,2025-01-12T20:00:03,Clicked email to unsubscribe,0
1666,2025-03-15T19:03:24,Placed Order,1
778,2025-04-13T09:08:42,Order Placed,1
2633,2025-04-23T12:01:57,Black Crow Identified,0
1706,2025-01-23T13:46:09,Active on Site,0
2252,2025-03-18T22:49:42,SMS Delivered,0
911,2025-04-29T08:06:08,Viewed Product XYZ   ,0
559,2025-03-23T09:40:15,Active on Site,0
1094,2025-03-23T08:11:12,Blotout Viewed Product Xyz,0
1113,2025-04-06T11:22:13,Clicked Email,0
1621,2025-04-05T00:39:58,SMS Delivered,0
2309,2025-02-18T17:28:35,Active on Site,1
2757,2025-04-27T20:05:11,Blotout Viewed Product Xyz,0
2122,2025-01-12T02:15:45,Clicked Email,0
2159,2025-04-26T08:55:27,Opened Email,0
2102,2025-04-12T20:47:10,Clicked Email,0
2234,2025-01-07T01:25:09,Unsubscribed,0
1473,2025-01-04T02:39:27,Viewed Product.,1
1699,2025-01-04T05:21:17,Octane: Quiz Completed: Find The Perfect Eye Shadow   .,0
1800,2025-03-26T16:08:57,Active on Site,0
1304,2025-02-14T21:18:48,Clicked email link,0
2740,2025-02-23T23:13:25,SMS Sent,0
25,2025-04-10T17:52:17,Clicked email link,0
1252,2025-01-27T09:35:09,Clicked email to unsubscribe,0
185,2025-03-28T03:20:03,Email Open,0
906,2025-02-21T17:11:19,Placed Order,1
986,2025-01-21T03:32:55,Viewed Product XYZ   ,0
2841,2025-01-02T21:28:01,Blotout Viewed Product Xyz,0
1490,2025-01-06T17:11:17,Blotout Viewed Product Xyz,0
2777,2025-04-29T00:28:43,SMS Delivered,0
2297,2025-01-03T20:19:54,Order Placed,1
2446,2025-04-16T19:41:00,Order Placed,1
2812,2025-03-28T15:16:13,SMS Sent,0
2172,2025-01-25T11:42:42,SMS Delivered,0
1203,2025-01-26T14:53:18,Clicked email to unsubscribe,0
2048,2025-01-20T19:52:14,Active on Site,0
1269,2025-04-10T13:41:03,Octane: Quiz Completed: Find The Perfect Eye Shadow   .,0
1908,2025-02-26T13:53:45,Blotout Viewed Product Xyz,0
648,2025-04-27T19:45:26,Clicked Email,0
786,2025-01-19T17:36:42,Active on Site,0
1794,2025-02-19T00:12:55,Opened Email,0
2368,2025-04-27T05:35:22,Black Crow Identified,0
1329,2025-04-18T08:45:15,SMS Delivered,0
1690,2025-01-28T04:20:21,SMS Sent,0
520,2025-01-31T20:41:55,Viewed Product.,0
1339,2025-04-07T10:42:24,Clicked email to unsubscribe,0
2618,2025-02-07T21:55:18,Viewed Product.,0
219,2025-04-22T15:28:16,Octane: Quiz Completed: Find The Perfect Eye Shadow   .,0
2330,2025-03-05T18:21:32,Clicked email to unsubscribe,0
1143,2025-04-28T12:27:50,Email Open,0
1292,2025-01-18T01:41:03,Email Open,0
242,2025-03-15T01:10:42,Clicked email link,1
201,2025-01-03T11:05:22,Blotout Viewed Product Xyz,0
38,2025-04-26T06:51:52,Blotout Viewed Product Xyz,0
2165,2025-03-29T18:31:37,Email Open,0
421,2025-04-12T10:43:36,Viewed Product XYZ   ,0
366,2025-01-29T02:18:07,Octane: Quiz Completed: Find The Perfect Eye Shadow   .,0
2442,2025-03-07T14:16:34,Clicked Email,0
1676,2025-03-11T00:59:49,Viewed Product.,0
542,2025-03-08T23:13:00,Email Open,0
263,2025-01-07T16:25:03,SMS Sent,0
2821,2025-01-06T14:08:01,Unsubscribed,0
460,2025-03-05T01:04:44,Viewed Product.,0
617,2025-03-07T11:30:42,Unsubscribed,0
1461,2025-01-29T22:12:05,Active on Site,0
360,2025-02-21T01:30:59,Active on Site,0
2563,2025-04-23T04:58:49,Blotout Viewed Product Xyz,0
1759,2025-04-30T11:39:04,Octane: Quiz Completed: Find The Perfect Eye Shadow   .,0
2630,2025-04-21T07:51:27,Clicked email to unsubscribe,0
1310,2025-02-14T14:57:25,Viewed Product XYZ   ,0
599,2025-04-19T06:56:28,Blotout Viewed Product Xyz,0
2125,2025-01-11T07:40:08,Blotout Viewed Product Xyz,0
2645,2025-03-12T22:38:25,Viewed Product XYZ   ,0
1211,2025-04-14T10:51:43,Clicked email to unsubscribe,0
1390,2025-02-24T14:54:30,Viewed Product.,0
1047,2025-03-26T02:21:46,Clicked email link,0
462,2025-02-04T05:07:57,Active on Site,0
2822,2025-04-15T21:18:32,SMS Sent,0
2830,2025-03-03T17:47:02,Placed Order,1
262,2025-01-17T12:29:20,Octane: Quiz Completed: Find The Perfect Eye Shadow   .,0
2081,2025-03-19T06:39:55,Active on Site,0
1679,2025-04-10T17:22:53,Octane: Quiz Completed: Find The Perfect Eye Shadow   .,0
2785,2025-01-06T13:41:47,Clicked email link,0
2903,2025-03-05T07:25:22,Opened Email,0
65,2025-01-02T16:43:03,Placed Order,1
2473,2025-03-31T14:33:24,Order Placed,1
2411,2025-03-11T09:03:03,Viewed Product.,0
1931,2025-03-26T07:13:11,Clicked email to unsubscribe,0
2770,2025-03-29T17:51:02,Blotout Viewed Product Xyz,0
391,2025-03-14T14:03:09,Placed Order,1
2809,2025-04-11T00:02:53,SMS Delivered,0
9,2025-01-11T15:34:05,Clicked email to unsubscribe,0
298,2025-02-11T05:25:05,Blotout Viewed Product Xyz,0
1354,2025-01-10T01:57:38,Viewed Product.,0
1853,2025-02-17T00:07:07,Email Open,1
1052,2025-02-20T01:02:26,Blotout Viewed Product Xyz,0
2700,2025-02-28T20:28:04,Active on Site,0
2612,2025-02-08T21:13:43,Order Placed,1
2739,2025-01-26T03:04:21,Blotout Viewed Product Xyz,0
2924,2025-01-14T20:45:07,Viewed Product.,0
2043,2025-02-05T19:05:09,Active on Site,0
283,2025-02-08T00:22:37,Opened Email,0
1305,2025-03-15T05:29:18,Placed Order,1
810,2025-02-18T09:39:27,Clicked email to unsubscribe,0
2254,2025-04-28T17:58:33,Placed Order,1
2462,2025-02-27T21:08:35,SMS Sent,0
2431,2025-04-28T22:29:36,SMS Sent,0
813,2025-02-07T14:19:58,Email Open,0
2367,2025-01-22T22:28:25,Black Crow Identified,0
1638,2025-04-28T22:32:26,Active on Site,0
172,2025-03-26T15:18:32,Octane: Quiz Completed: Find The Perfect Eye Shadow   .,0
730,2025-03-23T04:04:29,Order Placed,1
1790,2025-02-09T12:23:12,Active on Site,0
1394,2025-02-25T09:41:11,Octane: Quiz Completed: Find The Perfect Eye Shadow   .,0
1255,2025-04-13T03:53:09,Email Open,0
549,2025-04-06T23:43:59,Clicked email link,0
2241,2025-01-23T18:37:38,Black Crow Identified,0
1427,2025-02-04T21:01:52,Blotout Viewed Product Xyz,0
2266,2025-01-25T02:02:20,Clicked Email,0
2708,2025-02-24T11:01:16,Black Crow Identified,0
764,2025-04-08T14:20:13,Octane: Quiz Completed: Find The Perfect Eye Shadow   .,0
1586,2025-04-22T18:24:30,Opened Email,0
2464,2025-03-15T12:32:22,Viewed Product XYZ   ,1
729,2025-04-29T02:47:15,Octane: Quiz Completed: Find The Perfect Eye Shadow   .,0
1580,2025-02-25T21:41:09,Clicked Email,0
2439,2025-03-05T10:25:27,Octane: Quiz Completed: Find The Perfect Eye Shadow   .,0
1080,2025-02-01T10:48:04,Clicked email to unsubscribe,0
564,2025-03-02T05:50:47,Clicked Email,0
2222,2025-04-05T02:18:46,Active on Site,0
608,2025-03-30T08:07:52,Clicked Email,0
2801,2025-03-27T14:32:48,Order Placed,1
2062,2025-02-23T02:05:25,Clicked Email,0
2871,2025-02-12T18:37:29,Viewed Product.,0
1840,2025-01-01T04:23:51,Black Crow Identified,0
929,2025-02-13T19:41:02,Clicked email link,0
2876,2025-03-16T01:12:04,Unsubscribed,0
138,2025-04-20T20:30:42,Clicked Email,0
590,2025-04-12T05:45:39,Order Placed,1
987,2025-02-14T09:49:36,Unsubscribed,0
314,2025-01-20T12:48:24,Clicked Email,0
1338,2025-03-24T21:25:55,Order Placed,1
32,2025-01-21T01:05:49,Opened Email,0
2680,2025-01-11T19:51:03,Clicked Email,0
2447,2025-02-03T22:50:01,SMS Delivered,0
2871,2025-01-10T09:56:11,Viewed Product XYZ   ,0
984,2025-04-27T05:02:38,Clicked Email,1
1456,2025-04-10T10:10:57,Active on Site,0
578,2025-04-23T00:13:59,Viewed Product XYZ   ,0
639,2025-02-14T17:47:34,Octane: Quiz Completed: Find The Perfect Eye Shadow   .,0
2465,2025-02-25T04:47:23,Order Placed,1
1903,2025-01-12T09:42:02,Clicked Email,0
2841,2025-03-14T20:02:24,Active on Site,0
1495,2025-03-06T03:25:09,Viewed Product.,0
532,2025-03-20T12:37:36,SMS Delivered,0
770,2025-04-23T07:41:12,Email Open,0
1965,2025-04-18T02:27:20,Order Placed,1
1651,2025-04-30T19:44:09,Black Crow Identified,0
1869,2025-04-05T08:42:25,Clicked email link,0
1911,2025-01-28T23:42:58,Unsubscribed,0
299,2025-04-14T18:06:15,SMS Delivered,0
257,2025-02-28T18:30:08,Order Placed,1
1656,2025-03-06T21:04:36,Opened Email,0
1544,2025-03-27T10:58:25,Placed Order,1
344,2025-01-19T05:35:16,Email Open,0
1705,2025-03-13T17:17:30,Viewed Product.,0
188,2025-04-04T19:36:34,SMS Delivered,0
1427,2025-04-19T21:24:31,Unsubscribed,0
10,2025-03-16T13:27:51,Opened Email,0
1605,2025-01-17T09:40:04,Placed Order,1
1076,2025-02-16T21:21:15,Unsubscribed,0
1693,2025-01-05T16:53:48,SMS Delivered,0
579,2025-02-12T05:30:46,Viewed Product.,0
288,2025-02-13T21:56:05,Viewed Product XYZ   ,0
2063,2025-04-14T11:30:39,Octane: Quiz Completed: Find The Perfect Eye Shadow   .,0
859,2025-04-27T03:33:56,Viewed Product XYZ   ,0
1621,2025-03-12T02:28:44,Unsubscribed,0
2618,2025-04-23T18:11:20,Blotout Viewed Product Xyz,0
2135,2025-03-14T12:28:31,SMS Delivered,0
2161,2025-01-17T09:29:20,SMS Sent,0
1636,2025-04-16T12:28:15,Clicked email to unsubscribe,0
2806,2025-02-03T00:14:13,Clicked email link,0
2217,2025-03-23T00:47:35,Clicked email link,0
2090,2025-02-11T18:04:55,Order Placed,1
2154,2025-01-30T01:28:33,Blotout Viewed Product Xyz,0
1505,2025-03-26T08:08:32,Active on Site,1
2346,2025-04-02T05:46:46,Clicked email to unsubscribe,0
2585,2025-04-06T19:01:56,Clicked email link,0
2098,2025-03-24T18:50:25,Blotout Viewed Product Xyz,0
1467,2025-04-30T16:23:43,Viewed Product.,0
262,2025-01-18T13:39:44,Black Crow Identified,0
1156,2025-03-12T14:41:22,Placed Order,1
2565,2025-04-01T07:17:12,Black Crow Identified,0
605,2025-03-25T19:14:23,SMS Delivered,0
2150,2025-03-14T21:52:07,Clicked email to unsubscribe,0
2447,2025-04-29T06:15:19,Clicked Email,0
1936,2025-01-31T08:45:06,Active on Site,0
509,2025-01-24T10:30:46,SMS Delivered,0
1404,2025-02-01T09:19:37,Active on Site,0
1908,2025-04-23T12:58:13,Black Crow Identified,0
2836,2025-03-09T23:21:17,Octane: Quiz Completed: Find The Perfect Eye Shadow   .,0
1500,2025-02-09T20:33:36,Email Open,0
574,2025-03-22T21:00:29,Clicked email link,0
2705,2025-03-14T12:01:40,Black Crow Identified,0
301,2025-04-05T19:29:13,SMS Delivered,1
836,2025-02-26T07:34:27,Active on Site,0
2387,2025-01-31T12:47:37,Black Crow Identified,0
618,2025-03-14T17:02:18,SMS Delivered,0
468,2025-04-16T18:42:52,Active on Site,0
286,2025-03-08T09:45:55,Email Open,0
1600,2025-01-22T07:10:49,Black Crow Identified,0
1327,2025-02-23T04:30:27,Blotout Viewed Product Xyz,1
1051,2025-03-01T10:06:41,Placed Order,1
693,2025-02-15T16:38:01,Viewed Product.,0
82,2025-03-17T14:22:21,SMS Delivered,0
2389,2025-04-09T10:52:38,SMS Delivered,0
2715,2025-04-29T01:27:27,SMS Sent,0
778,2025-01-30T04:53:21,Black Crow Identified,0
2826,2025-01-17T14:06:53,SMS Delivered,0
2333,2025-03-09T23:10:53,Clicked email link,0
1967,2025-03-11T09:47:49,Active on Site,0
2832,2025-03-20T00:55:42,Order Placed,1
1526,2025-02-17T16:55:31,Clicked Email,0
1571,2025-04-30T01:38:15,Opened Email,0
1245,2025-03-26T06:43:43,SMS Sent,0
81,2025-03-14T04:15:26,Viewed Product.,0
187,2025-02-02T12:59:54,Opened Email,0
822,2025-04-13T04:20:34,Unsubscribed,0
1886,2025-01-26T15:02:21,Opened Email,0
1005,2025-01-07T03:11:57,SMS Sent,0
1476,2025-04-09T23:26:29,Clicked Email,0
2366,2025-03-04T04:23:46,SMS Delivered,0
1613,2025-03-12T14:38:02,Email Open,0
1237,2025-03-22T01:54:11,Opened Email,0
2841,2025-02-03T18:14:11,SMS Sent,0
2003,2025-04-22T08:09:27,Unsubscribed,0
2949,2025-02-08T19:28:25,Viewed Product XYZ   ,0
2840,2025-03-22T00:37:21,Blotout Viewed Product Xyz,0
2410,2025-03-04T22:09:42,Clicked email to unsubscribe,0
2011,2025-01-25T03:13:01,Clicked email to unsubscribe,0
514,2025-04-25T20:47:40,Email Open,0
1129,2025-03-14T08:13:41,Order Placed,1
2974,2025-02-08T10:58:22,Octane: Quiz Completed: Find The Perfect Eye Shadow   .,0
53,2025-03-26T23:25:25,Active on Site,0
677,2025-04-09T12:41:35,Viewed Product XYZ   ,0
269,2025-02-14T10:16:11,Viewed Product XYZ   ,0
2272,2025-03-07T01:02:42,Clicked email link,0
2700,2025-02-05T10:20:52,Placed Order,1
633,2025-02-28T07:33:48,Clicked Email,0
2166,2025-04-11T03:54:45,Black Crow Identified,0
2449,2025-03-03T09:07:55,Active on Site,0
2033,2025-03-02T18:48:30,SMS Sent,0
2127,2025-03-21T02:05:13,Order Placed,1
2175,2025-02-12T10:02:28,Opened Email,0
1411,2025-03-03T01:23:31,SMS Delivered,0
1808,2025-04-02T04:01:18,SMS Sent,0
1453,2025-04-09T22:34:52,Clicked email link,0
1009,2025-03-26T16:11:40,Placed Order,1
1433,2025-03-19T06:22:31,Placed Order,1
1751,2025-04-28T09:47:49,Clicked email to unsubscribe,0
1208,2025-01-07T19:58:30,Viewed Product.,0
301,2025-01-04T15:08:11,Opened Email,0
1363,2025-02-10T07:44:25,Black Crow Identified,0
42,2025-04-12T13:15:18,Active on Site,0
2531,2025-01-10T07:45:41,Black Crow Identified,0
2234,2025-02-20T09:35:37,Placed Order,1
283,2025-03-20T23:12:18,Clicked email to unsubscribe,0
2449,2025-03-30T15:04:41,Email Open,0
1082,2025-01-19T14:15:35,Blotout Viewed Product Xyz,0
747,2025-03-27T09:30:17,Clicked Email,0
2059,2025-01-15T11:14:07,Clicked email link,0
373,2025-02-28T03:36:57,Blotout Viewed Product Xyz,0
1380,2025-01-25T14:00:46,Placed Order,1
1574,2025-03-09T04:55:37,Viewed Product.,0
717,2025-01-25T00:45:13,Octane: Quiz Completed: Find The Perfect Eye Shadow   .,0
947,2025-03-09T01:10:04,Octane: Quiz Completed: Find The Perfect Eye Shadow   .,0
330,2025-01-20T13:05:37,Opened Email,0
495,2025-01-16T23:44:04,Octane: Quiz Completed: Find The Perfect Eye Shadow   .,0
9,2025-03-18T18:00:53,Octane: Quiz Completed: Find The Perfect Eye Shadow   .,0
97,2025-01-16T22:10:07,Black Crow Identified,0
1132,2025-01-29T23:33:14,SMS Sent,0
2601,2025-01-13T17:56:34,Viewed Product XYZ   ,0
1276,2025-03-04T13:40:41,Email Open,1
1008,2025-04-24T17:09:32,Viewed Product.,0
2414,2025-02-25T11:54:24,Viewed Product XYZ   ,0
2610,2025-02-02T19:51:12,Order Placed,1
1426,2025-01-06T00:53:54,Order Placed,1
1610,2025-04-29T23:22:55,Clicked email to unsubscribe,0
844,2025-02-17T22:54:44,Octane: Quiz Completed: Find The Perfect Eye Shadow   .,1
373,2025-02-03T07:15:14,Viewed Product XYZ   ,0
2685,2025-01-30T09:03:39,Viewed Product.,0
1105,2025-01-04T00:12:11,Placed Order,1
660,2025-04-09T19:33:43,Clicked email to unsubscribe,0
136,2025-03-07T01:50:56,Unsubscribed,0
8,2025-02-19T04:22:50,Clicked email to unsubscribe,0
1962,2025-03-03T20:43:23,Black Crow Identified,0
2628,2025-02-22T12:22:44,Clicked email link,0
1766,2025-01-08T05:30:48,Order Placed,1
708,2025-03-30T22:15:23,Viewed Product.,0
1215,2025-02-01T11:50:39,Placed Order,1
2462,2025-01-19T16:18:36,Clicked email link,0
1905,2025-03-29T08:20:36,Clicked email link,0
310,2025-04-06T20:39:12,Octane: Quiz Completed: Find The Perfect Eye Shadow   .,0
2007,2025-02-26T04:57:15,Order Placed,1
1173,2025-04-10T23:53:14,Clicked email to unsubscribe,0
2823,2025-01-30T12:02:20,Viewed Product.,0
458,2025-01-10T11:51:38,Black Crow Identified,1
126,2025-01-19T07:03:38,Viewed Product.,0
2292,2025-03-14T10:14:57,SMS Delivered,0
2809,2025-03-30T17:26:11,Clicked email link,0
2806,2025-04-01T17:02:36,Octane: Quiz Completed: Find The Perfect Eye Shadow   .,0
1236,2025-03-29T23:06:52,Email Open,0
627,2025-04-14T21:01:34,Viewed Product XYZ   ,0
1981,2025-03-25T10:07:50,Clicked email to unsubscribe,0
137,2025-04-15T19:03:35,Clicked Email,0
2522,2025-02-18T19:44:38,SMS Delivered,0
656,2025-03-14T10:19:43,Clicked email to unsubscribe,0
152,2025-02-09T11:18:25,Placed Order,1
984,2025-01-16T10:40:44,Order Placed,1
2533,2025-01-23T14:44:16,Viewed Product XYZ   ,0
2213,2025-03-16T18:16:03,Clicked email link,0
1707,2025-02-22T13:50:34,Clicked Email,0
2871,2025-03-09T19:03:35,Email Open,0
715,2025-03-22T05:55:53,Clicked Email,0
2712,2025-03-21T13:14:44,Clicked email link,0
2567,2025-03-14T07:05:29,Octane: Quiz Completed: Find The Perfect Eye Shadow   .,0
1063,2025-04-11T20:52:42,SMS Delivered,0
2587,2025-02-06T19:10:48,Black Crow Identified,0
16,2025-02-01T15:47:49,Opened Email,0
1418,2025-01-27T10:15:53,Opened Email,0
1056,2025-04-30T18:25:42,Viewed Product XYZ   ,0
1509,2025-02-05T17:47:33,Octane: Quiz Completed: Find The Perfect Eye Shadow   .,0
1792,2025-02-04T14:31:26,Opened Email,0
2519,2025-02-21T08:42:36,Clicked email to unsubscribe,0
370,2025-03-10T01:01:48,Email Open,0
1186,2025-01-09T14:02:20,Clicked email to unsubscribe,0
1133,2025-02-25T00:09:41,Octane: Quiz Completed: Find The Perfect Eye Shadow   .,0
985,2025-02-19T11:54:22,Clicked email to unsubscribe,0
445,2025-02-01T11:36:40,Black Crow Identified,0
1875,2025-02-13T00:20:23,Viewed Product.,0
313,2025-03-07T14:44:27,Black Crow Identified,0
817,2025-04-24T15:51:34,Unsubscribed,0
2537,2025-02-08T14:22:17,Blotout Viewed Product Xyz,0
1388,2025-02-08T16:20:55,Octane: Quiz Completed: Find The Perfect Eye Shadow   .,0
2794,2025-04-13T18:27:17,SMS Sent,0
2013,2025-03-12T17:45:58,Unsubscribed,0
288,2025-01-20T19:58:48,SMS Delivered,0
64,2025-02-12T23:34:49,Clicked email to unsubscribe,0
358,2025-04-13T11:14:30,Clicked email to unsubscribe,0
1775,2025-04-23T08:07:23,Opened Email,0
2657,2025-01-15T03:00:54,Viewed Product XYZ   ,0
1282,2025-01-16T19:12:14,Email Open,0
174,2025-04-27T12:29:38,Viewed Product XYZ   ,0
1433,2025-04-12T05:25:07,Opened Email,0
1435,2025-02-24T16:18:46,Email Open,0
44,2025-04-07T04:13:31,Viewed Product.,0
2486,2025-04-01T02:19:41,Viewed Product.,0
2828,2025-01-02T09:49:02,Blotout Viewed Product Xyz,0
2513,2025-04-20T02:35:46,Order Placed,1
2091,2025-03-29T03:27:08,Order Placed,1
1203,2025-03-13T07:44:28,Active on Site,1
2573,2025-02-06T09:03:55,Email Open,0
1816,2025-01-31T18:35:02,Opened Email,0
1766,2025-01-01T23:55:37,Clicked email link,0
2301,2025-01-24T14:25:08,Clicked Email,0
1623,2025-01-30T06:33:25,Email Open,0
664,2025-01-22T11:28:08,Order Placed,1
2134,2025-01-10T02:19:31,Clicked Email,0
481,2025-01-29T04:31:51,Active on Site,0
2209,2025-04-01T12:48:11,SMS Delivered,0
648,2025-04-05T05:24:03,Octane: Quiz Completed: Find The Perfect Eye Shadow   .,0
2416,2025-03-14T13:22:52,Viewed Product.,0
1231,2025-02-16T02:22:33,SMS Sent,0
1626,2025-04-25T09:30:28,Black Crow Identified,0
2169,2025-02-11T23:13:14,Black Crow Identified,0
2133,2025-03-15T10:25:12,Placed Order,1
2684,2025-04-19T17:30:54,Clicked Email,0
2593,2025-01-16T05:29:14,Unsubscribed,0
26,2025-02-08T11:36:25,Email Open,0
2516,2025-04-13T06:39:44,Active on Site,0
281,2025-01-15T11:27:26,Order Placed,1
18,2025-01-31T00:03:57,Opened Email,0
464,2025-01-26T04:26:38,Order Placed,1
1206,2025-02-25T00:24:26,SMS Sent,0
1919,2025-02-25T10:30:01,Viewed Product.,0
950,2025-04-25T06:45:46,Viewed Product XYZ   ,0
2524,2025-03-03T22:14:51,Octane: Quiz Completed: Find The Perfect Eye Shadow   .,0
260,2025-04-16T16:57:57,Placed Order,1
654,2025-03-06T05:36:28,Viewed Product.,0
1216,2025-01-14T04:50:30,Placed Order,1
730,2025-04-19T11:12:42,Placed Order,1
1881,2025-01-18T19:45:41,Viewed Product.,0
525,2025-01-24T10:55:58,Order Placed,1
719,2025-02-25T18:19:38,Blotout Viewed Product Xyz,0
174,2025-01-04T04:52:51,Blotout Viewed Product Xyz,0
196,2025-02-23T12:17:42,Active on Site,0
2679,2025-03-25T05:52:14,Opened Email,0
804,2025-02-12T07:14:40,Placed Order,1
2161,2025-04-30T12:45:46,Clicked Email,0
17,2025-01-26T20:12:32,Active on Site,0
980,2025-03-14T18:12:07,Opened Email,0
813,2025-03-03T20:34:13,Viewed Product.,0
2183,2025-04-24T07:17:17,Active on Site,0
1906,2025-03-23T19:25:39,Order Placed,1
2906,2025-04-22T04:12:55,Email Open,0
207,2025-03-12T09:37:45,Placed Order,1
2317,2025-02-10T11:33:44,Placed Order,1
2611,2025-02-26T13:23:22,Unsubscribed,0
133,2025-02-17T10:35:19,SMS Delivered,0
613,2025-03-22T16:49:03,Unsubscribed,0
191,2025-04-03T05:28:39,Email Open,0
1490,2025-04-04T03:18:25,Placed Order,1
2601,2025-03-25T07:55:02,Clicked email to unsubscribe,0
1387,2025-01-19T04:55:54,Unsubscribed,0
1048,2025-03-24T10:51:34,SMS Sent,0
1882,2025-04-22T02:15:39,Octane: Quiz Completed: Find The Perfect Eye Shadow   .,1
2375,2025-01-01T15:18:23,Placed Order,1
2024,2025-03-10T14:43:22,Email Open,0
956,2025-03-24T21:47:55,Viewed Product XYZ   ,0
649,2025-02-12T14:51:29,Viewed Product XYZ   ,0
2626,2025-01-09T18:26:36,Active on Site,0
860,2025-01-01T09:58:37,Opened Email,0
1272,2025-03-03T04:46:09,Clicked Email,0
1166,2025-01-16T00:17:31,Order Placed,1
1679,2025-02-13T16:09:39,SMS Sent,0
1734,2025-02-21T22:31:14,Octane: Quiz Completed: Find The Perfect Eye Shadow   .,0
2447,2025-02-08T13:49:08,Clicked email link,0
2938,2025-04-22T18:07:00,Blotout Viewed Product Xyz,0
7,2025-02-10T06:12:51,Blotout Viewed Product Xyz,0
140,2025-04-11T09:01:11,Active on Site,0
50,2025-04-10T04:44:56,Clicked email link,0
1378,2025-03-18T10:48:42,Clicked email link,0
439,2025-01-07T09:11:32,Email Open,1
2487,2025-02-15T21:44:07,Placed Order,1
652,2025-01-24T10:28:30,Clicked email link,0
2020,2025-03-06T07:47:10,Unsubscribed,0
2854,2025-04-24T00:47:46,Placed Order,1
836,2025-01-19T01:46:37,Viewed Product.,0
2165,2025-03-04T06:12:46,Clicked email link,0
94,2025-02-07T03:27:46,Viewed Product.,0
1408,2025-04-08T00:40:56,Blotout Viewed Product Xyz,0
513,2025-02-15T16:18:39,Unsubscribed,0
1371,2025-01-16T08:51:22,Viewed Product.,0
105,2025-01-18T18:42:45,SMS Delivered,0
2411,2025-03-10T04:47:48,Octane: Quiz Completed: Find The Perfect Eye Shadow   .,0
1789,2025-01-22T11:28:18,Unsubscribed,0
1606,2025-04-07T08:48:52,Clicked email to unsubscribe,0
2795,2025-03-30T19:19:04,Unsubscribed,0
2770,2025-01-30T16:33:28,Black Crow Identified,0
60,2025-02-11T07:24:39,Clicked email link,0
2572,2025-03-22T03:06:46,Viewed Product XYZ   ,0
2252,2025-02-05T09:36:49,Viewed Product.,0
1384,2025-03-07T19:46:08,Clicked email to unsubscribe,1
2953,2025-03-02T05:09:19,Email Open,0
309,2025-02-23T09:43:36,Viewed Product.,0
393,2025-02-27T18:43:52,Order Placed,1
1616,2025-04-07T16:03:04,Viewed Product XYZ   ,0
1184,2025-03-23T16:46:01,SMS Delivered,0
1218,2025-04-28T10:48:19,Active on Site,0
1165,2025-01-28T07:39:21,Octane: Quiz Completed: Find The Perfect Eye Shadow   .,0
15,2025-04-23T16:16:32,Placed Order,1
2270,2025-02-25T12:06:11,Clicked Email,0
1041,2025-03-18T13:50:25,Opened Email,0
1626,2025-01-31T16:56:46,Black Crow Identified,0
2030,2025-02-19T05:25:40,Active on Site,0
514,2025-03-20T08:02:33,Black Crow Identified,0
2364,2025-02-14T23:41:12,SMS Delivered,0
2678,2025-01-11T18:48:10,Viewed Product XYZ   ,0
116,2025-01-08T08:35:02,Unsubscribed,0
571,2025-04-22T10:33:05,Order Placed,1
1727,2025-01-11T18:05:24,Clicked Email,0
2224,2025-03-27T10:57:56,Viewed Product XYZ   ,0
681,2025-03-24T20:42:14,Active on Site,0
991,2025-03-07T14:54:43,Placed Order,1
70,2025-01-26T07:56:59,Email Open,0
2645,2025-04-18T23:58:03,Placed Order,1
1304,2025-04-24T22:57:01,Clicked email to unsubscribe,0
1067,2025-01-11T10:21:10,Octane: Quiz Completed: Find The Perfect Eye Shadow   .,0
1377,2025-02-10T00:37:20,Email Open,0
2292,2025-04-14T14:54:57,Octane: Quiz Completed: Find The Perfect Eye Shadow   .,0
1444,2025-03-01T17:04:51,Opened Email,0
808,2025-04-17T00:30:39,Active on Site,0
2753,2025-04-25T15:42:50,Octane: Quiz Completed: Find The Perfect Eye Shadow   .,0
1417,2025-04-10T11:18:14,Active on Site,0
147,2025-02-23T16:26:10,Black Crow Identified,0
951,2025-02-18T15:41:45,Email Open,0
2153,2025-03-08T12:49:25,Viewed Product XYZ   ,1
2260,2025-03-25T09:57:37,Order Placed,1
733,2025-04-13T07:08:34,Black Crow Identified,0
1887,2025-04-05T03:14:49,Clicked email to unsubscribe,0
327,2025-01-24T16:54:53,Viewed Product.,0
862,2025-02-07T02:17:23,Black Crow Identified,0
2120,2025-04-27T02:45:22,Email Open,0
816,2025-03-08T12:54:11,Placed Order,1
1651,2025-04-20T14:19:17,Clicked email link,0
2317,2025-02-17T14:17:33,Clicked Email,0
1227,2025-03-20T13:44:56,SMS Delivered,0
1823,2025-01-27T00:11:21,Viewed Product XYZ   ,0
376,2025-03-06T01:40:13,Order Placed,1
212,2025-03-20T07:41:52,Unsubscribed,0
1968,2025-03-14T21:40:08,Placed Order,1
2471,2025-01-20T03:06:23,Black Crow Identified,0
2887,2025-04-07T23:10:23,Viewed Product XYZ   ,0
2804,2025-01-20T06:30:33,Active on Site,0
2875,2025-04-21T07:39:12,Clicked email to unsubscribe,0
425,2025-01-27T23:11:46,Opened Email,0
1993,2025-03-20T06:41:03,Active on Site,0
214,2025-01-07T00:13:09,Clicked email to unsubscribe,1
970,2025-01-09T06:17:43,Clicked email link,0
1306,2025-04-29T12:20:37,SMS Sent,0
1436,2025-03-12T13:05:45,Viewed Product.,0
2790,2025-03-11T00:21:46,Clicked email link,0
1985,2025-02-04T19:49:41,Order Placed,1
1496,2025-03-12T10:02:19,Clicked Email,0
87,2025-01-12T22:12:30,Black Crow Identified,0
2796,2025-03-28T03:28:59,Clicked email link,1
2171,2025-04-28T07:28:53,Viewed Product.,0
214,2025-01-16T09:41:01,Active on Site,0
1227,2025-01-03T04:39:57,Viewed Product.,0
2767,2025-04-24T12:04:16,Viewed Product XYZ   ,0
2829,2025-03-26T20:03:53,Active on Site,0
2854,2025-01-17T22:03:09,Active on Site,0
1395,2025-02-04T04:13:10,Active on Site,0
1547,2025-02-01T20:19:25,Clicked Email,0
2133,2025-04-28T00:52:30,Viewed Product.,1
665,2025-01-29T18:30:36,Blotout Viewed Product Xyz,0
1911,2025-03-08T01:17:07,Order Placed,1
693,2025-04-14T10:51:54,Blotout Viewed Product Xyz,0
2076,2025-04-30T00:51:37,Blotout Viewed Product Xyz,0
776,2025-02-15T02:27:23,Octane: Quiz Completed: Find The Perfect Eye Shadow   .,0
1546,2025-04-24T19:51:29,Clicked email link,0
1552,2025-02-23T04:25:53,Clicked Email,0
196,2025-04-07T13:07:02,Order Placed,1
1742,2025-02-28T20:17:50,Viewed Product.,0
269,2025-02-13T18:50:22,Viewed Product.,0
1939,2025-03-22T04:24:25,Clicked email link,0
1305,2025-04-15T16:18:27,Unsubscribed,0
2671,2025-02-20T19:40:49,Email Open,0
2747,2025-04-09T15:54:08,Octane: Quiz Completed: Find The Perfect Eye Shadow   .,0
2347,2025-04-30T11:58:09,Octane: Quiz Completed: Find The Perfect Eye Shadow   .,1
438,2025-03-03T01:11:43,Octane: Quiz Completed: Find The Perfect Eye Shadow   .,1
959,2025-03-25T07:43:35,Clicked email link,0
2085,2025-03-10T16:28:46,Black Crow Identified,0
1293,2025-03-21T06:24:52,Clicked Email,0
1342,2025-03-26T05:24:01,Octane: Quiz Completed: Find The Perfect Eye Shadow   .,0
2446,2025-04-23T19:14:40,Viewed Product.,0
1402,2025-01-18T01:20:10,Viewed Product.,0
1501,2025-03-13T04:07:10,Active on Site,0
1937,2025-03-19T19:53:35,Email Open,0
1943,2025-01-29T15:26:52,Viewed Product XYZ   ,0
2004,2025-04-13T18:08:07,Order Placed,1
1607,2025-01-27T01:18:59,Clicked email to unsubscribe,0
1000,2025-02-21T02:25:10,Unsubscribed,0
1387,2025-03-20T21:08:37,Clicked Email,0
1848,2025-04-05T06:21:56,Black Crow Identified,0
566,2025-04-09T05:06:17,Order Placed,1
2928,2025-04-12T20:19:17,Clicked email link,0
168,2025-02-25T08:56:02,Opened Email,0
822,2025-03-14T08:36:38,Clicked email link,0
1414,2025-02-21T05:13:57,Blotout Viewed Product Xyz,0
826,2025-02-01T09:15:20,Viewed Product.,0
452,2025-04-27T08:09:26,SMS Delivered,0
2437,2025-03-15T15:56:18,Blotout Viewed Product Xyz,0
1932,2025-04-19T12:08:17,Email Open,0
182,2025-03-14T09:18:17,Unsubscribed,0
1143,2025-03-16T11:51:56,Unsubscribed,0
368,2025-01-11T04:03:18,Clicked email link,0
2481,2025-04-10T12:44:53,Order Placed,1
264,2025-01-03T15:35:05,Black Crow Identified,0
2215,2025-01-17T19:15:37,Active on Site,0
469,2025-03-26T21:29:15,Clicked Email,0
2456,2025-02-01T22:02:13,Placed Order,1
2344,2025-03-16T09:38:17,Order Placed,1
209,2025-04-10T14:34:17,Unsubscribed,0
1895,2025-03-29T13:24:46,Opened Email,0
389,2025-04-14T07:13:21,Blotout Viewed Product Xyz,0
12,2025-02-12T20:03:24,Blotout Viewed Product Xyz,0
2696,2025-01-02T00:17:07,Order Placed,1
2530,2025-02-16T15:13:58,Viewed Product XYZ   ,0
291,2025-02-27T17:58:07,Octane: Quiz Completed: Find The Perfect Eye Shadow   .,0
477,2025-02-16T20:58:53,Octane: Quiz Completed: Find The Perfect Eye Shadow   .,0
1600,2025-03-29T14:50:24,Black Crow Identified,0
2062,2025-04-22T20:49:26,Placed Order,1
2892,2025-04-24T06:29:24,Unsubscribed,1
2300,2025-02-14T13:35:38,Octane: Quiz Completed: Find The Perfect Eye Shadow   .,0
2672,2025-01-17T08:35:25,Opened Email,0
1094,2025-02-04T14:29:35,Unsubscribed,0
564,2025-03-06T15:28:23,SMS Delivered,0
633,2025-02-07T11:36:34,Unsubscribed,0
2503,2025-04-29T16:35:55,Unsubscribed,0
1476,2025-04-07T04:33:32,Email Open,0
2603,2025-01-20T16:43:10,Black Crow Identified,0
2880,2025-03-25T14:17:10,SMS Sent,0
1729,2025-02-08T08:36:04,Email Open,0
1454,2025-02-26T17:48:06,SMS Delivered,0
293,2025-04-15T05:41:53,Viewed Product.,1
1610,2025-02-04T11:58:21,SMS Sent,0
2676,2025-01-24T23:28:36,Placed Order,1
2458,2025-03-08T07:40:20,Order Placed,1
1072,2025-04-11T16:28:56,Email Open,0
1322,2025-01-29T19:15:06,Viewed Product.,0
262,2025-01-19T00:05:53,Blotout Viewed Product Xyz,0
2775,2025-02-04T19:41:56,Order Placed,1
458,2025-03-20T01:25:58,SMS Sent,0
2187,2025-02-27T02:45:19,Blotout Viewed Product Xyz,0
2877,2025-02-24T11:08:52,Order Placed,1
757,2025-02-26T05:23:23,Opened Email,0
913,2025-03-03T14:23:12,Black Crow Identified,0
785,2025-01-15T10:13:04,SMS Sent,0
933,2025-04-20T06:17:22,Viewed Product XYZ   ,0
512,2025-04-09T02:14:44,Opened Email,0
914,2025-04-06T21:48:14,Active on Site,0
1502,2025-03-18T03:01:31,Octane: Quiz Completed: Find The Perfect Eye Shadow   .,0
1885,2025-03-09T03:00:24,Order Placed,1
2692,2025-04-12T01:00:38,Blotout Viewed Product Xyz,0
312,2025-04-13T01:34:38,Email Open,0
199,2025-03-07T17:22:47,Active on Site,0
1824,2025-04-07T18:44:31,Viewed Product.,0
2792,2025-04-04T02:40:33,Opened Email,1
1331,2025-01-12T13:36:42,Clicked email link,0
2970,2025-04-03T03:09:53,Black Crow Identified,0
1952,2025-01-23T19:58:25,Clicked email link,0
2027,2025-04-04T14:04:25,Black Crow Identified,0
1525,2025-04-24T05:41:44,SMS Delivered,0
2058,2025-02-14T21:05:08,Email Open,0
1474,2025-01-07T22:04:33,Email Open,0
348,2025-03-26T20:53:51,Blotout Viewed Product Xyz,0
1339,2025-02-05T05:30:29,Unsubscribed,0
1491,2025-01-10T16:51:11,Active on Site,0
149,2025-04-16T11:53:12,Order Placed,1
657,2025-01-08T01:25:31,Opened Email,0
1950,2025-03-06T04:32:26,Opened Email,0
2331,2025-01-13T07:43:35,Order Placed,1
2517,2025-02-03T05:06:28,Email Open,0
263,2025-01-20T21:08:05,Unsubscribed,0
2234,2025-03-18T16:50:50,Opened Email,0
2586,2025-02-01T05:49:56,SMS Delivered,0
2798,2025-03-06T04:51:54,Black Crow Identified,0
2177,2025-03-10T06:09:16,Clicked Email,0
1458,2025-01-18T15:09:07,Octane: Quiz Completed: Find The Perfect Eye Shadow   .,0
1171,2025-01-19T05:03:36,Clicked email to unsubscribe,0
1638,2025-04-01T04:40:03,Active on Site,0
2225,2025-01-25T13:14:23,Viewed Product XYZ   ,0
1860,2025-03-04T12:18:45,Octane: Quiz Completed: Find The Perfect Eye Shadow   .,0
1137,2025-04-07T22:26:25,Order Placed,1
2657,2025-03-14T15:01:04,Clicked Email,0
2100,2025-01-31T15:45:19,SMS Delivered,0
2959,2025-04-27T06:58:13,Opened Email,0
1611,2025-01-27T16:05:03,Active on Site,0
38,2025-03-18T08:04:51,SMS Sent,0
2119,2025-01-12T15:15:59,Octane: Quiz Completed: Find The Perfect Eye Shadow   .,0
1200,2025-04-02T17:38:30,Blotout Viewed Product Xyz,0
1623,2025-01-03T22:14:50,Active on Site,0
2283,2025-02-10T03:55:32,Active on Site,0
868,2025-02-06T17:01:30,Active on Site,0
2664,2025-02-20T02:16:09,Clicked email link,0
2939,2025-04-13T21:39:21,Placed Order,1
895,2025-04-15T22:02:02,Clicked email link,0
758,2025-03-04T11:20:25,Order Placed,1
2002,2025-04-09T20:43:58,Viewed Product.,0
2385,2025-03-03T00:24:43,Blotout Viewed Product Xyz,0
1548,2025-01-18T00:57:39,Clicked email link,0
1211,2025-02-19T17:06:15,Blotout Viewed Product Xyz,0
2792,2025-01-09T17:53:38,Clicked email link,1
2078,2025-04-08T16:37:30,Clicked Email,0
783,2025-01-19T15:54:38,Opened Email,1
1826,2025-02-26T15:24:43,Clicked email link,0
2661,2025-04-06T18:16:24,Order Placed,1
539,2025-04-22T05:36:32,Order Placed,1
2916,2025-02-10T11:59:08,SMS Sent,0
69,2025-04-28T17:39:23,Octane: Quiz Completed: Find The Perfect Eye Shadow   .,0
1670,2025-03-12T09:49:57,Placed Order,1
748,2025-01-04T16:16:00,Viewed Product.,0
1378,2025-02-16T05:47:40,Opened Email,0
304,2025-01-10T16:51:15,Viewed Product.,0
2246,2025-04-13T12:48:00,Clicked Email,0
264,2025-02-07T19:29:10,Email Open,0
154,2025-04-13T21:03:06,Placed Order,1
1770,2025-03-31T00:05:08,Opened Email,0
606,2025-02-21T23:36:41,Blotout Viewed Product Xyz,0
112,2025-02-27T01:42:37,SMS Sent,0
881,2025-01-01T09:09:30,Active on Site,0
790,2025-02-19T13:18:12,Viewed Product XYZ   ,0
2291,2025-02-17T06:56:16,Viewed Product.,0
822,2025-04-03T21:14:19,Black Crow Identified,0
975,2025-03-14T00:24:31,Octane: Quiz Completed: Find The Perfect Eye Shadow   .,0
2083,2025-01-10T12:08:12,Clicked email to unsubscribe,0
198,2025-01-10T14:47:21,Octane: Quiz Completed: Find The Perfect Eye Shadow   .,0
2365,2025-02-25T17:33:12,Clicked email link,0
1552,2025-02-21T18:39:34,Email Open,0
790,2025-01-30T20:59:32,Unsubscribed,0
701,2025-02-13T10:26:14,Blotout Viewed Product Xyz,0
574,2025-03-20T09:22:18,Black Crow Identified,0
1977,2025-03-03T05:11:21,Email Open,0
495,2025-03-21T18:36:56,Active on Site,0
476,2025-01-11T05:43:42,Order Placed,1
1149,2025-04-25T07:02:48,Octane: Quiz Completed: Find The Perfect Eye Shadow   .,0
488,2025-01-23T05:04:55,Placed Order,1
2091,2025-04-11T05:14:19,Order Placed,1
2222,2025-01-16T19:34:55,Black Crow Identified,0
2354,2025-01-29T01:46:55,SMS Delivered,0
2258,2025-04-01T07:54:56,Black Crow Identified,0
118,2025-02-22T18:07:01,Clicked email link,0
930,2025-03-18T12:55:53,Active on Site,0
846,2025-02-15T00:23:49,Opened Email,0
739,2025-04-20T23:41:09,Viewed Product.,0
96,2025-04-11T16:39:16,Email Open,0
811,2025-03-31T02:42:48,Viewed Product.,0
1305,2025-02-06T23:23:47,Octane: Quiz Completed: Find The Perfect Eye Shadow   .,0
1510,2025-03-31T23:39:18,SMS Delivered,0
1092,2025-04-23T00:48:10,SMS Sent,0
2022,2025-03-02T15:15:08,Viewed Product.,0
1851,2025-03-28T00:30:17,Blotout Viewed Product Xyz,0
892,2025-02-09T05:19:02,Opened Email,0
2923,2025-02-08T23:59:02,Unsubscribed,0
1869,2025-02-05T11:43:55,Placed Order,1
2004,2025-02-16T05:48:38,Clicked email link,0
1796,2025-04-09T10:24:24,Placed Order,1
2496,2025-01-09T07:21:14,Order Placed,1
2727,2025-04-30T01:17:16,Active on Site,0
2842,2025-01-18T11:23:02,Black Crow Identified,0
2469,2025-02-26T03:22:58,Clicked Email,0
2414,2025-04-08T00:38:12,Clicked Email,0
1491,2025-04-04T15:53:21,Black Crow Identified,0
302,2025-03-20T16:11:39,Order Placed,1
1941,2025-03-06T19:28:05,Unsubscribed,0
503,2025-01-14T06:32:08,Unsubscribed,0
2941,2025-04-17T11:45:14,Clicked email link,0
53,2025-03-13T05:54:41,SMS Delivered,0
1783,2025-03-10T10:28:25,Email Open,0
2126,2025-04-17T02:12:22,Viewed Product XYZ   ,0
686,2025-03-03T20:25:42,SMS Delivered,0
2304,2025-03-01T05:46:36,Viewed Product.,0
996,2025-01-04T03:57:49,Opened Email,0
2133,2025-04-01T18:07:51,Blotout Viewed Product Xyz,0
1685,2025-02-01T10:32:37,Active on Site,0
1595,2025-02-18T20:10:07,Active on Site,0
375,2025-02-26T15:21:58,Order Placed,1
1357,2025-02-21T01:52:53,SMS Delivered,0
989,2025-04-21T15:03:16,Opened Email,0
1014,2025-01-08T20:57:44,Opened Email,0
1512,2025-04-28T16:53:21,Unsubscribed,0
2664,2025-04-08T03:00:29,Order Placed,1
2751,2025-03-11T23:03:00,Opened Email,0
167,2025-02-18T15:17:54,Viewed Product XYZ   ,0
1504,2025-01-24T17:06:01,Order Placed,1
1847,2025-03-11T16:18:59,Order Placed,1
1200,2025-03-13T22:04:09,SMS Delivered,0
2142,2025-01-16T15:47:53,Order Placed,1
2017,2025-04-20T10:11:01,Active on Site,0
919,2025-03-06T10:39:55,Order Placed,1
1840,2025-01-16T20:19:13,Unsubscribed,0
1947,2025-02-05T08:01:27,Opened Email,0
1529,2025-02-01T12:12:54,SMS Sent,0
1083,2025-01-01T21:07:18,Unsubscribed,0
350,2025-03-02T01:24:02,Blotout Viewed Product Xyz,1
1909,2025-04-05T20:12:26,Placed Order,1
752,2025-02-09T10:18:00,Opened Email,0
2729,2025-02-09T18:56:34,Octane: Quiz Completed: Find The Perfect Eye Shadow   .,0
335,2025-04-19T17:10:29,Opened Email,0
1400,2025-03-22T21:13:22,Order Placed,1
696,2025-04-08T04:17:25,SMS Delivered,0
2931,2025-01-24T21:32:36,SMS Sent,0
736,2025-02-13T23:39:25,Viewed Product XYZ   ,0
2411,2025-02-17T11:00:09,Active on Site,0
1592,2025-01-07T17:14:08,Clicked email link,0
1745,2025-01-28T00:56:05,Octane: Quiz Completed: Find The Perfect Eye Shadow   .,0
1827,2025-03-12T12:46:10,Order Placed,1
2564,2025-02-07T14:13:33,Opened Email,0
2893,2025-02-13T19:35:59,Email Open,0
121,2025-01-21T12:05:58,Placed Order,1
336,2025-03-15T10:36:38,SMS Delivered,0
53,2025-01-08T12:54:06,Email Open,0
931,2025-04-23T10:57:24,Clicked email link,0
1547,2025-04-24T22:28:15,Placed Order,1
1750,2025-03-14T14:31:13,Octane: Quiz Completed: Find The Perfect Eye Shadow   .,0
1201,2025-02-06T23:08:06,Order Placed,1
431,2025-02-04T02:29:59,SMS Delivered,0
1803,2025-04-16T12:53:21,Active on Site,0
149,2025-01-29T07:24:49,Clicked email link,0
1864,2025-03-22T01:41:42,Placed Order,1
2867,2025-03-03T09:19:48,Clicked email to unsubscribe,0
2542,2025-02-06T14:50:46,SMS Sent,0
2384,2025-04-27T08:46:57,Black Crow Identified,0
1182,2025-02-05T16:00:15,Clicked Email,1
190,2025-01-12T15:27:43,Octane: Quiz Completed: Find The Perfect Eye Shadow   .,0
109,2025-02-24T00:46:51,Viewed Product.,0
1329,2025-02-27T01:50:16,Clicked email to unsubscribe,0
2568,2025-04-17T07:32:03,Opened Email,0
969,2025-04-02T02:13:20,Clicked Email,0
366,2025-01-31T08:19:04,Black Crow Identified,1
514,2025-02-09T09:33:00,Clicked Email,0
2681,2025-02-20T04:16:45,Viewed Product XYZ   ,0
1659,2025-01-02T22:41:19,Clicked email link,0
567,2025-03-09T19:50:16,Octane: Quiz Completed: Find The Perfect Eye Shadow   .,0
2672,2025-02-01T13:36:08,Viewed Product.,0
2734,2025-03-18T22:59:59,Email Open,0
2255,2025-01-09T03:38:24,Blotout Viewed Product Xyz,0
1105,2025-04-11T19:42:03,Clicked Email,0
1994,2025-01-30T21:44:52,Viewed Product.,0
312,2025-02-16T09:11:51,SMS Sent,1
824,2025-04-09T20:11:43,Viewed Product XYZ   ,0
458,2025-03-04T00:18:43,SMS Sent,0
848,2025-04-06T13:06:47,Octane: Quiz Completed: Find The Perfect Eye Shadow   .,0
2958,2025-01-29T01:00:19,Clicked email link,0
905,2025-02-07T15:36:53,Clicked email link,1
2534,2025-01-25T10:53:47,Unsubscribed,0
549,2025-01-14T16:30:41,Order Placed,1
1632,2025-02-15T21:30:18,Black Crow Identified,0
188,2025-01-06T08:39:19,Order Placed,1
1200,2025-04-11T02:03:31,Clicked email to unsubscribe,0
2711,2025-03-05T17:44:56,Clicked email link,0
27,2025-01-22T19:41:48,Order Placed,1
286,2025-04-06T09:42:27,Clicked Email,0
2603,2025-02-07T03:19:36,Viewed Product.,1
2429,2025-04-17T16:41:57,Clicked Email,0
2011,2025-04-02T01:53:33,Clicked email to unsubscribe,1
1846,2025-03-12T02:07:54,Octane: Quiz Completed: Find The Perfect Eye Shadow   .,0
772,2025-04-20T11:08:10,Active on Site,0
240,2025-04-19T08:36:17,Email Open,0
741,2025-02-04T07:57:00,Order Placed,1
2750,2025-01-28T15:09:27,Viewed Product.,0
1331,2025-03-14T08:00:06,Clicked Email,1
2021,2025-03-13T08:56:33,Clicked email to unsubscribe,0
2862,2025-03-20T17:39:13,Clicked email link,0
643,2025-02-04T14:11:56,Opened Email,0
68,2025-02-27T12:34:01,Unsubscribed,0
1609,2025-04-13T00:23:19,Clicked email to unsubscribe,0
1913,2025-04-22T12:42:15,SMS Sent,0
178,2025-03-03T08:09:49,Placed Order,1
234,2025-04-06T00:12:24,Email Open,0
1468,2025-02-26T08:16:49,Octane: Quiz Completed: Find The Perfect Eye Shadow   .,0
2482,2025-02-23T01:23:10,Unsubscribed,0
2769,2025-02-02T22:09:19,Clicked email to unsubscribe,0
1851,2025-01-24T14:52:59,Clicked email link,0
1516,2025-03-14T23:34:43,Clicked email to unsubscribe,0
1379,2025-01-15T21:35:17,Unsubscribed,0
1603,2025-04-14T04:12:35,Active on Site,0
908,2025-03-24T15:37:02,SMS Sent,0
644,2025-01-08T13:21:14,Unsubscribed,0
1202,2025-02-17T11:55:53,Email Open,0
2613,2025-04-21T04:37:08,Order Placed,1
2486,2025-01-21T06:43:23,Unsubscribed,0
2025,2025-01-06T01:00:25,Opened Email,0
2119,2025-02-09T00:48:17,SMS Sent,0
2171,2025-03-06T02:58:55,Clicked email link,0
2488,2025-02-04T04:04:05,Clicked Email,0
1826,2025-04-26T22:29:07,Placed Order,1
21,2025-02-27T19:12:38,Blotout Viewed Product Xyz,0
2911,2025-04-02T04:11:15,SMS Delivered,0
2546,2025-03-08T02:44:22,Order Placed,1
1338,2025-02-25T09:06:14,Clicked email to unsubscribe,0
2325,2025-04-29T00:28:32,Opened Email,0
1554,2025-03-19T21:49:32,Black Crow Identified,0
1125,2025-03-08T00:22:31,Clicked email link,0
2525,2025-02-05T21:13:48,Order Placed,1
992,2025-01-29T12:42:51,Blotout Viewed Product Xyz,0
610,2025-01-12T02:32:40,Octane: Quiz Completed: Find The Perfect Eye Shadow   .,0
2758,2025-02-27T01:27:21,SMS Sent,0
674,2025-01-02T04:11:27,SMS Sent,0
1317,2025-04-04T23:05:13,Email Open,0
602,2025-03-17T19:18:27,SMS Delivered,0
2496,2025-03-20T03:35:32,Placed Order,1
1636,2025-01-08T23:08:22,Clicked email to unsubscribe,0
1936,2025-02-22T22:04:40,Viewed Product XYZ   ,0
2450,2025-01-11T21:57:12,Octane: Quiz Completed: Find The Perfect Eye Shadow   .,0
1896,2025-01-01T07:15:32,Order Placed,1
26,2025-02-08T02:58:33,SMS Sent,0
2255,2025-03-23T11:21:18,Viewed Product.,0
2058,2025-01-09T11:34:09,Opened Email,0
1853,2025-02-20T21:44:36,Active on Site,0
359,2025-03-21T23:28:32,SMS Delivered,0
496,2025-02-04T04:20:15,Order Placed,1
1101,2025-02-25T01:30:54,Active on Site,0
2311,2025-01-24T22:09:08,SMS Delivered,0
2833,2025-02-02T19:40:48,Viewed Product.,0
1658,2025-01-04T00:06:10,SMS Sent,0
1432,2025-02-28T03:30:41,Order Placed,1
1468,2025-01-18T11:46:26,Octane: Quiz Completed: Find The Perfect Eye Shadow   .,0
1810,2025-04-19T19:01:38,Placed Order,1
2892,2025-01-15T10:28:54,SMS Delivered,0
2743,2025-04-12T07:20:54,Unsubscribed,0
2978,2025-04-10T02:04:21,Unsubscribed,0
478,2025-04-20T07:03:39,Clicked email to unsubscribe,0
1933,2025-03-09T16:15:02,Viewed Product.,0
2837,2025-04-27T17:30:38,SMS Sent,0
836,2025-03-15T08:58:42,Active on Site,0
1271,2025-04-19T16:23:14,Order Placed,1
1842,2025-03-06T21:56:44,Email Open,0
889,2025-02-06T05:34:48,Placed Order,1
2161,2025-03-23T15:32:20,Octane: Quiz Completed: Find The Perfect Eye Shadow   .,0
2362,2025-01-09T17:20:05,Clicked email to unsubscribe,0
2255,2025-04-10T04:57:06,Viewed Product XYZ   ,0
711,2025-04-05T18:08:24,Order Placed,1
1922,2025-03-10T13:43:25,Placed Order,1
409,2025-01-15T01:29:20,Black Crow Identified,0
811,2025-04-26T12:38:57,Black Crow Identified,0
1246,2025-03-02T21:07:41,Viewed Product XYZ   ,0
1117,2025-02-10T05:36:46,Unsubscribed,0
2004,2025-01-06T04:22:00,Black Crow Identified,0
246,2025-03-09T00:10:24,Octane: Quiz Completed: Find The Perfect Eye Shadow   .,0
174,2025-04-22T11:59:12,Viewed Product XYZ   ,0
1661,2025-02-18T10:09:46,SMS Sent,0
1095,2025-01-06T08:09:25,Viewed Product XYZ   ,0
129,2025-02-28T20:52:23,Unsubscribed,0
2374,2025-03-26T04:03:02,Opened Email,0
1125,2025-03-22T11:36:54,Clicked email link,0
2310,2025-03-23T17:18:13,Viewed Product.,1
2390,2025-01-13T03:32:14,Octane: Quiz Completed: Find The Perfect Eye Shadow   .,0
1560,2025-01-09T23:55:36,Clicked email link,0
1262,2025-02-14T11:37:06,Email Open,0
2538,2025-01-24T20:06:26,SMS Sent,0
1339,2025-01-01T14:47:09,Viewed Product.,0
1763,2025-03-13T05:14:00,Unsubscribed,0
1164,2025-02-19T21:49:05,Viewed Product XYZ   ,0
1077,2025-04-03T22:13:02,Order Placed,1
2797,2025-02-09T01:54:10,Unsubscribed,0
2008,2025-03-29T22:00:58,Opened Email,0
2312,2025-02-22T04:21:06,Placed Order,1
1605,2025-04-19T22:56:54,Email Open,0
2654,2025-01-05T21:36:05,Octane: Quiz Completed: Find The Perfect Eye Shadow   .,0
1278,2025-04-25T00:09:57,Viewed Product XYZ   ,0
2154,2025-01-29T08:53:55,Clicked email to unsubscribe,0
1886,2025-03-08T23:44:10,SMS Sent,0
2620,2025-01-15T08:23:52,Octane: Quiz Completed: Find The Perfect Eye Shadow   .,0
2693,2025-04-15T16:20:37,Opened Email,0
1699,2025-02-02T15:10:13,Black Crow Identified,0
473,2025-03-07T13:27:25,Email Open,0
1996,2025-02-05T21:34:28,Order Placed,1
1086,2025-01-21T11:20:02,SMS Sent,0
1173,2025-03-11T09:31:12,SMS Delivered,0
1204,2025-01-08T00:01:48,Viewed Product XYZ   ,0
413,2025-04-01T17:16:19,Viewed Product XYZ   ,0
966,2025-04-21T23:19:10,Viewed Product XYZ   ,0
1327,2025-01-28T03:25:59,Clicked email to unsubscribe,0
2763,2025-03-17T02:18:29,Viewed Product XYZ   ,0
2467,2025-03-17T14:21:16,Order Placed,1
325,2025-04-06T07:41:27,Placed Order,1
840,2025-02-10T04:14:58,Order Placed,1
16,2025-01-08T07:55:09,SMS Delivered,0
1844,2025-01-11T05:44:34,Unsubscribed,0
2867,2025-01-24T13:21:44,Clicked Email,0
623,2025-01-28T16:27:36,Email Open,0
2460,2025-02-07T02:14:31,Clicked email to unsubscribe,0
929,2025-02-28T12:45:31,Viewed Product.,0
1844,2025-01-19T13:05:10,SMS Delivered,0
2373,2025-03-11T11:57:32,Order Placed,1
2534,2025-03-25T09:10:28,Clicked Email,0
37,2025-02-22T03:06:07,Black Crow Identified,0
880,2025-01-21T18:34:21,Placed Order,1
1393,2025-01-19T22:00:50,SMS Sent,1
1029,2025-02-28T05:24:11,Blotout Viewed Product Xyz,0
2099,2025-02-04T18:53:27,Unsubscribed,0
1906,2025-01-05T21:51:10,Opened Email,0
1796,2025-04-30T06:18:05,Clicked email to unsubscribe,0
1219,2025-01-09T13:12:14,Unsubscribed,0
2859,2025-03-08T18:19:56,Opened Email,0
10,2025-01-13T22:39:33,Clicked Email,0
2218,2025-01-19T16:40:42,Unsubscribed,0
459,2025-04-15T06:31:29,Octane: Quiz Completed: Find The Perfect Eye Shadow   .,0
2977,2025-03-04T04:17:51,Clicked email to unsubscribe,0
236,2025-03-08T06:31:40,Email Open,0
2589,2025-02-27T00:37:44,Opened Email,0
973,2025-02-08T14:40:16,Viewed Product XYZ   ,0
1571,2025-01-26T12:28:48,Clicked Email,0
418,2025-04-05T18:59:46,Active on Site,0
2641,2025-01-19T02:04:41,Active on Site,0
1267,2025-03-02T15:17:34,Order Placed,1
374,2025-02-23T07:22:10,Clicked email to unsubscribe,0
2717,2025-02-10T10:56:24,Black Crow Identified,0
1329,2025-02-28T11:07:12,SMS Sent,0
1378,2025-01-17T18:44:40,Black Crow Identified,0
2243,2025-01-09T04:03:33,SMS Sent,0
2533,2025-02-04T13:07:13,Opened Email,0
1915,2025-04-03T10:42:18,Active on Site,1
1322,2025-03-29T13:30:32,SMS Sent,0
133,2025-01-14T09:57:24,Order Placed,1
1531,2025-04-02T09:32:22,Active on Site,0
2001,2025-04-09T15:08:22,Placed Order,1
2538,2025-01-15T01:54:38,Viewed Product.,0
1230,2025-01-14T02:51:46,Viewed Product XYZ   ,0
1879,2025-04-18T13:42:22,Placed Order,1
2117,2025-04-26T02:46:31,Black Crow Identified,0
1886,2025-02-10T04:00:32,Active on Site,0
1993,2025-01-27T19:35:48,Unsubscribed,0
2143,2025-02-26T11:18:53,Clicked email link,0
1320,2025-04-09T14:41:45,Clicked email link,0
2034,2025-01-31T08:12:46,Viewed Product.,0
1753,2025-02-24T20:55:47,Opened Email,0
514,2025-03-19T23:58:31,Order Placed,1
2904,2025-02-10T07:21:40,Clicked email to unsubscribe,0
2067,2025-01-18T13:44:27,Opened Email,0
269,2025-03-24T19:22:56,Blotout Viewed Product Xyz,0
208,2025-04-07T00:29:55,Clicked Email,0
1866,2025-02-11T02:07:22,SMS Delivered,0
1288,2025-01-31T01:46:17,SMS Sent,0
2723,2025-03-04T10:27:32,Email Open,0
462,2025-04-08T13:39:22,Unsubscribed,0
2450,2025-03-19T18:27:41,Order Placed,1
967,2025-02-19T06:23:10,Clicked email to unsubscribe,0
6,2025-02-26T17:00:05,Black Crow Identified,0
2597,2025-04-29T18:44:04,Clicked email to unsubscribe,0
1046,2025-02-23T04:29:42,Order Placed,1
2993,2025-04-12T19:18:23,SMS Sent,0
1146,2025-01-20T20:05:30,Email Open,0
2625,2025-01-29T09:46:30,Email Open,0
2091,2025-01-24T16:10:54,Opened Email,0
2101,2025-02-08T05:57:56,Viewed Product XYZ   ,0
988,2025-02-22T14:18:59,Viewed Product XYZ   ,0
555,2025-04-16T19:49:12,Black Crow Identified,0
2298,2025-02-02T09:23:01,Placed Order,1
2913,2025-04-10T19:47:41,SMS Sent,0
414,2025-03-15T18:32:05,Clicked email link,0
2397,2025-04-18T00:48:32,Active on Site,0
882,2025-03-07T23:17:48,SMS Sent,0
1791,2025-04-13T20:34:54,Viewed Product XYZ   ,0
2825,2025-03-02T23:22:22,Blotout Viewed Product Xyz,0
983,2025-04-10T19:10:18,Clicked Email,0
823,2025-03-31T22:26:41,Viewed Product XYZ   ,0
2786,2025-02-27T09:11:40,Placed Order,1
610,2025-04-30T19:48:56,Viewed Product.,0
1856,2025-01-24T18:58:22,Octane: Quiz Completed: Find The Perfect Eye Shadow   .,0
681,2025-01-31T06:17:24,Opened Email,0
2864,2025-01-05T14:36:20,Order Placed,1
122,2025-01-21T16:38:39,SMS Sent,0
2019,2025-04-05T01:40:30,Black Crow Identified,0
1112,2025-02-01T16:28:14,Black Crow Identified,1
1689,2025-02-14T02:30:01,Black Crow Identified,0
2713,2025-02-03T22:59:12,Active on Site,0
190,2025-01-28T09:26:45,Order Placed,1
2185,2025-04-01T04:43:27,Black Crow Identified,0
2682,2025-04-16T00:52:03,Viewed Product XYZ   ,0
864,2025-02-19T02:40:30,Clicked email link,0
707,2025-02-14T20:02:47,Active on Site,0
1879,2025-02-15T13:53:35,Octane: Quiz Completed: Find The Perfect Eye Shadow   .,0
2412,2025-02-28T15:41:29,Viewed Product XYZ   ,0
906,2025-04-12T00:00:54,Placed Order,1
2365,2025-04-08T18:04:55,Order Placed,1
1667,2025-01-14T10:06:38,Clicked email to unsubscribe,0
2023,2025-03-01T09:25:31,Placed Order,1
133,2025-01-16T11:27:58,Email Open,0
1556,2025-01-18T01:26:04,Active on Site,0
1081,2025-03-17T16:41:00,Viewed Product.,0
978,2025-03-23T18:40:01,Clicked email link,0
1813,2025-03-23T23:44:46,Placed Order,1
2974,2025-03-28T19:34:49,SMS Sent,0
923,2025-01-19T20:03:41,Octane: Quiz Completed: Find The Perfect Eye Shadow   .,0
1637,2025-02-12T18:56:54,Blotout Viewed Product Xyz,0
322,2025-02-25T17:50:18,Placed Order,1
2898,2025-01-13T20:16:58,Clicked email link,0
863,2025-01-31T03:25:28,Active on Site,0
13,2025-03-28T22:27:59,Clicked email link,0
892,2025-01-09T01:59:45,Opened Email,0
2083,2025-03-08T18:56:18,Black Crow Identified,0
241,2025-02-17T04:10:41,Viewed Product.,0
585,2025-02-04T07:46:30,Opened Email,0
2194,2025-03-17T11:04:50,Active on Site,0
2475,2025-03-04T18:07:51,SMS Sent,0
491,2025-04-13T06:23:22,Unsubscribed,1
1142,2025-02-02T23:12:11,Clicked Email,0
2979,2025-04-13T09:15:12,Placed Order,1
582,2025-01-09T15:14:25,Unsubscribed,1
503,2025-03-17T08:15:18,Clicked Email,1
742,2025-02-14T16:06:13,SMS Delivered,0
160,2025-01-30T13:21:47,Placed Order,1
1821,2025-01-03T05:39:30,Viewed Product XYZ   ,0
2384,2025-03-13T20:45:41,Email Open,0
2197,2025-03-17T13:43:21,Clicked email link,0
1598,2025-01-25T05:36:42,Blotout Viewed Product Xyz,0
736,2025-01-07T20:12:41,Active on Site,0
998,2025-04-06T10:57:07,Octane: Quiz Completed: Find The Perfect Eye Shadow   .,0
1785,2025-04-30T01:50:59,Placed Order,1
2871,2025-01-07T21:49:43,Octane: Quiz Completed: Find The Perfect Eye Shadow   .,0
41,2025-03-26T01:51:16,Unsubscribed,1
1911,2025-01-16T06:34:50,Active on Site,0
1843,2025-02-21T02:56:52,Clicked Email,0
2581,2025-02-20T08:00:12,Black Crow Identified,0
493,2025-01-27T22:29:32,Order Placed,1
2795,2025-04-13T07:20:14,Clicked Email,0
2691,2025-03-01T23:21:52,Email Open,0
327,2025-02-19T14:50:29,Blotout Viewed Product Xyz,0
929,2025-01-31T15:35:54,Black Crow Identified,0
975,2025-01-04T10:35:53,Clicked email to unsubscribe,1
1336,2025-03-22T01:26:56,SMS Sent,0
1485,2025-02-19T19:24:01,Active on Site,0
2474,2025-02-13T05:24:05,SMS Delivered,0
2774,2025-01-24T21:48:53,Placed Order,1
1201,2025-03-01T22:47:44,Clicked email to unsubscribe,1
1600,2025-04-27T05:48:48,Clicked email to unsubscribe,0
2404,2025-03-30T19:21:44,Opened Email,0
2426,2025-01-17T20:42:22,Order Placed,1
1439,2025-03-27T03:30:22,Unsubscribed,0
1317,2025-04-08T01:37:59,Order Placed,1
1770,2025-04-24T02:59:22,Order Placed,1
402,2025-04-08T14:37:11,Opened Email,0
2879,2025-01-07T00:06:47,Black Crow Identified,0
2662,2025-01-27T10:22:29,Viewed Product.,0
2536,2025-04-07T03:30:57,Email Open,0
1967,2025-02-16T04:31:37,Octane: Quiz Completed: Find The Perfect Eye Shadow   .,0
555,2025-04-10T06:32:13,SMS Delivered,0
554,2025-02-19T11:31:56,Unsubscribed,0
1143,2025-01-03T18:20:27,Active on Site,0
1615,2025-03-02T16:46:48,Blotout Viewed Product Xyz,0
2384,2025-03-04T18:33:59,Blotout Viewed Product Xyz,0
459,2025-03-28T08:05:54,Viewed Product.,0
1699,2025-03-10T13:18:27,Order Placed,1
2448,2025-04-30T02:38:42,Blotout Viewed Product Xyz,0
1520,2025-01-06T07:31:42,Clicked email link,0
208,2025-01-31T00:46:14,Viewed Product XYZ   ,0
1689,2025-02-23T04:09:16,Opened Email,1
2782,2025-04-23T12:14:29,Viewed Product XYZ   ,0
442,2025-01-13T12:46:27,SMS Delivered,0
2765,2025-03-07T03:44:41,Octane: Quiz Completed: Find The Perfect Eye Shadow   .,0
2247,2025-02-06T11:50:19,Viewed Product.,0
2521,2025-03-30T05:47:37,Blotout Viewed Product Xyz,0
1341,2025-02-11T04:07:53,Blotout Viewed Product Xyz,0
1184,2025-03-17T09:44:40,Unsubscribed,0
2253,2025-04-08T11:37:22,SMS Delivered,0
1849,2025-04-07T18:00:41,SMS Sent,0
582,2025-03-12T21:44:07,Active on Site,0
2558,2025-03-09T08:35:17,Clicked email to unsubscribe,0
678,2025-02-20T23:53:07,SMS Delivered,0
1574,2025-01-05T07:33:34,Unsubscribed,0
2604,2025-03-02T18:12:00,Placed Order,1
860,2025-03-07T02:48:37,Blotout Viewed Product Xyz,0
737,2025-01-22T14:50:26,Viewed Product XYZ   ,0
2167,2025-02-07T15:34:01,Unsubscribed,0
1928,2025-01-11T11:46:58,Blotout Viewed Product Xyz,0
1109,2025-04-08T14:37:16,Unsubscribed,0
1330,2025-01-24T02:30:20,Blotout Viewed Product Xyz,0
2181,2025-02-23T17:09:18,Placed Order,1
1235,2025-03-30T02:47:09,Clicked email link,0
1664,2025-04-26T04:45:08,SMS Delivered,1
2690,2025-04-29T02:53:17,Active on Site,0
2361,2025-01-02T20:18:08,Viewed Product XYZ   ,0
989,2025-03-02T21:27:59,Viewed Product XYZ   ,0
2981,2025-02-01T12:16:57,Black Crow Identified,0
1442,2025-03-02T06:32:41,Blotout Viewed Product Xyz,0
2516,2025-01-08T12:45:04,Clicked Email,0
365,2025-04-20T08:01:54,Active on Site,0
1765,2025-02-07T12:35:19,Clicked email link,0
809,2025-02-12T05:11:29,Opened Email,0
987,2025-04-08T22:37:32,Black Crow Identified,0
2354,2025-01-29T02:08:21,Black Crow Identified,0
926,2025-02-22T02:11:07,Clicked email to unsubscribe,0
2696,2025-04-07T23:59:50,Email Open,0
1662,2025-02-18T20:02:58,Opened Email,0
1411,2025-02-22T04:25:53,Viewed Product.,0
592,2025-03-05T06:09:15,Opened Email,0
1141,2025-01-02T12:29:36,Clicked Email,0
1406,2025-04-07T10:30:42,Viewed Product.,0
1191,2025-03-08T21:09:29,Order Placed,1
2299,2025-01-25T21:25:24,Active on Site,1
1526,2025-04-30T07:36:44,Opened Email,0
1149,2025-01-10T19:00:18,Black Crow Identified,0
2156,2025-03-27T07:55:18,Octane: Quiz Completed: Find The Perfect Eye Shadow   .,0
2111,2025-01-14T05:36:45,Active on Site,0
847,2025-02-15T07:30:27,Active on Site,0
1650,2025-04-17T04:54:21,Viewed Product XYZ   ,0
1332,2025-03-19T21:05:03,Opened Email,0
680,2025-02-02T12:01:40,Active on Site,0
2028,2025-01-29T01:49:50,Octane: Quiz Completed: Find The Perfect Eye Shadow   .,0
289,2025-02-08T09:00:55,Order Placed,1
245,2025-03-29T15:19:41,Opened Email,0
2789,2025-02-18T03:59:30,Blotout Viewed Product Xyz,0
1568,2025-01-06T22:37:39,Viewed Product XYZ   ,0
544,2025-03-25T01:52:42,Viewed Product XYZ   ,0
2677,2025-02-22T10:55:52,SMS Delivered,0
1762,2025-03-02T05:24:34,Octane: Quiz Completed: Find The Perfect Eye Shadow   .,0
1910,2025-01-21T17:27:01,Viewed Product XYZ   ,0
1401,2025-04-01T12:17:28,Clicked email link,0
603,2025-01-12T19:01:00,Unsubscribed,0
1378,2025-03-27T19:09:05,Clicked Email,0
2962,2025-01-12T00:14:28,Order Placed,1
2457,2025-03-27T02:05:08,Clicked email to unsubscribe,0
2527,2025-04-25T05:32:31,Black Crow Identified,0
1573,2025-02-28T01:07:10,Clicked email to unsubscribe,0
122,2025-01-18T06:09:18,Active on Site,0
1423,2025-02-20T10:03:25,Viewed Product.,0
2647,2025-04-15T03:47:30,Blotout Viewed Product Xyz,0
1714,2025-04-22T08:22:28,Email Open,0
1386,2025-02-21T21:36:12,Email Open,0
876,2025-02-14T08:18:47,Clicked email link,0
2809,2025-04-09T02:30:36,Viewed Product.,0
1216,2025-03-25T01:43:07,Clicked Email,0
1477,2025-03-11T11:15:59,Opened Email,0
2668,2025-01-08T06:15:02,Clicked Email,0
2580,2025-01-27T09:39:43,Placed Order,1
869,2025-01-31T09:49:26,SMS Sent,0
612,2025-02-15T11:15:37,Octane: Quiz Completed: Find The Perfect Eye Shadow   .,0
2253,2025-01-17T20:09:15,Blotout Viewed Product Xyz,0
1030,2025-04-08T19:36:00,Viewed Product XYZ   ,0
393,2025-04-22T09:26:04,Opened Email,0
797,2025-04-26T17:40:37,SMS Sent,0
1932,2025-01-26T11:41:42,Clicked Email,0
442,2025-03-22T23:55:44,Clicked email link,1
1516,2025-03-16T05:55:02,Black Crow Identified,0
2791,2025-04-27T00:20:56,Blotout Viewed Product Xyz,0
2867,2025-03-28T21:13:39,Opened Email,0
1384,2025-01-05T00:45:09,Blotout Viewed Product Xyz,0
916,2025-01-29T03:15:33,Opened Email,0
1081,2025-01-17T09:13:01,Clicked Email,0
950,2025-04-07T06:41:52,Opened Email,0
446,2025-02-21T11:12:13,Black Crow Identified,0
2184,2025-04-29T04:33:52,Blotout Viewed Product Xyz,0
2484,2025-04-26T03:53:28,Clicked email to unsubscribe,0
2701,2025-03-11T05:21:16,Octane: Quiz Completed: Find The Perfect Eye Shadow   .,0
668,2025-02-11T12:58:55,Black Crow Identified,0
1207,2025-02-15T20:21:36,Clicked email to unsubscribe,0
2313,2025-01-06T13:02:14,Clicked Email,0
2051,2025-02-03T14:26:39,Viewed Product.,0
2584,2025-04-10T21:54:26,SMS Delivered,0
2200,2025-01-16T20:25:29,Octane: Quiz Completed: Find The Perfect Eye Shadow   .,0
611,2025-03-20T01:02:35,Clicked Email,0
1259,2025-03-23T10:17:32,Email Open,0
2600,2025-02-09T00:51:43,Viewed Product.,0
1723,2025-02-03T17:37:27,SMS Delivered,0
1516,2025-01-01T09:17:43,SMS Sent,0
1497,2025-03-19T05:51:31,Order Placed,1
2597,2025-01-26T02:08:23,Octane: Quiz Completed: Find The Perfect Eye Shadow   .,0
581,2025-02-28T11:25:55,Blotout Viewed Product Xyz,0
2437,2025-01-25T15:18:48,SMS Sent,0
2999,2025-04-17T06:48:26,Black Crow Identified,0
1882,2025-02-28T03:31:00,Black Crow Identified,0
2684,2025-03-22T11:34:55,Black Crow Identified,0
368,2025-04-18T16:27:26,Active on Site,1
1041,2025-03-26T14:04:02,Octane: Quiz Completed: Find The Perfect Eye Shadow   .,0
518,2025-01-15T09:11:09,Order Placed,1
1891,2025-01-30T09:21:12,Clicked Email,0
1969,2025-03-11T15:20:20,Clicked email link,0
2564,2025-02-06T17:30:47,Unsubscribed,0
142,2025-01-25T04:19:29,Clicked email to unsubscribe,0
1949,2025-03-19T20:33:53,Octane: Quiz Completed: Find The Perfect Eye Shadow   .,0
272,2025-01-18T17:47:41,SMS Sent,0
2099,2025-03-31T15:02:53,Clicked email to unsubscribe,1
2285,2025-03-25T05:02:52,Black Crow Identified,0
1284,2025-01-13T05:24:05,Active on Site,0
407,2025-02-13T19:04:27,Clicked Email,0
2052,2025-01-09T05:18:00,Clicked email link,0
251,2025-04-01T10:34:39,Unsubscribed,1
2921,2025-04-10T12:58:49,Blotout Viewed Product Xyz,0
583,2025-03-04T14:43:40,Clicked email link,0
2673,2025-03-05T13:57:36,Octane: Quiz Completed: Find The Perfect Eye Shadow   .,0
2387,2025-03-24T07:33:09,Email Open,0
1930,2025-01-30T14:23:34,Clicked email link,0
491,2025-02-18T19:39:25,Order Placed,1
629,2025-03-27T04:24:40,Email Open,0
2042,2025-02-18T22:00:09,Blotout Viewed Product Xyz,0
1555,2025-04-08T11:07:28,SMS Sent,0
773,2025-01-11T03:33:17,SMS Delivered,0
439,2025-02-15T20:43:28,Opened Email,0
154,2025-02-05T02:36:40,Clicked email to unsubscribe,0
2564,2025-04-17T02:02:24,SMS Sent,0
829,2025-04-24T22:56:12,Placed Order,1
1386,2025-04-20T02:04:05,Viewed Product XYZ   ,0
1270,2025-03-27T02:38:36,Octane: Quiz Completed: Find The Perfect Eye Shadow   .,0
87,2025-01-21T19:20:02,Unsubscribed,0
751,2025-01-20T05:28:25,Email Open,1
2692,2025-03-29T04:08:10,Octane: Quiz Completed: Find The Perfect Eye Shadow   .,0
970,2025-04-26T22:26:34,SMS Sent,1
2584,2025-02-11T05:16:31,Active on Site,0
2987,2025-04-07T15:39:31,Placed Order,1
1980,2025-03-17T11:04:50,Clicked email link,0
2230,2025-01-05T20:26:50,Viewed Product XYZ   ,0
1402,2025-04-24T06:09:11,Clicked email to unsubscribe,0
1921,2025-02-23T15:10:07,Clicked email link,0
2899,2025-04-29T17:04:49,Unsubscribed,0
1424,2025-02-22T08:03:25,SMS Sent,0
334,2025-01-27T14:14:46,Viewed Product.,1
2664,2025-03-16T00:26:28,Viewed Product.,0
2463,2025-01-08T18:35:29,Octane: Quiz Completed: Find The Perfect Eye Shadow   .,0
1586,2025-04-16T00:19:03,Active on Site,0
2137,2025-04-25T10:45:07,SMS Sent,0
1221,2025-03-03T21:37:09,Clicked email link,0
1564,2025-01-08T07:40:09,SMS Sent,0
1181,2025-01-28T22:24:50,Opened Email,0
24,2025-04-03T01:21:08,Clicked email link,0
2421,2025-04-20T10:31:51,Active on Site,0
1299,2025-03-20T02:06:39,SMS Delivered,0
1837,2025-04-25T20:14:55,Clicked email link,0
1536,2025-03-02T03:02:14,Opened Email,0
2421,2025-03-02T12:23:17,Octane: Quiz Completed: Find The Perfect Eye Shadow   .,0
869,2025-02-19T00:35:56,Viewed Product.,0
316,2025-04-20T20:18:02,Viewed Product.,0
1202,2025-01-06T19:14:10,Clicked email link,0
784,2025-04-29T07:23:36,SMS Sent,0
190,2025-03-21T18:03:21,Clicked email link,0
1427,2025-01-26T16:48:10,Order Placed,1
2910,2025-04-27T16:24:07,Viewed Product XYZ   ,0
1821,2025-02-24T09:54:06,Viewed Product.,0
2005,2025-03-11T11:17:43,Black Crow Identified,0
1699,2025-03-20T02:46:01,Unsubscribed,0
1473,2025-03-03T07:31:44,Placed Order,1
1740,2025-04-28T16:36:46,Viewed Product.,0
2145,2025-02-25T09:39:40,Order Placed,1
858,2025-02-18T16:25:26,Order Placed,1
787,2025-04-18T11:03:57,Clicked email to unsubscribe,0
641,2025-04-19T06:12:22,Blotout Viewed Product Xyz,0
391,2025-04-27T13:57:55,Clicked email link,0
604,2025-04-19T20:46:37,Active on Site,0
1887,2025-02-28T06:08:23,Clicked email to unsubscribe,0
2420,2025-01-16T01:01:29,Active on Site,0
466,2025-02-11T11:30:44,Placed Order,1
574,2025-02-08T02:26:40,Viewed Product.,0
2391,2025-02-15T09:56:24,Viewed Product.,0
1036,2025-01-30T03:57:23,Viewed Product.,0
127,2025-02-24T15:40:38,Email Open,0
2719,2025-03-08T13:55:06,Viewed Product XYZ   ,0
1405,2025-04-23T03:39:15,SMS Sent,0
2315,2025-01-22T14:07:07,Viewed Product XYZ   ,0
2763,2025-03-28T00:45:18,Order Placed,1
202,2025-02-26T17:45:56,Viewed Product.,0
2995,2025-01-27T07:13:13,Active on Site,0
1902,2025-02-10T15:15:45,Opened Email,0
405,2025-01-06T19:17:56,Placed Order,1
2418,2025-04-05T23:10:34,SMS Sent,0
562,2025-04-07T23:38:04,Order Placed,1
2730,2025-01-15T02:13:28,Clicked email to unsubscribe,0
1980,2025-01-13T00:36:45,Black Crow Identified,0
2235,2025-04-16T10:04:10,Viewed Product XYZ   ,0
2178,2025-01-11T15:12:27,Placed Order,1
1492,2025-02-08T03:57:11,Octane: Quiz Completed: Find The Perfect Eye Shadow   .,0
596,2025-04-28T21:34:32,SMS Sent,0
172,2025-02-20T05:43:08,Viewed Product.,0
1972,2025-04-06T21:28:38,Order Placed,1
1615,2025-03-08T03:30:35,Clicked Email,0
1287,2025-02-24T11:37:22,Order Placed,1
1060,2025-02-14T04:08:43,Placed Order,1
57,2025-01-16T11:23:37,Active on Site,0
621,2025-04-13T10:55:54,Order Placed,1
2431,2025-03-31T14:32:22,Clicked email link,0
969,2025-02-07T02:37:31,Unsubscribed,0
2608,2025-01-01T01:39:54,SMS Sent,0
1262,2025-03-21T03:52:20,Placed Order,1
1083,2025-02-06T09:31:07,Placed Order,1
2770,2025-04-11T08:53:33,Black Crow Identified,0
1977,2025-02-14T07:04:55,Clicked email link,0
1771,2025-02-13T09:16:14,Email Open,0
1395,2025-04-23T15:25:24,SMS Delivered,0
2852,2025-01-21T00:05:31,Placed Order,1
715,2025-01-24T23:45:16,Email Open,0
346,2025-03-29T05:33:59,Active on Site,0
2533,2025-03-20T16:29:18,Black Crow Identified,0
1952,2025-01-04T03:50:42,Black Crow Identified,0
211,2025-04-20T04:06:29,Order Placed,1
486,2025-04-24T02:07:27,Octane: Quiz Completed: Find The Perfect Eye Shadow   .,0
234,2025-04-05T08:49:16,Viewed Product XYZ   ,1
806,2025-03-06T07:28:51,SMS Sent,0
387,2025-01-27T02:34:21,Active on Site,0
2222,2025-01-12T07:37:59,SMS Delivered,0
1898,2025-04-22T12:43:06,Unsubscribed,0
1460,2025-03-23T05:06:45,SMS Delivered,0
2480,2025-03-09T19:05:38,Blotout Viewed Product Xyz,0
631,2025-04-06T17:45:15,Unsubscribed,0
1062,2025-03-03T01:01:33,Clicked Email,0
617,2025-01-09T04:05:50,Active on Site,0
1195,2025-02-14T20:57:07,Unsubscribed,0
580,2025-03-10T15:19:47,Viewed Product.,0
1024,2025-01-25T06:30:57,Viewed Product.,1
2144,2025-02-27T20:01:23,Clicked email to unsubscribe,0
2626,2025-02-18T02:19:37,Unsubscribed,0
613,2025-04-26T02:20:25,Black Crow Identified,0
724,2025-01-03T19:13:31,SMS Sent,0
2103,2025-04-07T08:01:41,Unsubscribed,0
2212,2025-04-18T09:14:33,Octane: Quiz Completed: Find The Perfect Eye Shadow   .,0
923,2025-01-30T07:47:35,Email Open,0
845,2025-03-02T07:30:31,Viewed Product.,0
1331,2025-03-08T11:44:00,Email Open,0
1531,2025-04-14T09:31:23,Clicked Email,0
2384,2025-01-01T23:32:44,Blotout Viewed Product Xyz,0
156,2025-03-24T23:50:41,Active on Site,0
961,2025-03-06T01:26:40,Placed Order,1
2908,2025-04-17T12:40:04,Octane: Quiz Completed: Find The Perfect Eye Shadow   .,0
2741,2025-02-25T13:03:30,Octane: Quiz Completed: Find The Perfect Eye Shadow   .,0
197,2025-02-20T14:07:38,Viewed Product XYZ   ,0
1094,2025-04-28T01:59:35,Clicked email link,0
2428,2025-02-11T09:04:45,Order Placed,1
2682,2025-01-18T13:00:51,Clicked email to unsubscribe,0
2166,2025-02-14T22:27:24,Order Placed,1
1077,2025-02-05T05:57:56,Clicked email link,0
1939,2025-01-02T20:44:21,Viewed Product XYZ   ,0
2986,2025-02-01T15:00:33,Octane: Quiz Completed: Find The Perfect Eye Shadow   .,0
2130,2025-02-21T18:24:07,Blotout Viewed Product Xyz,0
1883,2025-04-16T23:22:27,SMS Delivered,0
365,2025-02-09T04:31:21,Blotout Viewed Product Xyz,0
1401,2025-03-14T18:39:50,SMS Delivered,0
2783,2025-01-30T17:21:33,Order Placed,1
900,2025-04-01T12:31:41,Order Placed,1
1495,2025-02-17T22:49:09,Placed Order,1
1686,2025-04-30T18:20:36,Black Crow Identified,0
1852,2025-01-23T00:51:55,SMS Delivered,0
2722,2025-01-21T23:38:36,SMS Delivered,0
1108,2025-01-21T21:33:50,Email Open,0
277,2025-02-22T01:28:42,Placed Order,1
1041,2025-01-18T05:30:39,Opened Email,0
2925,2025-03-29T16:02:40,Email Open,0
1015,2025-04-20T12:53:59,Unsubscribed,0
2325,2025-04-17T05:14:35,Email Open,0
142,2025-03-05T19:27:59,Order Placed,1
1501,2025-04-07T13:14:32,Order Placed,1
828,2025-02-27T00:28:58,Viewed Product.,0
2013,2025-03-15T09:07:34,Unsubscribed,0
905,2025-01-05T07:24:37,Active on Site,0
2585,2025-01-10T03:03:51,Active on Site,0
2402,2025-03-11T02:29:43,Email Open,0
2628,2025-03-19T07:38:17,Opened Email,0
678,2025-02-01T17:35:18,Order Placed,1
2683,2025-04-15T17:11:44,Octane: Quiz Completed: Find The Perfect Eye Shadow   .,0
546,2025-03-21T06:56:19,Active on Site,0
18,2025-03-03T22:14:26,Active on Site,1
1383,2025-01-03T12:30:04,Blotout Viewed Product Xyz,0
2160,2025-02-11T05:04:21,Clicked Email,0
1758,2025-02-13T05:14:37,Octane: Quiz Completed: Find The Perfect Eye Shadow   .,0
2924,2025-02-03T18:02:11,Viewed Product XYZ   ,0
2057,2025-03-16T10:01:39,SMS Sent,0
1289,2025-03-02T06:53:54,SMS Sent,0
1995,2025-01-08T10:20:52,Clicked email link,0
239,2025-02-14T03:15:47,Opened Email,0
2904,2025-03-02T13:44:12,Unsubscribed,0
1197,2025-01-25T05:54:41,Black Crow Identified,0
2087,2025-03-28T10:58:51,Clicked email to unsubscribe,0
2631,2025-02-07T20:53:36,Octane: Quiz Completed: Find The Perfect Eye Shadow   .,0
1606,2025-02-17T08:24:21,Clicked Email,1
1112,2025-01-03T04:45:57,Opened Email,0
1572,2025-03-09T01:41:40,Blotout Viewed Product Xyz,0
2505,2025-01-11T14:04:13,SMS Sent,0
1153,2025-02-04T07:12:57,Order Placed,1
871,2025-02-07T18:29:55,Black Crow Identified,0
2699,2025-02-11T17:59:31,Viewed Product.,0
1757,2025-03-06T03:13:39,Clicked email to unsubscribe,0
1356,2025-02-11T17:44:29,Viewed Product XYZ   ,0
371,2025-03-31T09:36:33,Placed Order,1
2848,2025-02-10T13:46:24,Email Open,0
1431,2025-04-20T15:59:00,SMS Sent,0
2124,2025-03-16T22:37:35,Placed Order,1
1167,2025-01-06T09:30:24,Opened Email,0
149,2025-03-08T00:49:00,Octane: Quiz Completed: Find The Perfect Eye Shadow   .,0
1610,2025-01-15T19:00:38,Viewed Product XYZ   ,0
545,2025-01-08T16:25:40,Clicked email link,0
1952,2025-03-09T14:52:27,Octane: Quiz Completed: Find The Perfect Eye Shadow   .,0
2326,2025-02-14T21:34:10,Opened Email,0
2327,2025-02-04T07:56:52,Clicked Email,0
2164,2025-03-01T01:30:51,Viewed Product.,0
2274,2025-04-23T14:21:43,Clicked email link,0
1849,2025-04-08T21:29:49,Order Placed,1
386,2025-02-16T15:27:55,Black Crow Identified,0
1248,2025-01-26T12:50:06,SMS Delivered,0
616,2025-03-09T16:54:34,Clicked Email,0
1619,2025-02-28T10:41:03,Order Placed,1
432,2025-02-19T19:05:57,Email Open,0
908,2025-01-06T08:26:38,Opened Email,0
375,2025-03-24T16:10:16,Email Open,0
535,2025-01-12T06:43:03,Clicked email to unsubscribe,0
2657,2025-03-02T00:03:33,Black Crow Identified,0
1789,2025-03-03T05:24:38,SMS Sent,0
1004,2025-03-28T07:12:12,Unsubscribed,0
1698,2025-03-06T04:33:42,Viewed Product XYZ   ,0
1892,2025-01-20T23:06:11,SMS Delivered,0
507,2025-03-18T08:40:11,Order Placed,1
2751,2025-03-11T13:14:33,Order Placed,1
1971,2025-02-11T18:04:16,Opened Email,0
515,2025-02-05T20:14:49,Viewed Product XYZ   ,0
2218,2025-03-24T02:18:25,Unsubscribed,0
18,2025-03-12T11:19:43,Active on Site,0
956,2025-04-20T10:38:18,Active on Site,0
2963,2025-03-31T19:16:04,Clicked Email,0
580,2025-04-03T16:29:33,Clicked email to unsubscribe,0
511,2025-01-28T03:46:36,SMS Sent,0
2318,2025-04-01T18:36:57,Black Crow Identified,0
493,2025-03-11T06:22:13,SMS Delivered,0
1166,2025-03-07T14:58:19,Clicked email link,1
590,2025-02-20T20:05:53,Blotout Viewed Product Xyz,0
1684,2025-03-22T14:24:37,Viewed Product XYZ   ,0
978,2025-01-21T03:11:33,Viewed Product.,0
1463,2025-01-24T02:39:47,SMS Delivered,0
986,2025-03-26T13:09:49,Octane: Quiz Completed: Find The Perfect Eye Shadow   .,0
1755,2025-04-27T04:41:12,Opened Email,0
1750,2025-01-21T21:08:30,Opened Email,0
2295,2025-02-04T16:58:16,Black Crow Identified,0
788,2025-01-10T21:09:30,SMS Delivered,0
1979,2025-02-17T23:59:36,Black Crow Identified,0
689,2025-01-16T11:06:34,Opened Email,0
1580,2025-03-15T18:15:19,Viewed Product.,0
207,2025-02-13T09:30:50,Blotout Viewed Product Xyz,0
606,2025-01-20T18:03:17,Viewed Product.,0
2548,2025-03-30T23:32:38,Viewed Product.,0
2648,2025-03-18T21:39:35,Email Open,0
629,2025-02-01T17:48:51,Order Placed,1
1868,2025-02-04T03:07:37,Blotout Viewed Product Xyz,0
793,2025-02-27T19:06:55,Viewed Product XYZ   ,0
1141,2025-03-24T10:43:33,Order Placed,1
426,2025-02-23T21:25:52,Placed Order,1
682,2025-03-05T05:14:03,SMS Sent,0
500,2025-01-17T02:39:27,Order Placed,1
1242,2025-02-12T21:13:27,SMS Sent,0
687,2025-02-02T07:53:42,SMS Sent,0
2592,2025-01-18T00:08:37,Clicked email link,0
1400,2025-04-05T01:13:35,Clicked email to unsubscribe,0
1634,2025-04-17T14:49:25,Placed Order,1
606,2025-02-15T07:59:42,Blotout Viewed Product Xyz,0
2431,2025-02-21T14:30:43,Active on Site,0
421,2025-04-09T00:01:15,Opened Email,0
43,2025-04-04T00:01:38,SMS Delivered,0
844,2025-04-30T09:26:47,Order Placed,1
2218,2025-01-31T22:08:07,Placed Order,1
1743,2025-04-12T23:13:25,Clicked email to unsubscribe,1
895,2025-03-24T14:16:17,Order Placed,1
2016,2025-02-10T00:33:17,Active on Site,0
1363,2025-04-15T00:21:52,Clicked email to unsubscribe,0
1316,2025-03-16T09:44:21,Email Open,0
459,2025-04-06T20:51:45,Clicked email to unsubscribe,0
1313,2025-04-24T18:45:21,SMS Sent,0
1950,2025-03-03T13:40:49,Viewed Product.,0
2584,2025-01-17T11:12:40,Email Open,0
1869,2025-02-02T21:41:20,Clicked email to unsubscribe,0
2512,2025-03-02T02:01:12,Black Crow Identified,0
2620,2025-03-22T02:57:49,Unsubscribed,0
453,2025-04-19T12:36:45,Octane: Quiz Completed: Find The Perfect Eye Shadow   .,0
1621,2025-04-18T07:03:30,Viewed Product.,0
2966,2025-01-20T18:28:44,Email Open,0
2612,2025-04-10T15:28:28,Clicked Email,0
302,2025-01-28T16:23:04,Active on Site,0
860,2025-01-09T00:15:06,Octane: Quiz Completed: Find The Perfect Eye Shadow   .,0
714,2025-03-29T11:57:01,Email Open,0
1481,2025-03-29T16:06:06,SMS Delivered,0
1957,2025-01-03T02:59:30,Blotout Viewed Product Xyz,0
2042,2025-03-07T22:56:45,SMS Sent,0
2199,2025-04-12T10:15:52,Clicked email link,0
2402,2025-03-24T14:00:26,Octane: Quiz Completed: Find The Perfect Eye Shadow   .,0
2106,2025-01-06T15:37:56,Octane: Quiz Completed: Find The Perfect Eye Shadow   .,0
2768,2025-03-15T16:54:29,Octane: Quiz Completed: Find The Perfect Eye Shadow   .,0
123,2025-01-03T01:22:06,Active on Site,0
621,2025-03-13T19:06:16,SMS Sent,1
701,2025-03-07T09:41:16,SMS Delivered,0
733,2025-03-13T16:46:16,Viewed Product XYZ   ,0
1405,2025-04-16T15:07:18,Email Open,0
248,2025-02-17T04:07:54,Viewed Product XYZ   ,0
2179,2025-01-17T15:51:06,Viewed Product XYZ   ,0
409,2025-03-08T21:52:30,Email Open,0
1340,2025-01-09T09:46:51,SMS Delivered,0
502,2025-01-22T17:51:20,Placed Order,1
1078,2025-04-22T14:18:49,Unsubscribed,0
1209,2025-02-01T01:51:37,Blotout Viewed Product Xyz,0
1770,2025-01-16T08:36:06,Clicked email to unsubscribe,0
752,2025-04-16T13:38:22,Viewed Product XYZ   ,0
1979,2025-02-11T12:01:11,Clicked Email,0
2719,2025-03-19T10:25:11,Viewed Product.,1
2095,2025-02-03T23:16:39,Email Open,0
336,2025-04-14T15:48:16,Viewed Product XYZ   ,0
1698,2025-02-14T03:47:55,Black Crow Identified,0
1616,2025-04-11T06:29:54,Black Crow Identified,0
49,2025-01-26T00:42:34,Black Crow Identified,0
1441,2025-01-25T09:14:03,Viewed Product.,0
452,2025-03-02T11:41:02,Unsubscribed,0
1948,2025-02-19T03:39:01,SMS Sent,0
1101,2025-01-05T06:54:00,Octane: Quiz Completed: Find The Perfect Eye Shadow   .,0
1392,2025-01-12T00:00:03,Black Crow Identified,0
2690,2025-03-08T19:46:14,Unsubscribed,0
1561,2025-02-22T05:57:58,SMS Delivered,0
297,2025-04-05T02:31:14,Placed Order,1
1985,2025-04-19T00:16:02,Octane: Quiz Completed: Find The Perfect Eye Shadow   .,0
2538,2025-01-27T20:21:14,Clicked email link,0
1212,2025-03-31T13:20:19,Clicked Email,0
2966,2025-01-18T13:24:00,Clicked email link,0
2579,2025-04-26T05:08:41,SMS Sent,0
1693,2025-04-24T23:47:48,Clicked Email,0
799,2025-02-15T17:22:50,Placed Order,1
2491,2025-04-07T00:34:23,Email Open,0
1475,2025-02-03T18:14:19,SMS Sent,0
881,2025-02-16T14:37:42,Clicked email link,0
463,2025-01-06T23:26:51,Placed Order,1
673,2025-04-04T09:51:10,SMS Delivered,0
512,2025-03-06T15:23:13,Opened Email,0
2482,2025-04-28T09:53:39,Octane: Quiz Completed: Find The Perfect Eye Shadow   .,1
1997,2025-01-06T08:36:58,Viewed Product XYZ   ,0
1294,2025-01-20T19:12:32,Opened Email,0
1353,2025-03-02T08:52:56,Active on Site,0
1658,2025-03-17T17:48:41,Clicked Email,0
1389,2025-02-10T00:07:43,Clicked email to unsubscribe,0
1491,2025-04-13T20:31:50,Blotout Viewed Product Xyz,0
585,2025-01-30T09:35:38,Active on Site,0
115,2025-04-15T08:49:42,Viewed Product XYZ   ,0
2694,2025-04-09T03:17:12,Unsubscribed,0
2522,2025-03-16T02:46:45,Order Placed,1
972,2025-04-15T08:58:25,Active on Site,0
1339,2025-04-04T09:30:55,Octane: Quiz Completed: Find The Perfect Eye Shadow   .,0
2132,2025-03-18T09:19:58,Viewed Product XYZ   ,0
1238,2025-04-04T11:11:18,Clicked Email,0
1269,2025-04-08T03:56:02,SMS Delivered,1
890,2025-03-04T01:02:05,Viewed Product.,0
1595,2025-03-03T23:47:39,Unsubscribed,0
1252,2025-04-08T06:38:00,Octane: Quiz Completed: Find The Perfect Eye Shadow   .,0
1434,2025-02-08T22:42:44,Viewed Product XYZ   ,0
2693,2025-01-30T11:19:59,Viewed Product XYZ   ,0
767,2025-04-22T19:12:08,Active on Site,0
2584,2025-01-09T04:52:26,Blotout Viewed Product Xyz,0
1985,2025-04-06T21:50:47,Viewed Product XYZ   ,0
2475,2025-03-15T05:09:36,Email Open,0
2109,2025-01-27T08:54:43,Placed Order,1
73,2025-02-25T17:44:48,Blotout Viewed Product Xyz,0
1693,2025-02-10T10:41:02,SMS Sent,0
303,2025-01-10T16:39:43,Viewed Product.,0
229,2025-04-29T18:16:07,Black Crow Identified,0
927,2025-04-12T07:31:07,Viewed Product.,1
296,2025-01-31T09:33:10,Email Open,0
1741,2025-01-26T02:22:54,Octane: Quiz Completed: Find The Perfect Eye Shadow   .,0
2161,2025-03-13T23:01:32,Email Open,0
1321,2025-03-04T22:30:11,Placed Order,1
1545,2025-04-22T13:51:21,Viewed Product XYZ   ,0
229,2025-04-30T04:27:50,Email Open,0
1732,2025-04-30T08:24:23,Order Placed,1
2141,2025-01-23T11:05:18,Octane: Quiz Completed: Find The Perfect Eye Shadow   .,0
510,2025-01-28T08:10:12,Active on Site,0
42,2025-01-14T18:37:44,Opened Email,0
1986,2025-03-04T10:58:09,Viewed Product XYZ   ,1
1334,2025-02-19T23:59:33,Clicked email link,0
794,2025-03-26T20:06:34,Octane: Quiz Completed: Find The Perfect Eye Shadow   .,1
893,2025-02-08T13:17:47,Opened Email,0
1606,2025-04-01T13:15:47,Placed Order,1
2182,2025-02-16T00:32:29,Order Placed,1
1384,2025-03-19T05:48:59,Unsubscribed,0
2898,2025-03-28T10:38:15,Viewed Product XYZ   ,0
1737,2025-04-15T05:21:56,Unsubscribed,0
1910,2025-04-02T21:44:10,Black Crow Identified,0
252,2025-02-09T17:21:10,Clicked email link,0
2603,2025-04-28T17:53:50,Blotout Viewed Product Xyz,0
2634,2025-02-06T03:08:28,Opened Email,0
777,2025-03-27T18:52:23,Clicked email to unsubscribe,0
232,2025-03-08T07:41:32,Clicked Email,0
975,2025-01-02T21:04:41,Opened Email,0
2486,2025-04-09T07:26:00,Active on Site,0
1072,2025-02-26T08:19:55,Email Open,0
1165,2025-04-06T23:17:41,Unsubscribed,0
2996,2025-02-06T01:30:26,Viewed Product.,0
373,2025-02-19T19:45:02,Clicked Email,0
103,2025-03-19T18:52:11,Unsubscribed,0
1515,2025-04-06T02:40:35,Order Placed,1
2550,2025-03-13T14:45:58,Octane: Quiz Completed: Find The Perfect Eye Shadow   .,0
2695,2025-01-22T17:13:16,Viewed Product.,0
2660,2025-03-01T07:41:46,Blotout Viewed Product Xyz,0
371,2025-03-01T14:52:38,Blotout Viewed Product Xyz,0
596,2025-04-17T06:06:14,Unsubscribed,0
2243,2025-02-09T07:09:15,Clicked Email,1
1038,2025-03-15T05:55:17,Opened Email,0
2439,2025-01-23T18:14:17,Octane: Quiz Completed: Find The Perfect Eye Shadow   .,0
835,2025-03-31T05:26:21,Octane: Quiz Completed: Find The Perfect Eye Shadow   .,0
2393,2025-02-19T23:42:16,Octane: Quiz Completed: Find The Perfect Eye Shadow   .,0
597,2025-01-24T19:02:09,Order Placed,1
2580,2025-04-09T01:41:42,Octane: Quiz Completed: Find The Perfect Eye Shadow   .,1
1158,2025-02-12T02:57:16,Blotout Viewed Product Xyz,0
1456,2025-03-30T00:29:44,Clicked email link,0
1321,2025-03-29T17:35:39,Order Placed,1
2975,2025-03-29T09:20:30,Unsubscribed,0
158,2025-01-23T07:13:45,Clicked email link,0
1015,2025-04-09T12:39:45,Viewed Product.,0
2340,2025-01-04T08:57:57,Clicked email link,0
2082,2025-03-25T05:34:57,Active on Site,0
1821,2025-02-04T08:34:05,Opened Email,0
672,2025-02-18T06:16:50,SMS Sent,0
216,2025-01-18T04:15:48,Order Placed,1
1356,2025-04-02T12:36:27,Octane: Quiz Completed: Find The Perfect Eye Shadow   .,0
2823,2025-02-04T15:40:55,Clicked email to unsubscribe,0
1890,2025-03-07T02:17:22,Blotout Viewed Product Xyz,0
2485,2025-03-27T17:38:57,SMS Delivered,0
1148,2025-04-28T18:57:26,Clicked email link,0
1751,2025-01-01T14:06:21,Placed Order,1
2936,2025-03-17T02:33:30,Viewed Product XYZ   ,0
1392,2025-01-30T01:45:24,Blotout Viewed Product Xyz,0
791,2025-01-22T07:53:26,Clicked email to unsubscribe,0
2917,2025-01-15T16:30:17,Viewed Product XYZ   ,0
1956,2025-02-06T00:40:15,Clicked email to unsubscribe,0
2619,2025-04-16T21:20:41,Order Placed,1
1642,2025-01-15T13:07:55,Octane: Quiz Completed: Find The Perfect Eye Shadow   .,0
1227,2025-04-30T23:49:15,Placed Order,1
125,2025-02-11T00:21:50,Placed Order,1
212,2025-02-01T09:58:54,Viewed Product.,0
2415,2025-02-24T17:01:35,Opened Email,0
118,2025-02-03T07:41:26,Active on Site,0
1009,2025-01-30T00:14:01,Placed Order,1
112,2025-04-01T10:24:34,Active on Site,0
2009,2025-03-07T20:06:59,Blotout Viewed Product Xyz,0
444,2025-02-14T15:26:07,Black Crow Identified,0
1637,2025-04-03T20:23:31,Viewed Product XYZ   ,0
811,2025-04-12T04:07:45,SMS Delivered,0
2499,2025-02-16T18:27:31,Placed Order,1
334,2025-04-05T17:19:59,Unsubscribed,0
1712,2025-02-03T02:03:04,Viewed Product.,0
95,2025-01-14T19:17:05,Viewed Product XYZ   ,0
824,2025-02-03T16:52:16,Blotout Viewed Product Xyz,0
2671,2025-02-28T08:25:00,Order Placed,1
2659,2025-02-27T13:58:04,Opened Email,0
244,2025-03-16T11:50:54,Email Open,0
455,2025-04-20T05:34:01,SMS Sent,0
2922,2025-03-09T07:51:54,Placed Order,1
1792,2025-04-20T02:46:59,Clicked Email,0
2827,2025-02-05T02:50:46,Email Open,0
2911,2025-04-17T07:31:05,Black Crow Identified,0
1556,2025-01-21T07:04:41,Email Open,0
1182,2025-04-28T23:19:01,Email Open,1
630,2025-01-25T20:56:48,Viewed Product.,0
190,2025-04-15T11:37:27,Order Placed,1
2111,2025-01-17T12:50:53,Placed Order,1
520,2025-03-02T09:51:21,Blotout Viewed Product Xyz,0
712,2025-02-01T07:02:43,Clicked email link,0
12,2025-01-27T23:02:30,Placed Order,1
2943,2025-02-10T23:08:17,SMS Sent,0
1697,2025-01-30T20:59:01,Viewed Product.,0
396,2025-01-15T03:10:39,Order Placed,1
287,2025-01-04T12:24:59,Octane: Quiz Completed: Find The Perfect Eye Shadow   .,0
172,2025-02-13T14:50:39,Opened Email,0
1276,2025-01-17T02:29:15,Blotout Viewed Product Xyz,0
544,2025-04-14T14:35:27,Clicked email link,0
1766,2025-01-12T10:16:04,Viewed Product XYZ   ,0
2599,2025-02-02T09:22:15,Active on Site,0
1443,2025-04-14T09:16:00,Email Open,0
2535,2025-03-20T22:50:17,Opened Email,0
2417,2025-01-04T05:54:03,Viewed Product XYZ   ,0
2690,2025-02-08T21:25:04,Viewed Product XYZ   ,0
2256,2025-01-08T13:50:31,Active on Site,1
2066,2025-03-10T22:12:40,SMS Delivered,0
1265,2025-02-09T05:34:13,Viewed Product XYZ   ,0
543,2025-01-11T04:22:47,Black Crow Identified,1
2517,2025-04-21T16:32:44,Unsubscribed,0
2577,2025-01-06T18:47:07,Opened Email,0
1890,2025-02-09T08:22:40,Opened Email,0
305,2025-01-26T13:23:02,Order Placed,1
2792,2025-02-27T02:53:19,Clicked email to unsubscribe,0
986,2025-02-09T03:11:43,Viewed Product.,0
2379,2025-01-14T10:52:41,Email Open,0
380,2025-01-26T12:22:02,Email Open,0
885,2025-02-13T01:11:17,Blotout Viewed Product Xyz,1
710,2025-02-11T21:56:11,Clicked email link,0
1214,2025-01-29T23:01:27,Octane: Quiz Completed: Find The Perfect Eye Shadow   .,0
549,2025-01-20T16:34:14,Viewed Product XYZ   ,0
2090,2025-03-21T03:35:35,Viewed Product.,0
2018,2025-04-04T00:27:25,Email Open,0
2350,2025-03-21T23:14:17,Blotout Viewed Product Xyz,0
1770,2025-03-21T02:02:04,SMS Delivered,0
2860,2025-01-22T00:25:43,Black Crow Identified,0
2617,2025-01-09T16:08:05,Viewed Product XYZ   ,0
2752,2025-01-05T06:24:11,Opened Email,0
2537,2025-03-31T01:56:11,Viewed Product XYZ   ,0
518,2025-04-09T05:28:28,Email Open,0
1205,2025-01-15T01:16:59,Opened Email,0
1983,2025-04-26T10:55:59,Blotout Viewed Product Xyz,0
565,2025-01-02T01:07:16,SMS Delivered,0
233,2025-03-07T04:26:36,Opened Email,0
2433,2025-04-14T22:26:58,Clicked email to unsubscribe,0
2772,2025-04-23T11:40:45,Octane: Quiz Completed: Find The Perfect Eye Shadow   .,0
119,2025-03-27T02:32:10,SMS Delivered,0
2158,2025-04-05T04:03:28,Clicked Email,0
2966,2025-02-04T23:43:34,Blotout Viewed Product Xyz,0
2769,2025-03-22T17:07:07,Viewed Product XYZ   ,0
2690,2025-04-01T04:38:40,Active on Site,0
1383,2025-02-12T05:53:11,SMS Delivered,0
2784,2025-03-31T16:40:21,Octane: Quiz Completed: Find The Perfect Eye Shadow   .,0
680,2025-03-07T20:20:00,Viewed Product.,0
633,2025-01-02T22:23:30,Viewed Product XYZ   ,0
103,2025-04-29T02:53:51,Placed Order,1
1910,2025-04-06T12:42:51,Unsubscribed,0
2737,2025-01-26T20:22:54,Viewed Product XYZ   ,0
1935,2025-02-07T15:51:22,Order Placed,1
756,2025-02-14T15:43:38,Unsubscribed,0
865,2025-03-05T09:14:54,Black Crow Identified,0
1408,2025-01-11T02:18:06,Blotout Viewed Product Xyz,0
1744,2025-02-17T12:14:37,SMS Sent,0
2648,2025-01-03T15:18:29,Viewed Product.,0
2044,2025-03-28T00:56:45,SMS Delivered,0
754,2025-03-10T07:04:13,Clicked Email,0
1587,2025-02-23T04:05:08,SMS Delivered,0
951,2025-03-31T12:28:38,SMS Sent,0
445,2025-01-03T06:15:38,Clicked email to unsubscribe,0
658,2025-02-08T08:18:06,Clicked Email,0
1457,2025-04-03T09:25:07,SMS Delivered,0
1689,2025-02-16T14:43:18,Active on Site,1
2472,2025-02-06T21:56:31,Viewed Product XYZ   ,0
869,2025-01-20T13:51:51,Email Open,0
2891,2025-03-24T06:43:36,Viewed Product XYZ   ,0
1951,2025-01-01T13:09:48,SMS Sent,0
2353,2025-03-13T13:07:02,Email Open,0
2541,2025-04-08T16:36:41,Email Open,0
2108,2025-04-06T15:02:30,Unsubscribed,0
175,2025-01-01T03:32:13,Blotout Viewed Product Xyz,0
695,2025-03-09T02:11:22,Placed Order,1
1060,2025-04-16T10:31:14,Order Placed,1
2304,2025-03-28T16:11:01,Clicked email to unsubscribe,0
1085,2025-04-18T20:26:55,Black Crow Identified,0
409,2025-03-24T23:20:40,SMS Delivered,0
1134,2025-03-19T06:46:40,SMS Delivered,0
1433,2025-01-26T11:26:53,Black Crow Identified,0
1595,2025-04-16T21:58:38,Clicked Email,0
2988,2025-02-13T07:31:34,Placed Order,1
901,2025-04-29T14:21:57,Black Crow Identified,0
1350,2025-02-08T07:19:31,Opened Email,0
2375,2025-04-22T03:10:01,Viewed Product XYZ   ,0
889,2025-04-10T14:59:07,Order Placed,1
2728,2025-01-11T00:37:40,Placed Order,1
1341,2025-01-02T12:02:41,Active on Site,0
1709,2025-03-05T21:05:24,Clicked Email,0
605,2025-02-24T12:38:12,Order Placed,1
2802,2025-03-30T08:32:31,SMS Sent,0
2075,2025-04-28T04:47:25,Clicked Email,0
1733,2025-04-15T12:35:56,Octane: Quiz Completed: Find The Perfect Eye Shadow   .,0
1038,2025-02-24T19:45:15,Unsubscribed,0
1826,2025-03-12T06:43:06,Clicked email link,0
283,2025-04-22T14:13:07,SMS Sent,0
2905,2025-04-23T18:33:40,Email Open,0
2679,2025-03-22T20:58:38,Active on Site,1
2673,2025-03-12T22:18:29,Blotout Viewed Product Xyz,0
1967,2025-04-21T15:03:56,Blotout Viewed Product Xyz,0
2719,2025-01-13T09:15:16,Clicked email to unsubscribe,0
1148,2025-03-09T14:43:21,Black Crow Identified,0
2940,2025-03-08T12:34:47,Order Placed,1
391,2025-01-18T05:43:45,Placed Order,1
2690,2025-04-27T21:51:47,SMS Sent,0
2293,2025-03-17T07:02:00,Active on Site,0
2202,2025-02-06T11:50:43,Active on Site,0
1037,2025-03-02T12:14:01,Blotout Viewed Product Xyz,0
984,2025-03-25T07:53:32,Clicked email link,0
480,2025-01-05T03:46:35,Clicked email link,0
1375,2025-03-09T07:42:30,Email Open,0
382,2025-03-01T16:59:00,Clicked Email,0
1747,2025-01-25T02:56:32,Black Crow Identified,0
1238,2025-02-24T10:57:00,Order Placed,1
2349,2025-01-06T07:38:42,Unsubscribed,0
801,2025-04-24T18:24:53,Clicked Email,0
2313,2025-04-26T11:10:57,Email Open,0
262,2025-01-08T02:27:34,Clicked email link,0
1307,2025-01-30T06:28:43,Clicked email link,0
1563,2025-04-02T01:58:54,Unsubscribed,0
1695,2025-03-02T21:10:17,Black Crow Identified,0
188,2025-01-16T23:13:22,Placed Order,1
2477,2025-04-05T23:25:52,Clicked email to unsubscribe,0
2700,2025-02-24T17:30:38,Viewed Product.,0
1968,2025-01-02T19:32:21,SMS Delivered,0
83,2025-01-04T10:14:39,Placed Order,1
2894,2025-04-04T15:50:47,Black Crow Identified,0
1207,2025-04-11T12:46:22,Placed Order,1
2741,2025-03-08T06:08:16,Email Open,0
2970,2025-01-08T16:36:37,SMS Delivered,0
2027,2025-02-26T00:17:01,Blotout Viewed Product Xyz,0
2605,2025-03-17T18:06:06,Order Placed,1
121,2025-03-11T14:33:55,Viewed Product.,0
1972,2025-02-06T12:29:01,Black Crow Identified,0
2673,2025-04-28T21:32:44,Opened Email,0
56,2025-04-23T07:24:22,Clicked email link,0
726,2025-04-20T08:03:14,Order Placed,1
2072,2025-01-29T01:27:41,Active on Site,0
1974,2025-02-26T19:24:22,Viewed Product XYZ   ,0
107,2025-02-04T10:55:29,Black Crow Identified,0
1079,2025-01-16T06:47:59,Placed Order,1
2341,2025-01-31T03:39:19,Octane: Quiz Completed: Find The Perfect Eye Shadow   .,0
2305,2025-04-05T17:57:39,SMS Delivered,0
277,2025-04-07T23:27:19,Octane: Quiz Completed: Find The Perfect Eye Shadow   .,0
1957,2025-01-03T06:00:37,Viewed Product XYZ   ,0
1029,2025-03-14T01:52:22,Viewed Product.,0
1638,2025-01-06T16:49:23,Clicked email to unsubscribe,0
2913,2025-01-08T02:42:38,Viewed Product.,0
1980,2025-04-19T17:27:43,Octane: Quiz Completed: Find The Perfect Eye Shadow   .,0
508,2025-04-23T22:58:46,Clicked email link,0
1682,2025-04-18T02:40:14,Viewed Product XYZ   ,0
1090,2025-02-08T21:45:10,Placed Order,1
1120,2025-01-03T14:11:10,Black Crow Identified,0
1208,2025-03-17T05:30:54,Viewed Product.,0
1641,2025-03-27T06:38:26,Octane: Quiz Completed: Find The Perfect Eye Shadow   .,0
365,2025-01-13T12:55:07,Viewed Product.,0
2574,2025-03-27T14:50:17,Viewed Product XYZ   ,0
2096,2025-03-31T13:20:14,Black Crow Identified,0
1049,2025-04-13T10:12:58,Active on Site,0
65,2025-03-17T00:00:06,Viewed Product.,0
226,2025-02-05T23:36:43,SMS Sent,1
1766,2025-03-02T07:58:42,Placed Order,1
2724,2025-03-12T15:53:16,Placed Order,1
480,2025-03-13T07:20:25,Order Placed,1
1098,2025-03-02T19:08:40,Blotout Viewed Product Xyz,0
2700,2025-01-24T16:17:17,Clicked email to unsubscribe,1
2648,2025-04-28T04:48:01,Opened Email,0
155,2025-03-13T22:59:50,Active on Site,0
2625,2025-04-25T07:54:04,Email Open,0
930,2025-04-06T02:22:09,Black Crow Identified,0
973,2025-04-15T19:14:59,Octane: Quiz Completed: Find The Perfect Eye Shadow   .,0
1393,2025-02-02T14:40:14,Active on Site,0
144,2025-02-14T12:33:13,Viewed Product.,0
2786,2025-01-19T11:33:34,Clicked email to unsubscribe,0
64,2025-02-05T06:26:11,SMS Delivered,0
1009,2025-04-10T20:08:54,Blotout Viewed Product Xyz,0
1201,2025-04-18T13:31:11,Clicked Email,0
329,2025-04-19T03:14:32,Placed Order,1
906,2025-02-08T23:18:03,Active on Site,0
360,2025-04-28T21:17:50,Unsubscribed,0
2730,2025-04-14T12:20:16,Viewed Product XYZ   ,0
2494,2025-01-10T01:25:02,Unsubscribed,0
2376,2025-02-23T07:24:49,Active on Site,0
1072,2025-02-25T22:30:06,Blotout Viewed Product Xyz,0
1914,2025-02-07T18:34:51,Clicked email to unsubscribe,0
2133,2025-03-31T19:33:52,Octane: Quiz Completed: Find The Perfect Eye Shadow   .,0
2227,2025-04-15T04:11:33,Opened Email,0
1106,2025-04-01T12:53:09,SMS Sent,0
1902,2025-01-24T00:23:18,Clicked email to unsubscribe,0
1541,2025-02-17T16:54:13,Placed Order,1
67,2025-01-07T08:42:38,Clicked Email,0
1567,2025-04-29T00:58:17,Viewed Product.,0
1049,2025-03-24T10:40:29,Opened Email,0
271,2025-03-29T05:55:11,Opened Email,0
2377,2025-03-28T02:09:51,Opened Email,0
1592,2025-01-19T05:18:21,Viewed Product.,0
807,2025-03-16T23:39:06,Viewed Product XYZ   ,0
1512,2025-03-16T16:38:38,Viewed Product.,0
1496,2025-04-02T16:26:46,Active on Site,0
2364,2025-04-01T12:43:55,Unsubscribed,0
778,2025-04-27T11:00:28,Active on Site,0
1563,2025-02-11T16:35:41,Email Open,1
2689,2025-04-19T03:31:35,Email Open,0
1780,2025-03-18T11:23:09,Active on Site,0
1753,2025-03-17T14:10:21,Order Placed,1
2590,2025-02-03T10:16:01,Email Open,0
139,2025-02-25T01:02:22,Unsubscribed,0
186,2025-04-29T20:45:04,Unsubscribed,0
2516,2025-04-04T18:10:54,Opened Email,0
1785,2025-03-20T10:16:03,Blotout Viewed Product Xyz,0
2349,2025-02-01T23:56:25,Order Placed,1
1478,2025-04-21T19:10:42,Order Placed,1
2742,2025-04-11T02:38:19,SMS Delivered,0
575,2025-01-15T03:18:23,SMS Delivered,0
1617,2025-02-27T15:08:42,SMS Delivered,0
715,2025-04-08T08:08:58,Clicked email to unsubscribe,0
203,2025-03-07T18:58:50,Octane: Quiz Completed: Find The Perfect Eye Shadow   .,0
169,2025-04-04T17:59:07,Email Open,0
2482,2025-01-30T01:55:20,Clicked Email,0
2282,2025-03-13T02:31:26,Clicked Email,0
266,2025-02-11T14:14:58,Clicked Email,0
1409,2025-02-06T11:29:01,Octane: Quiz Completed: Find The Perfect Eye Shadow   .,0
1618,2025-02-28T21:15:22,Placed Order,1
1448,2025-03-26T15:02:52,Black Crow Identified,0
2063,2025-03-17T17:54:37,Black Crow Identified,0
1136,2025-02-07T11:09:25,Octane: Quiz Completed: Find The Perfect Eye Shadow   .,1
2315,2025-02-17T11:26:17,Active on Site,0
2633,2025-01-02T23:00:08,Opened Email,0
2697,2025-02-21T14:14:52,SMS Sent,0
1938,2025-04-11T18:20:34,SMS Delivered,0
58,2025-03-02T09:22:52,Placed Order,1
1128,2025-01-29T23:14:31,Placed Order,1
342,2025-02-06T07:55:46,Viewed Product.,0
538,2025-01-23T09:18:59,Clicked email to unsubscribe,0
1513,2025-01-13T07:07:07,Opened Email,0
2422,2025-02-04T10:47:53,Octane: Quiz Completed: Find The Perfect Eye Shadow   .,0
2688,2025-03-11T02:38:50,Email Open,0
1905,2025-03-13T20:13:54,Blotout Viewed Product Xyz,0
1876,2025-01-26T12:57:39,Black Crow Identified,0
2939,2025-02-08T18:59:15,Clicked Email,0
2153,2025-04-16T17:18:20,Black Crow Identified,0
88,2025-02-22T11:38:50,Blotout Viewed Product Xyz,0
1884,2025-03-03T08:08:39,Octane: Quiz Completed: Find The Perfect Eye Shadow   .,0
1665,2025-02-17T18:46:52,Clicked email link,0
1840,2025-02-21T05:02:04,Active on Site,0
309,2025-01-22T07:25:49,Octane: Quiz Completed: Find The Perfect Eye Shadow   .,1
2558,2025-01-27T21:40:17,Viewed Product.,0
2509,2025-01-31T12:18:00,SMS Sent,0
2809,2025-04-17T22:02:47,Viewed Product XYZ   ,0
466,2025-02-15T08:57:45,Placed Order,1
1409,2025-01-09T18:38:45,SMS Delivered,0
2275,2025-04-04T03:40:17,Viewed Product.,0
400,2025-03-02T06:52:10,Viewed Product XYZ   ,0
1202,2025-04-27T14:59:13,Octane: Quiz Completed: Find The Perfect Eye Shadow   .,0
430,2025-01-23T08:42:07,Opened Email,1
379,2025-01-06T22:52:33,Opened Email,0
1192,2025-03-18T02:10:18,Viewed Product XYZ   ,0
395,2025-02-19T11:58:30,Email Open,1
1713,2025-03-27T21:55:40,Opened Email,0
919,2025-02-05T12:05:33,SMS Sent,0
1207,2025-01-12T22:28:43,Email Open,0
1883,2025-03-31T14:03:24,SMS Delivered,0
1263,2025-03-04T02:59:10,Clicked email to unsubscribe,0
2004,2025-02-27T09:29:27,Clicked Email,1
691,2025-03-22T17:16:17,Unsubscribed,0
1588,2025-03-08T05:06:56,Clicked Email,0
2724,2025-03-26T10:03:16,Opened Email,0
1755,2025-03-27T04:15:28,SMS Delivered,0
1449,2025-03-03T08:46:39,Black Crow Identified,0
288,2025-02-03T13:34:23,Placed Order,1
2358,2025-02-22T20:34:26,Octane: Quiz Completed: Find The Perfect Eye Shadow   .,0
206,2025-04-05T06:47:29,Active on Site,0
1785,2025-04-18T07:23:04,Clicked email link,0
1711,2025-01-11T00:22:37,Unsubscribed,0
2628,2025-04-24T07:25:15,Unsubscribed,0
2214,2025-01-07T08:55:06,Active on Site,1
2790,2025-01-04T02:33:26,Email Open,0
143,2025-02-12T18:04:54,Clicked email to unsubscribe,0
2681,2025-02-20T01:28:57,Black Crow Identified,0
227,2025-03-02T05:22:14,Octane: Quiz Completed: Find The Perfect Eye Shadow   .,0
1316,2025-01-29T13:36:17,Black Crow Identified,0
213,2025-03-23T03:31:46,Opened Email,0
1684,2025-02-11T20:52:03,Blotout Viewed Product Xyz,0
1051,2025-03-03T19:26:03,Black Crow Identified,0
615,2025-02-10T17:36:58,Octane: Quiz Completed: Find The Perfect Eye Shadow   .,0
514,2025-03-16T02:00:23,SMS Sent,0
2134,2025-01-25T12:13:11,Order Placed,1
2671,2025-04-09T01:25:03,Viewed Product.,0
2873,2025-02-25T17:04:07,Unsubscribed,0
1013,2025-04-08T18:14:56,Clicked email to unsubscribe,0
2166,2025-04-02T22:58:30,Viewed Product.,0
398,2025-02-27T00:04:03,SMS Delivered,0
254,2025-02-13T23:48:12,SMS Sent,0
2741,2025-01-13T19:53:35,Order Placed,1
1735,2025-04-17T05:55:18,Clicked email to unsubscribe,0
107,2025-03-05T23:04:04,Viewed Product.,0
1825,2025-03-18T17:21:13,Blotout Viewed Product Xyz,0
1130,2025-03-30T07:37:42,Clicked email to unsubscribe,0
1816,2025-01-22T05:16:28,SMS Sent,0
2100,2025-04-17T07:26:32,Blotout Viewed Product Xyz,0
2961,2025-04-25T21:13:10,Email Open,0
1129,2025-04-10T04:57:14,Active on Site,0
2454,2025-03-06T20:51:23,Active on Site,0
928,2025-04-30T20:45:50,Unsubscribed,0
1464,2025-01-26T17:02:32,Viewed Product XYZ   ,0
422,2025-03-29T06:09:00,Viewed Product.,0
1050,2025-03-21T16:02:56,Order Placed,1
152,2025-01-12T04:16:23,Order Placed,1
2078,2025-03-18T22:41:01,Opened Email,0
1909,2025-01-02T07:20:02,Email Open,0
1557,2025-02-04T01:53:00,SMS Delivered,0
1188,2025-04-01T17:54:07,Opened Email,0
1192,2025-03-06T03:42:36,Order Placed,1
1975,2025-01-25T13:47:44,Email Open,0
990,2025-03-14T19:08:20,Viewed Product XYZ   ,0
2667,2025-04-14T23:57:35,Opened Email,0
1405,2025-03-07T22:52:40,Clicked email to unsubscribe,0
2770,2025-04-23T12:47:32,Placed Order,1
1675,2025-02-02T12:40:45,SMS Delivered,0
2993,2025-04-09T18:41:50,Active on Site,0
2452,2025-03-09T11:34:23,Clicked Email,0
1468,2025-03-30T20:59:25,Email Open,0
2295,2025-03-21T10:12:49,SMS Sent,0
2250,2025-01-13T22:00:21,Viewed Product XYZ   ,0
2373,2025-03-23T05:12:50,Placed Order,1
516,2025-03-02T08:20:53,SMS Sent,0
2327,2025-04-12T21:52:08,Unsubscribed,0
640,2025-02-08T01:15:14,Unsubscribed,0
438,2025-03-02T04:42:41,SMS Sent,0
313,2025-02-16T05:49:41,Blotout Viewed Product Xyz,0
660,2025-02-22T15:17:01,Clicked email link,0
111,2025-04-09T10:50:09,Viewed Product XYZ   ,0
579,2025-04-30T23:29:59,Opened Email,0
2633,2025-01-29T01:50:54,Viewed Product.,0
2535,2025-02-12T09:28:47,Clicked email to unsubscribe,0
2078,2025-04-17T22:17:20,Clicked email link,0
1837,2025-03-05T19:59:57,Opened Email,0
1204,2025-02-11T16:40:22,Email Open,1
1989,2025-04-06T20:33:14,Unsubscribed,1
1087,2025-03-08T19:56:11,Viewed Product XYZ   ,0
1988,2025-04-16T23:03:11,Opened Email,0
1186,2025-02-26T23:57:18,Clicked email to unsubscribe,0
2798,2025-01-04T15:00:22,Viewed Product XYZ   ,0
2332,2025-03-20T08:15:38,Black Crow Identified,0
1296,2025-02-09T11:35:50,Blotout Viewed Product Xyz,0
1425,2025-03-08T21:51:06,Placed Order,1
1366,2025-04-12T18:51:37,Viewed Product.,0
2614,2025-01-31T19:04:04,Active on Site,0
1206,2025-02-06T13:02:04,Black Crow Identified,0
2916,2025-03-26T17:44:17,Clicked email link,0
1270,2025-04-11T01:09:24,Unsubscribed,0
1753,2025-01-16T19:18:31,SMS Sent,0
1116,2025-01-06T11:51:57,Unsubscribed,0
119,2025-04-24T18:52:44,Viewed Product XYZ   ,0
33,2025-01-23T08:43:11,Blotout Viewed Product Xyz,0
853,2025-03-08T13:30:04,Blotout Viewed Product Xyz,0
405,2025-04-19T01:38:08,Octane: Quiz Completed: Find The Perfect Eye Shadow   .,0
290,2025-02-18T07:22:22,Black Crow Identified,0
1316,2025-04-15T16:46:17,Octane: Quiz Completed: Find The Perfect Eye Shadow   .,0
1792,2025-04-09T10:51:26,Viewed Product.,1
2422,2025-01-28T13:34:28,Active on Site,0
2776,2025-04-25T11:52:29,SMS Sent,0
2865,2025-03-01T23:37:12,Clicked email to unsubscribe,0
143,2025-04-03T07:10:18,Black Crow Identified,0
2441,2025-03-07T04:30:22,Clicked email link,1
2048,2025-01-09T06:19:58,Octane: Quiz Completed: Find The Perfect Eye Shadow   .,0
1998,2025-04-12T03:51:07,Viewed Product XYZ   ,0
2725,2025-04-19T03:01:40,Email Open,0
637,2025-01-26T19:05:23,Active on Site,0
2782,2025-03-14T07:07:13,Viewed Product XYZ   ,0
2673,2025-04-07T05:11:01,Octane: Quiz Completed: Find The Perfect Eye Shadow   .,0
1327,2025-04-12T14:15:46,Clicked Email,0
252,2025-04-11T03:14:01,Viewed Product.,0
215,2025-03-18T11:09:45,SMS Delivered,0
2889,2025-03-21T02:34:07,Placed Order,1
2506,2025-01-14T03:18:04,SMS Sent,0
705,2025-01-27T03:17:50,Order Placed,1
1560,2025-02-19T07:22:37,Clicked email to unsubscribe,0
835,2025-01-12T04:15:01,Clicked email to unsubscribe,0
600,2025-02-27T20:39:56,Octane: Quiz Completed: Find The Perfect Eye Shadow   .,0
669,2025-04-24T17:39:44,Placed Order,1
2343,2025-02-15T03:50:04,Placed Order,1
2296,2025-04-05T15:35:16,Active on Site,0
2306,2025-04-03T12:09:13,Clicked Email,0
22,2025-03-05T04:34:08,Clicked email to unsubscribe,0
484,2025-03-19T16:27:40,Active on Site,0
89,2025-03-06T09:59:24,Blotout Viewed Product Xyz,0
543,2025-02-05T20:26:46,Placed Order,1
2453,2025-02-10T07:32:21,Clicked email to unsubscribe,0
66,2025-03-06T10:54:20,Viewed Product.,0
2802,2025-02-15T19:49:08,Blotout Viewed Product Xyz,0
2647,2025-03-03T13:56:56,Blotout Viewed Product Xyz,0
2377,2025-01-18T15:32:58,Email Open,0
2169,2025-04-30T20:51:29,Black Crow Identified,0
2630,2025-03-12T18:38:28,Email Open,1
414,2025-03-29T11:15:07,Unsubscribed,0
792,2025-01-06T14:55:54,SMS Delivered,0
2761,2025-03-07T13:04:39,Unsubscribed,0
2422,2025-04-18T14:28:31,Order Placed,1
1566,2025-04-12T07:26:11,SMS Delivered,0
2441,2025-04-12T22:57:24,Email Open,0
1511,2025-01-27T11:33:22,Placed Order,1
295,2025-02-04T19:35:58,Email Open,0
94,2025-01-08T17:37:31,Active on Site,0
1409,2025-02-26T08:45:01,Unsubscribed,0
2357,2025-01-29T22:00:09,SMS Sent,0
2844,2025-02-10T03:11:38,Clicked Email,0
1318,2025-01-20T23:34:46,SMS Sent,0
502,2025-02-09T05:15:56,Octane: Quiz Completed: Find The Perfect Eye Shadow   .,0
1357,2025-01-27T15:17:15,SMS Delivered,0
96,2025-01-15T16:37:10,Octane: Quiz Completed: Find The Perfect Eye Shadow   .,0
31,2025-03-19T17:09:48,Viewed Product XYZ   ,0
2550,2025-03-27T05:36:46,Order Placed,1
453,2025-01-30T03:18:08,Active on Site,0
2733,2025-04-25T05:52:54,Blotout Viewed Product Xyz,0
1175,2025-04-09T10:56:57,Blotout Viewed Product Xyz,0
2726,2025-02-07T05:49:36,Opened Email,0
1925,2025-01-16T01:41:15,Clicked Email,0
269,2025-01-14T07:02:07,Black Crow Identified,0
1385,2025-02-16T11:38:07,Clicked email to unsubscribe,0
2613,2025-03-26T11:21:49,Email Open,0
2081,2025-04-09T13:15:29,Email Open,0
930,2025-02-11T11:15:35,Email Open,0
106,2025-04-27T11:46:18,Clicked email link,1
910,2025-01-13T23:09:32,Blotout Viewed Product Xyz,0
2747,2025-04-20T14:29:03,SMS Sent,0
301,2025-02-12T19:03:13,Blotout Viewed Product Xyz,0
1772,2025-03-31T03:10:47,Clicked Email,0
1293,2025-04-16T13:55:19,Blotout Viewed Product Xyz,0
2826,2025-04-18T09:36:01,Order Placed,1
313,2025-01-22T06:39:52,SMS Sent,0
43,2025-04-26T21:40:16,Octane: Quiz Completed: Find The Perfect Eye Shadow   .,0
957,2025-04-19T08:56:24,Unsubscribed,0
2969,2025-02-11T20:50:59,Viewed Product.,0
2081,2025-03-07T10:54:36,Clicked Email,0
2056,2025-02-12T20:30:26,Black Crow Identified,0
2872,2025-01-03T09:52:04,Placed Order,1
2779,2025-02-27T00:10:22,Viewed Product XYZ   ,0
389,2025-02-15T20:08:16,Clicked email link,0
1260,2025-03-25T01:00:53,Viewed Product XYZ   ,0
673,2025-01-06T15:03:19,Placed Order,1
2625,2025-02-20T18:18:05,Clicked email link,0
1785,2025-01-20T03:43:16,Black Crow Identified,0
138,2025-04-13T08:28:57,SMS Sent,0
988,2025-02-21T06:25:09,Clicked Email,0
2053,2025-01-11T05:02:00,Email Open,0
121,2025-03-25T13:41:37,Placed Order,1
292,2025-03-20T21:51:06,Blotout Viewed Product Xyz,0
1281,2025-02-27T22:03:03,SMS Sent,0
197,2025-02-21T08:38:06,Blotout Viewed Product Xyz,0
715,2025-03-04T09:25:36,Octane: Quiz Completed: Find The Perfect Eye Shadow   .,0
405,2025-04-10T05:20:52,Placed Order,1
362,2025-01-11T19:23:34,Clicked email link,0
2465,2025-01-14T01:11:44,Active on Site,0
1791,2025-04-12T19:15:53,Active on Site,0
2001,2025-04-23T22:47:22,Clicked email to unsubscribe,0
1640,2025-02-07T19:25:55,Black Crow Identified,0
2419,2025-03-19T13:52:08,Viewed Product XYZ   ,0
2835,2025-02-02T05:41:29,Clicked Email,0
1946,2025-04-13T20:36:55,SMS Sent,0
2528,2025-03-15T14:20:54,Black Crow Identified,0
827,2025-01-09T09:18:00,SMS Delivered,0
128,2025-02-18T19:52:43,Viewed Product.,0
2377,2025-03-30T19:51:48,Clicked Email,0
1772,2025-04-02T09:39:14,SMS Sent,0
2687,2025-01-27T05:01:55,Octane: Quiz Completed: Find The Perfect Eye Shadow   .,0
1141,2025-03-23T06:19:07,Clicked email link,0
898,2025-01-24T22:20:31,Email Open,0
2736,2025-03-22T07:50:42,Viewed Product.,0
2693,2025-02-19T05:21:49,Unsubscribed,0
1573,2025-01-12T11:40:41,SMS Delivered,0
1802,2025-04-29T08:30:57,Black Crow Identified,0
2677,2025-02-08T06:43:37,Active on Site,1
1752,2025-03-22T01:12:06,Email Open,0
2125,2025-02-22T05:53:03,Viewed Product XYZ   ,0
477,2025-03-18T17:09:22,Clicked Email,0
393,2025-04-25T22:16:44,SMS Sent,0
2151,2025-01-11T20:00:45,Viewed Product XYZ   ,0
1422,2025-03-03T22:57:12,Blotout Viewed Product Xyz,0
304,2025-01-24T20:39:30,Clicked email link,0
651,2025-02-07T22:54:20,Clicked Email,0
287,2025-02-27T05:48:49,Email Open,0
1622,2025-01-31T13:45:31,Order Placed,1
605,2025-01-28T00:38:24,Unsubscribed,0
2414,2025-04-11T06:28:07,Viewed Product.,0
1794,2025-02-08T02:33:39,Viewed Product XYZ   ,0
573,2025-04-25T16:02:25,Blotout Viewed Product Xyz,0
1929,2025-04-04T05:50:06,Viewed Product.,0
1541,2025-02-23T12:41:40,Viewed Product XYZ   ,0
951,2025-03-01T12:53:28,Octane: Quiz Completed: Find The Perfect Eye Shadow   .,0
2142,2025-01-22T20:41:44,Clicked email link,0
1269,2025-03-16T02:15:33,Opened Email,0
741,2025-04-15T17:26:01,Octane: Quiz Completed: Find The Perfect Eye Shadow   .,0
2558,2025-01-12T05:09:02,Opened Email,0
1222,2025-04-27T18:36:05,Clicked email link,0
220,2025-03-23T21:36:03,Clicked email to unsubscribe,0
2871,2025-01-05T17:21:39,Email Open,0
2835,2025-03-31T09:43:23,Viewed Product XYZ   ,0
719,2025-01-25T03:13:31,Order Placed,1
1038,2025-04-29T00:21:46,Octane: Quiz Completed: Find The Perfect Eye Shadow   .,0
1092,2025-02-13T14:59:21,Placed Order,1
229,2025-03-24T12:17:57,Placed Order,1
48,2025-01-28T07:40:59,Viewed Product XYZ   ,0
426,2025-01-15T20:28:30,Black Crow Identified,0
1102,2025-01-24T08:50:24,Unsubscribed,0
255,2025-03-25T05:22:35,Placed Order,1
132,2025-01-14T02:03:41,Black Crow Identified,0
1133,2025-03-30T17:19:47,SMS Delivered,0
2645,2025-03-20T18:09:33,Clicked email to unsubscribe,0
100,2025-02-11T23:14:56,Clicked email link,0
2141,2025-02-07T16:03:19,Octane: Quiz Completed: Find The Perfect Eye Shadow   .,0
2173,2025-01-02T06:05:34,SMS Sent,0
215,2025-02-25T22:10:59,Unsubscribed,0
522,2025-04-07T06:03:12,SMS Delivered,0
247,2025-03-29T04:48:36,Viewed Product XYZ   ,0
2305,2025-03-28T10:58:56,Placed Order,1
2826,2025-04-19T14:02:18,SMS Sent,0
273,2025-02-28T21:04:32,Placed Order,1
2085,2025-03-15T11:52:10,Email Open,0
1857,2025-03-20T17:24:31,Clicked email to unsubscribe,0
2245,2025-03-08T10:34:27,Black Crow Identified,0
1795,2025-03-10T20:11:46,Octane: Quiz Completed: Find The Perfect Eye Shadow   .,0
886,2025-04-09T16:05:41,Placed Order,1
1461,2025-04-08T10:58:40,Clicked email link,1
1374,2025-02-25T10:01:10,SMS Sent,0
2108,2025-02-20T12:43:17,Clicked email to unsubscribe,0
2265,2025-01-18T04:10:59,SMS Sent,1
2296,2025-04-24T14:30:55,SMS Delivered,0
1909,2025-02-07T10:25:56,Email Open,0
1021,2025-01-20T21:21:20,Blotout Viewed Product Xyz,0
1974,2025-02-04T17:45:26,Clicked Email,0
2186,2025-04-22T14:08:03,Viewed Product.,0
1271,2025-01-15T14:29:16,Clicked Email,0
689,2025-03-28T04:55:03,Order Placed,1
2627,2025-01-24T20:46:16,Order Placed,1
2898,2025-01-21T01:33:31,Email Open,0
291,2025-02-20T23:50:14,Blotout Viewed Product Xyz,0
892,2025-03-01T07:05:14,Email Open,0
1961,2025-03-08T19:11:39,Viewed Product.,0
91,2025-02-20T18:05:23,Blotout Viewed Product Xyz,0
983,2025-02-25T05:33:53,Viewed Product XYZ   ,0
605,2025-02-21T15:50:56,Clicked email link,0
1592,2025-04-09T04:26:34,Order Placed,1
2476,2025-03-19T11:26:19,SMS Delivered,0
2553,2025-01-05T13:37:22,Clicked email link,0
1746,2025-03-29T00:53:52,Active on Site,0
1491,2025-02-17T21:59:10,Black Crow Identified,0
1432,2025-03-26T20:16:21,SMS Delivered,0
430,2025-04-08T11:45:06,Viewed Product XYZ   ,0
1227,2025-03-02T08:17:56,Viewed Product.,0
2926,2025-02-09T23:28:18,Octane: Quiz Completed: Find The Perfect Eye Shadow   .,0
1226,2025-01-23T20:09:05,Opened Email,0
2353,2025-04-06T05:46:04,Octane: Quiz Completed: Find The Perfect Eye Shadow   .,0
1926,2025-02-20T11:26:31,Viewed Product.,0
1562,2025-04-20T08:34:55,Clicked Email,0
1769,2025-01-08T21:36:20,SMS Sent,0
1479,2025-04-23T17:27:45,SMS Sent,0
2643,2025-04-26T06:43:26,Order Placed,1
193,2025-04-15T03:25:48,Viewed Product.,0
2528,2025-01-17T23:09:47,Clicked email to unsubscribe,0
1181,2025-01-20T15:00:43,Placed Order,1
2194,2025-04-24T21:49:01,Opened Email,0
739,2025-03-22T14:24:52,SMS Delivered,0
2616,2025-03-28T06:46:16,Octane: Quiz Completed: Find The Perfect Eye Shadow   .,0
1144,2025-03-21T18:06:36,Clicked Email,0
1840,2025-01-07T04:33:30,Clicked email to unsubscribe,0
186,2025-04-27T07:05:36,Email Open,0
2371,2025-03-25T22:04:30,Order Placed,1
1627,2025-03-03T17:48:47,SMS Sent,0
1882,2025-02-02T05:50:34,SMS Delivered,0
325,2025-02-11T11:20:48,Viewed Product XYZ   ,0
754,2025-02-03T16:58:28,Order Placed,1
967,2025-02-27T13:52:55,SMS Sent,0
1119,2025-03-12T16:19:57,SMS Delivered,0
1414,2025-04-25T10:34:48,Blotout Viewed Product Xyz,1
1774,2025-03-01T22:53:02,Order Placed,1
1897,2025-04-06T14:36:20,Clicked Email,0
1987,2025-02-14T10:26:08,Viewed Product.,0
475,2025-03-12T02:36:53,Email Open,0
83,2025-04-21T19:10:31,Active on Site,0
690,2025-01-02T21:52:20,Email Open,0
57,2025-01-01T06:32:21,Clicked email to unsubscribe,0
194,2025-02-27T20:44:50,Clicked Email,0
2830,2025-03-28T23:00:39,Viewed Product XYZ   ,0
1877,2025-02-24T06:16:06,SMS Sent,0
973,2025-02-13T13:12:29,Placed Order,1
2833,2025-01-10T16:18:59,Blotout Viewed Product Xyz,1
2580,2025-02-24T23:37:02,Blotout Viewed Product Xyz,0
1553,2025-02-15T16:04:56,Email Open,0
515,2025-04-07T10:42:19,Opened Email,0
2265,2025-04-16T21:16:24,Clicked email link,0
1446,2025-03-14T04:57:19,Order Placed,1
433,2025-01-18T02:21:14,Clicked Email,0
688,2025-02-22T08:01:38,Clicked email link,0
1839,2025-02-19T18:20:31,Clicked Email,0
2500,2025-01-09T13:47:13,Clicked email to unsubscribe,0
144,2025-01-28T23:13:00,SMS Sent,0
418,2025-04-05T12:11:06,SMS Sent,0
1443,2025-04-13T18:38:30,Blotout Viewed Product Xyz,0
1190,2025-02-11T02:35:51,Black Crow Identified,0
182,2025-04-23T01:42:50,SMS Delivered,0
1201,2025-01-20T09:35:39,Blotout Viewed Product Xyz,0
890,2025-03-15T11:31:54,Active on Site,0
2678,2025-02-10T16:53:47,Clicked email to unsubscribe,0
625,2025-04-02T13:16:48,Clicked email to unsubscribe,0
1461,2025-01-20T22:24:05,SMS Delivered,0
1441,2025-02-27T09:12:04,SMS Sent,0
1140,2025-04-11T04:17:49,Opened Email,0
2905,2025-04-26T20:01:44,Order Placed,1
1994,2025-03-08T19:27:56,SMS Delivered,1
2810,2025-04-09T20:33:31,Clicked email to unsubscribe,0
2207,2025-01-27T06:44:36,Placed Order,1
1903,2025-01-14T02:08:41,SMS Sent,0
1914,2025-02-14T13:22:02,SMS Delivered,0
2326,2025-04-03T02:30:36,Octane: Quiz Completed: Find The Perfect Eye Shadow   .,0
2006,2025-03-26T00:26:24,Email Open,0
2923,2025-03-22T11:39:10,Order Placed,1
594,2025-01-28T16:04:34,Clicked email link,0
1140,2025-01-13T21:11:54,SMS Sent,0
1159,2025-02-15T14:42:18,SMS Sent,0
1251,2025-01-29T23:10:31,Order Placed,1
2003,2025-02-17T03:57:06,Email Open,0
2469,2025-03-15T10:57:26,Placed Order,1
191,2025-03-17T19:29:55,Black Crow Identified,0
481,2025-03-24T07:47:34,Clicked email to unsubscribe,0
2383,2025-02-12T21:56:55,Viewed Product XYZ   ,0
591,2025-02-01T11:24:41,Active on Site,0
664,2025-01-18T23:33:18,SMS Delivered,0
837,2025-03-10T11:08:19,SMS Sent,0
2679,2025-04-04T13:57:24,Viewed Product XYZ   ,0
2664,2025-02-02T15:02:16,Clicked Email,0
2759,2025-04-13T05:05:54,Placed Order,1
2089,2025-04-08T12:14:41,Clicked email link,0
2732,2025-01-12T03:14:10,Opened Email,0
2407,2025-04-01T04:50:16,Black Crow Identified,0
2383,2025-01-08T00:40:06,SMS Sent,0
2017,2025-04-29T07:43:43,Clicked email to unsubscribe,0
1107,2025-04-16T03:00:46,Viewed Product.,0
2194,2025-03-16T18:30:20,Viewed Product.,0
2172,2025-01-23T04:41:41,Clicked email to unsubscribe,0
2163,2025-01-25T17:00:51,SMS Delivered,0
1466,2025-03-11T20:25:13,SMS Sent,0
2130,2025-03-04T18:06:36,SMS Sent,0
1523,2025-03-16T05:27:50,Viewed Product XYZ   ,0
2833,2025-03-29T14:40:59,Clicked Email,1
2776,2025-04-20T15:44:33,Opened Email,0
231,2025-01-27T16:54:50,Order Placed,1
1228,2025-01-31T21:47:16,Viewed Product.,0
1376,2025-04-05T16:06:20,Opened Email,0
1896,2025-03-02T22:14:37,Viewed Product.,0
967,2025-01-14T01:48:29,Opened Email,0
1998,2025-01-20T20:39:08,Viewed Product XYZ   ,0
1722,2025-03-31T04:53:37,Order Placed,1
497,2025-03-19T09:07:33,Clicked email link,0
2485,2025-01-06T09:14:47,SMS Sent,0
2413,2025-04-06T09:13:33,Unsubscribed,0
1895,2025-04-30T23:03:32,Email Open,0
2187,2025-03-18T12:23:49,Placed Order,1
1915,2025-01-30T18:21:10,Clicked Email,0
1834,2025-03-29T15:05:03,Viewed Product XYZ   ,0
2490,2025-03-06T06:46:44,Clicked email link,0
1004,2025-04-01T05:38:07,Clicked email link,0
2927,2025-02-08T12:11:22,Email Open,0
1698,2025-01-29T09:18:54,Viewed Product XYZ   ,0
561,2025-04-12T09:31:29,SMS Sent,0
1914,2025-01-12T01:58:31,Email Open,0
219,2025-01-07T09:02:09,Octane: Quiz Completed: Find The Perfect Eye Shadow   .,0
2550,2025-02-19T00:10:19,Clicked email to unsubscribe,0
1977,2025-04-14T16:30:06,Clicked Email,0
11,2025-02-20T03:15:00,SMS Sent,0
132,2025-03-06T07:09:43,Opened Email,0
1814,2025-04-07T15:42:25,Clicked email link,0
380,2025-04-22T16:59:12,SMS Sent,0
1551,2025-01-07T03:01:27,Clicked email link,0
924,2025-03-11T16:06:36,Order Placed,1
849,2025-04-15T04:32:25,Opened Email,0
2984,2025-04-17T06:50:25,Opened Email,0
546,2025-04-27T11:42:57,Viewed Product.,0
1739,2025-02-03T18:55:52,Clicked Email,0
1262,2025-03-11T08:05:19,Clicked email link,0
386,2025-03-09T01:47:45,Email Open,0
137,2025-04-07T09:12:26,Clicked email to unsubscribe,0
2768,2025-03-19T10:47:55,Opened Email,0
685,2025-03-16T02:07:29,Clicked email link,0
1395,2025-01-23T05:54:09,Clicked email link,0
769,2025-03-11T20:40:09,Black Crow Identified,0
335,2025-04-25T00:26:25,Clicked email link,0
2437,2025-01-17T13:14:13,Order Placed,1
2267,2025-03-13T02:08:36,Placed Order,1
463,2025-02-13T04:54:10,Octane: Quiz Completed: Find The Perfect Eye Shadow   .,0
928,2025-03-16T19:54:11,Viewed Product XYZ   ,0
2446,2025-03-10T03:05:37,Email Open,0
223,2025-02-05T00:17:34,Clicked Email,0
213,2025-02-02T19:37:12,Opened Email,0
1341,2025-02-13T09:44:38,Blotout Viewed Product Xyz,0
70,2025-02-07T15:35:32,Octane: Quiz Completed: Find The Perfect Eye Shadow   .,0
2747,2025-03-26T00:18:53,Viewed Product.,0
1016,2025-02-09T11:19:11,Viewed Product XYZ   ,0
139,2025-03-10T20:07:05,Clicked email to unsubscribe,0
2337,2025-03-14T16:01:31,Clicked Email,0
2994,2025-03-16T21:16:34,Clicked email to unsubscribe,0
2833,2025-01-15T06:57:11,Opened Email,0
2402,2025-01-16T19:03:03,Clicked email link,0
2900,2025-01-30T21:09:33,Order Placed,1
232,2025-04-21T04:09:54,Active on Site,0
678,2025-01-21T13:24:22,Clicked email to unsubscribe,0
2544,2025-04-19T02:32:15,Viewed Product.,0
38,2025-03-04T06:00:03,Order Placed,1
267,2025-02-12T14:09:35,Opened Email,0
2745,2025-04-22T22:30:14,Clicked Email,0
2665,2025-03-31T01:08:31,Viewed Product.,0
1218,2025-04-26T10:05:37,Order Placed,1
2460,2025-03-14T20:45:51,Unsubscribed,0
1421,2025-02-24T16:42:42,Email Open,0
2137,2025-02-12T19:13:53,SMS Delivered,0
917,2025-02-01T14:17:40,Active on Site,1
55,2025-03-08T18:17:07,Opened Email,0
1099,2025-03-07T21:04:07,Clicked email to unsubscribe,0
1593,2025-02-08T09:28:58,Placed Order,1
300,2025-03-19T18:09:08,Placed Order,1
1914,2025-02-17T19:41:00,Blotout Viewed Product Xyz,0
2881,2025-04-18T03:32:40,SMS Sent,0
393,2025-02-02T17:16:08,Placed Order,1
1362,2025-02-22T20:09:11,Viewed Product XYZ   ,1
1164,2025-02-26T11:41:35,Clicked email to unsubscribe,0
515,2025-01-18T12:05:04,Blotout Viewed Product Xyz,0
1285,2025-02-13T08:33:49,Clicked email link,0
383,2025-02-24T05:56:51,Black Crow Identified,0
836,2025-02-17T23:54:29,Clicked Email,0
142,2025-01-20T15:52:04,SMS Sent,0
447,2025-04-07T16:24:30,Active on Site,0
2628,2025-02-21T00:33:28,Active on Site,0
1359,2025-01-10T16:36:16,Email Open,0
2745,2025-03-19T07:50:07,Order Placed,1
2545,2025-03-08T13:23:37,Clicked email link,0
56,2025-03-30T14:07:20,Placed Order,1
662,2025-03-09T17:53:16,Viewed Product.,1
2165,2025-02-21T11:37:57,Clicked email to unsubscribe,0
1881,2025-04-23T17:34:54,Viewed Product XYZ   ,0
1239,2025-03-19T10:29:31,Active on Site,0
2859,2025-04-10T10:11:55,Unsubscribed,0
730,2025-03-18T10:10:49,Black Crow Identified,0
2013,2025-03-27T18:54:59,Active on Site,1
2255,2025-01-20T19:07:41,Viewed Product XYZ   ,0
902,2025-04-05T11:23:41,Email Open,0
543,2025-04-15T09:54:05,Active on Site,0
2285,2025-04-14T06:29:15,Placed Order,1
438,2025-03-31T21:09:50,Placed Order,1
1149,2025-04-29T12:24:47,Blotout Viewed Product Xyz,0
2797,2025-03-25T15:55:54,Order Placed,1
2808,2025-01-06T17:31:04,Clicked email link,0
235,2025-04-05T18:23:20,Email Open,0
71,2025-03-20T18:31:50,SMS Delivered,0
2344,2025-04-17T08:30:05,Clicked Email,0
286,2025-04-27T06:20:37,Clicked email link,0
583,2025-03-02T15:55:51,SMS Delivered,0
93,2025-02-05T10:01:06,Clicked email link,0
1110,2025-01-17T22:48:34,Black Crow Identified,0
1890,2025-02-14T08:04:35,Clicked email link,0
828,2025-04-17T12:01:29,Blotout Viewed Product Xyz,1
1704,2025-01-20T04:10:53,Clicked Email,0
958,2025-04-05T00:00:01,Viewed Product.,0
1461,2025-04-30T09:39:50,Placed Order,1
1066,2025-01-23T05:16:33,Clicked email to unsubscribe,0
281,2025-04-11T03:44:32,Black Crow Identified,0
323,2025-02-28T16:07:37,Order Placed,1
544,2025-01-19T15:09:14,Opened Email,0
1115,2025-02-24T19:12:29,Clicked Email,0
995,2025-02-13T15:45:50,Clicked email link,0
2579,2025-02-21T09:09:34,Order Placed,1
377,2025-02-03T09:19:20,Clicked email link,0
2295,2025-02-20T09:46:32,Clicked email to unsubscribe,0
380,2025-02-06T07:53:46,Viewed Product.,0
636,2025-03-20T18:07:45,Clicked email to unsubscribe,0
2976,2025-03-14T07:00:22,Order Placed,1
1449,2025-01-25T21:59:46,SMS Delivered,0
2859,2025-03-15T23:01:21,Viewed Product XYZ   ,0
519,2025-02-13T04:59:47,Octane: Quiz Completed: Find The Perfect Eye Shadow   .,0
1384,2025-01-12T05:55:27,SMS Delivered,0
1328,2025-02-20T22:55:09,SMS Delivered,0
930,2025-03-03T11:58:39,SMS Sent,0
589,2025-02-07T13:45:34,Opened Email,0
334,2025-03-17T10:49:46,Clicked email to unsubscribe,0
993,2025-01-19T16:24:47,SMS Delivered,0
336,2025-02-13T02:25:50,Black Crow Identified,0
190,2025-02-08T18:59:14,Order Placed,1
2155,2025-01-06T12:03:48,Placed Order,1
2738,2025-04-14T22:54:10,Octane: Quiz Completed: Find The Perfect Eye Shadow   .,0
2321,2025-01-02T14:10:33,Clicked email to unsubscribe,0
888,2025-03-12T19:34:56,Clicked Email,0
367,2025-02-26T02:52:59,Clicked email link,0
220,2025-03-10T07:20:40,Octane: Quiz Completed: Find The Perfect Eye Shadow   .,0
1878,2025-01-12T12:07:15,Clicked email to unsubscribe,0
106,2025-01-21T18:53:53,SMS Sent,0
2334,2025-04-19T11:39:30,Viewed Product XYZ   ,0
2247,2025-01-13T03:18:30,Placed Order,1
566,2025-04-28T20:46:01,Blotout Viewed Product Xyz,0
279,2025-01-19T06:26:38,Unsubscribed,0
302,2025-03-05T18:48:07,Viewed Product XYZ   ,0
1361,2025-01-19T14:10:04,Email Open,0
366,2025-01-31T11:06:51,Black Crow Identified,0
2173,2025-03-17T09:33:13,Email Open,0
2215,2025-01-27T16:49:47,Email Open,0
2401,2025-01-05T23:40:00,Email Open,0
1028,2025-01-11T21:22:18,SMS Sent,0
1968,2025-03-19T10:55:34,Clicked email link,0
885,2025-04-25T14:32:19,Unsubscribed,0
893,2025-03-02T00:26:23,SMS Delivered,1
156,2025-01-30T13:43:26,Clicked Email,0
745,2025-03-29T16:04:08,Email Open,0
1994,2025-03-22T14:48:01,Active on Site,0
1366,2025-03-27T18:30:29,Clicked Email,0
1068,2025-02-10T06:04:02,Blotout Viewed Product Xyz,0
1400,2025-02-16T06:12:42,Order Placed,1
1905,2025-03-29T10:40:03,Blotout Viewed Product Xyz,0
520,2025-04-18T15:16:59,Black Crow Identified,0
2244,2025-03-02T19:10:22,SMS Sent,0
1794,2025-03-23T22:24:17,Clicked Email,0
1549,2025-04-17T14:46:00,SMS Delivered,0
1341,2025-01-31T07:01:29,SMS Delivered,0
1004,2025-03-21T02:25:09,Active on Site,0
826,2025-01-07T08:02:41,Clicked email to unsubscribe,0
2293,2025-04-22T13:33:55,Opened Email,0
1416,2025-01-03T14:59:59,Clicked Email,0
1017,2025-02-08T12:06:16,Octane: Quiz Completed: Find The Perfect Eye Shadow   .,0
1777,2025-04-30T15:29:45,SMS Delivered,0
2666,2025-03-28T06:48:05,Placed Order,1
428,2025-01-24T03:30:02,Viewed Product.,0
2137,2025-01-08T13:27:18,Unsubscribed,0
1017,2025-04-03T19:55:41,Viewed Product XYZ   ,0
2714,2025-03-21T11:07:47,Order Placed,1
276,2025-01-16T22:36:27,Viewed Product.,0
499,2025-04-17T20:11:58,Active on Site,0
165,2025-03-25T15:53:24,Blotout Viewed Product Xyz,0
2713,2025-03-08T17:46:36,Opened Email,0
2776,2025-03-07T19:30:22,Viewed Product.,0
2116,2025-02-12T20:00:58,Placed Order,1
1522,2025-01-10T08:55:07,Order Placed,1
547,2025-02-10T11:48:47,Viewed Product XYZ   ,0
1939,2025-01-02T03:55:39,Email Open,0
1427,2025-03-05T00:23:59,Placed Order,1
2503,2025-02-02T09:13:42,Opened Email,0
722,2025-02-18T20:12:01,Clicked email link,0
2616,2025-01-14T08:45:46,Viewed Product.,0
2201,2025-02-05T16:37:06,Viewed Product XYZ   ,0
2011,2025-02-10T14:22:50,Blotout Viewed Product Xyz,0
1677,2025-02-01T08:30:26,Black Crow Identified,0
357,2025-01-30T14:03:36,SMS Delivered,0
1801,2025-01-12T08:08:01,Clicked Email,0
2103,2025-04-08T14:04:45,Clicked email link,0
2263,2025-01-16T03:06:08,Active on Site,0
1390,2025-04-21T12:51:43,Viewed Product XYZ   ,0
1282,2025-02-04T19:33:40,Opened Email,0
387,2025-03-08T21:30:55,Clicked Email,0
1064,2025-03-13T19:26:24,Clicked Email,0
2636,2025-03-18T22:58:30,Viewed Product XYZ   ,0
1042,2025-03-25T22:56:02,Clicked email link,0
2882,2025-04-18T08:35:13,Octane: Quiz Completed: Find The Perfect Eye Shadow   .,0
2159,2025-02-20T10:30:04,Clicked email link,0
623,2025-01-25T15:06:31,SMS Sent,0
1074,2025-03-14T11:58:57,SMS Delivered,0
871,2025-03-20T13:55:02,Clicked Email,0
1519,2025-02-10T03:24:27,Unsubscribed,0
2301,2025-02-10T01:16:31,Order Placed,1
1721,2025-04-12T16:49:56,Clicked email link,0
752,2025-02-17T02:37:41,Order Placed,1
2247,2025-03-18T18:50:33,Clicked Email,0
761,2025-04-19T21:19:38,Viewed Product XYZ   ,0
2323,2025-03-03T10:20:30,Unsubscribed,0
1937,2025-04-25T22:56:32,Email Open,0
2402,2025-01-05T20:28:13,Octane: Quiz Completed: Find The Perfect Eye Shadow   .,0
585,2025-04-26T04:05:37,Octane: Quiz Completed: Find The Perfect Eye Shadow   .,0
1464,2025-03-27T11:29:57,Viewed Product.,0
2620,2025-04-27T03:42:22,Unsubscribed,0
112,2025-02-13T00:22:33,Black Crow Identified,0
481,2025-02-13T09:01:26,Unsubscribed,0
140,2025-04-05T08:14:24,Order Placed,1
287,2025-02-22T15:26:23,Email Open,0
922,2025-04-29T15:57:02,Unsubscribed,0
1481,2025-02-20T21:03:55,Clicked Email,0
2638,2025-01-07T15:40:27,Black Crow Identified,0
1807,2025-03-11T19:37:07,Clicked email link,0
621,2025-01-23T10:29:54,Blotout Viewed Product Xyz,0
1207,2025-04-01T04:44:49,Active on Site,0
2765,2025-04-08T07:39:31,Blotout Viewed Product Xyz,0
2367,2025-01-26T00:30:25,Viewed Product.,0
2551,2025-04-11T08:29:35,Order Placed,1
2406,2025-03-19T20:14:02,Clicked email link,0
31,2025-02-01T06:01:09,Opened Email,0
2557,2025-04-30T01:03:35,Viewed Product XYZ   ,0
77,2025-03-02T21:25:30,Octane: Quiz Completed: Find The Perfect Eye Shadow   .,0
93,2025-03-26T17:32:25,Active on Site,0
2099,2025-02-18T01:41:43,Clicked email link,0
1481,2025-02-23T06:42:45,Viewed Product.,0
2025,2025-02-04T01:23:46,Active on Site,0
1101,2025-03-21T04:27:12,SMS Delivered,0
1414,2025-02-07T22:26:48,Blotout Viewed Product Xyz,0
2396,2025-01-25T02:06:40,Clicked email link,0
385,2025-01-07T04:29:07,Order Placed,1
733,2025-04-07T13:00:04,Viewed Product XYZ   ,0
1225,2025-03-25T16:24:40,Placed Order,1
1030,2025-03-23T03:45:18,Placed Order,1
604,2025-02-07T04:43:52,Blotout Viewed Product Xyz,0
251,2025-02-12T12:09:51,Octane: Quiz Completed: Find The Perfect Eye Shadow   .,0
441,2025-04-28T03:15:23,Unsubscribed,0
1174,2025-03-15T12:55:45,Black Crow Identified,0
2960,2025-01-14T23:09:35,Black Crow Identified,0
1071,2025-02-19T11:57:39,Octane: Quiz Completed: Find The Perfect Eye Shadow   .,1
873,2025-02-20T04:42:25,Clicked email link,0
2876,2025-01-18T19:16:55,Viewed Product XYZ   ,0
21,2025-04-20T03:41:48,SMS Delivered,0
568,2025-01-29T01:27:39,Octane: Quiz Completed: Find The Perfect Eye Shadow   .,0
2225,2025-03-12T19:58:44,Clicked email to unsubscribe,0
595,2025-03-02T21:52:43,Clicked Email,0
1788,2025-04-11T11:36:41,Viewed Product XYZ   ,0
810,2025-04-21T09:38:29,SMS Delivered,0
1979,2025-01-14T23:39:55,Black Crow Identified,0
2949,2025-04-13T09:41:38,Opened Email,0
2802,2025-01-21T18:10:38,Email Open,0
1743,2025-01-12T16:24:56,Clicked email link,0
1636,2025-01-20T01:49:14,Opened Email,0
1451,2025-01-04T19:34:45,Viewed Product XYZ   ,0
47,2025-04-26T15:22:39,Active on Site,0
2387,2025-02-06T08:37:30,SMS Delivered,0
2987,2025-04-14T16:08:29,SMS Delivered,0
901,2025-03-02T12:07:09,Order Placed,1
1316,2025-04-29T16:40:43,Viewed Product XYZ   ,0
6,2025-01-25T18:10:14,SMS Delivered,0
435,2025-04-08T20:48:43,Active on Site,0
536,2025-03-28T11:07:44,Order Placed,1
1227,2025-02-22T07:15:30,Email Open,0
648,2025-03-17T03:50:54,Opened Email,0
2490,2025-03-25T04:23:52,Opened Email,1
2163,2025-04-02T05:08:53,Clicked Email,0
2672,2025-04-24T09:48:41,Active on Site,0
2738,2025-04-10T09:01:55,SMS Sent,0
1690,2025-02-24T04:43:26,Clicked email to unsubscribe,0
1945,2025-03-09T20:01:46,Order Placed,1
2327,2025-01-06T13:57:10,Order Placed,1
212,2025-04-05T10:23:11,Blotout Viewed Product Xyz,0
243,2025-04-06T05:47:46,Viewed Product.,0
2424,2025-03-26T07:02:35,Opened Email,0
1630,2025-04-12T06:28:40,Viewed Product XYZ   ,0
2214,2025-01-19T21:52:46,Email Open,0
736,2025-03-29T10:02:10,Active on Site,0
1245,2025-02-25T09:03:49,Email Open,0
2382,2025-01-06T14:01:45,Email Open,0
235,2025-03-10T03:16:13,Opened Email,0
2211,2025-03-18T11:21:00,SMS Sent,0
1514,2025-02-27T21:19:34,Viewed Product.,0
2123,2025-04-16T13:21:43,Viewed Product XYZ   ,0
494,2025-01-08T11:35:33,SMS Sent,0
1486,2025-04-04T14:02:12,Order Placed,1
2591,2025-04-19T08:24:08,Octane: Quiz Completed: Find The Perfect Eye Shadow   .,0
1649,2025-01-23T18:16:48,Viewed Product.,0
552,2025-01-02T12:46:57,Black Crow Identified,0
2236,2025-04-02T19:07:46,Clicked email to unsubscribe,1
2366,2025-01-20T21:49:37,Unsubscribed,0
2386,2025-01-17T00:13:16,Clicked email to unsubscribe,0
1755,2025-04-10T20:14:45,Black Crow Identified,0
2058,2025-01-31T05:06:52,Opened Email,0
2788,2025-03-05T02:53:00,Black Crow Identified,0
2019,2025-03-20T16:00:32,Black Crow Identified,0
99,2025-02-24T11:12:20,Clicked email to unsubscribe,0
2667,2025-01-26T07:10:50,Octane: Quiz Completed: Find The Perfect Eye Shadow   .,0
2929,2025-01-19T00:43:50,Clicked Email,0
2526,2025-03-07T16:54:29,Placed Order,1
2171,2025-02-11T06:59:05,Octane: Quiz Completed: Find The Perfect Eye Shadow   .,0
1045,2025-04-19T01:15:26,Unsubscribed,0
1154,2025-04-21T14:52:34,Unsubscribed,0
110,2025-04-12T07:52:16,Viewed Product XYZ   ,0
183,2025-04-16T21:10:01,Clicked Email,1
2767,2025-04-03T06:02:01,Blotout Viewed Product Xyz,0
120,2025-03-26T22:04:24,Opened Email,0
2093,2025-04-26T00:41:06,Viewed Product XYZ   ,0
281,2025-04-01T20:07:36,SMS Delivered,0
1300,2025-04-26T02:18:09,Opened Email,0
2682,2025-04-02T01:35:45,Clicked Email,0
216,2025-01-27T01:12:05,Placed Order,1
2479,2025-01-18T07:01:47,Octane: Quiz Completed: Find The Perfect Eye Shadow   .,0
892,2025-03-15T17:04:55,Clicked email link,0
2522,2025-04-08T05:41:19,Octane: Quiz Completed: Find The Perfect Eye Shadow   .,0
761,2025-01-31T05:55:10,SMS Sent,0
1299,2025-01-13T21:26:33,Placed Order,1
1478,2025-03-17T00:57:44,Active on Site,0
1102,2025-02-06T06:55:43,Placed Order,1
1966,2025-03-18T23:33:23,Viewed Product XYZ   ,0
179,2025-01-23T13:36:35,Octane: Quiz Completed: Find The Perfect Eye Shadow   .,0
1076,2025-02-25T13:41:37,Black Crow Identified,0
98,2025-03-26T13:48:21,Unsubscribed,0
1343,2025-01-06T05:49:32,SMS Delivered,0
2866,2025-01-04T19:10:53,Black Crow Identified,0
2779,2025-02-23T03:53:02,Octane: Quiz Completed: Find The Perfect Eye Shadow   .,0
2738,2025-04-13T14:54:04,Unsubscribed,0
2157,2025-01-27T07:57:27,Clicked Email,0
2912,2025-01-05T04:09:52,SMS Delivered,0
343,2025-02-07T04:26:02,Viewed Product.,0
1352,2025-01-17T15:33:30,Placed Order,1
2234,2025-02-20T23:11:08,Octane: Quiz Completed: Find The Perfect Eye Shadow   .,0
1576,2025-03-07T05:50:34,Active on Site,0
19,2025-03-20T12:37:59,Viewed Product.,0
1356,2025-01-13T05:17:56,Placed Order,1
2492,2025-01-23T04:34:32,Opened Email,0
2261,2025-04-28T07:18:24,SMS Delivered,0
825,2025-03-03T03:00:29,Black Crow Identified,0
1389,2025-03-09T21:25:55,Unsubscribed,0
678,2025-02-28T07:38:28,Octane: Quiz Completed: Find The Perfect Eye Shadow   .,0
1609,2025-04-05T23:03:32,Clicked Email,0
2847,2025-03-16T11:51:33,SMS Sent,0
1638,2025-03-30T06:02:32,Octane: Quiz Completed: Find The Perfect Eye Shadow   .,0
2558,2025-01-28T19:28:53,Clicked Email,0
2632,2025-02-26T23:46:12,Order Placed,1
994,2025-02-19T18:01:14,Black Crow Identified,0
2228,2025-01-28T16:49:17,Black Crow Identified,0
2429,2025-01-26T05:30:32,Order Placed,1
611,2025-01-01T19:07:57,Clicked email to unsubscribe,0
1161,2025-03-02T18:18:00,Active on Site,0
2161,2025-03-04T19:24:28,Placed Order,1
2205,2025-01-29T04:50:15,Active on Site,0
884,2025-04-08T16:22:21,Opened Email,0
1702,2025-03-21T22:52:47,Clicked Email,0
68,2025-03-24T07:51:37,Blotout Viewed Product Xyz,0
1831,2025-01-21T17:21:04,Opened Email,0
1564,2025-01-24T02:06:38,Octane: Quiz Completed: Find The Perfect Eye Shadow   .,0
1995,2025-01-30T09:34:57,Email Open,0
2294,2025-04-19T09:57:16,Opened Email,0
2291,2025-03-02T03:00:34,SMS Sent,0
2731,2025-04-21T18:43:45,Blotout Viewed Product Xyz,0
2759,2025-02-27T21:22:54,Viewed Product.,1
2639,2025-04-29T09:14:48,Black Crow Identified,0
181,2025-01-04T19:20:17,Opened Email,0
2834,2025-03-08T22:57:49,Clicked email link,0
460,2025-03-31T04:54:34,Order Placed,1
2440,2025-01-02T12:51:23,Viewed Product.,0
2243,2025-03-31T18:53:27,Blotout Viewed Product Xyz,0
825,2025-02-26T11:27:50,Unsubscribed,0
177,2025-01-26T00:42:07,Clicked Email,0
1192,2025-01-22T17:42:24,Viewed Product XYZ   ,0
2946,2025-04-11T23:42:49,Blotout Viewed Product Xyz,0
813,2025-01-01T21:42:11,Unsubscribed,0
2332,2025-03-17T21:50:13,Black Crow Identified,0
1728,2025-02-25T17:17:30,Blotout Viewed Product Xyz,0
793,2025-01-26T15:45:23,Opened Email,0
1759,2025-01-29T18:29:03,Clicked email to unsubscribe,0
1321,2025-03-18T06:03:53,Black Crow Identified,1
1981,2025-03-08T18:19:36,SMS Delivered,0
1929,2025-04-19T19:35:55,Opened Email,0
1440,2025-04-01T00:18:53,Email Open,0
266,2025-04-11T08:55:30,Black Crow Identified,0
1061,2025-04-21T00:37:20,SMS Sent,0
1749,2025-03-23T10:16:34,Email Open,1
2059,2025-02-06T09:41:25,Email Open,0
2741,2025-01-22T06:34:06,Placed Order,1
2507,2025-02-18T11:25:48,Opened Email,0
1204,2025-01-22T16:02:30,Email Open,0
2233,2025-01-05T01:51:56,Octane: Quiz Completed: Find The Perfect Eye Shadow   .,0
2109,2025-04-01T06:47:04,Clicked email link,0
169,2025-01-17T22:47:04,Unsubscribed,0
1401,2025-03-16T01:48:21,Clicked email to unsubscribe,1
2289,2025-01-29T15:36:52,Active on Site,0
1260,2025-02-23T15:03:32,Blotout Viewed Product Xyz,0
2123,2025-01-18T13:27:50,Placed Order,1
1690,2025-02-15T13:06:30,Active on Site,0
258,2025-03-01T06:05:36,Blotout Viewed Product Xyz,0
1013,2025-03-04T22:16:44,Viewed Product.,0
602,2025-03-12T21:10:03,Blotout Viewed Product Xyz,0
2656,2025-03-11T17:38:49,SMS Delivered,0
798,2025-04-03T23:00:03,SMS Delivered,0
2536,2025-03-19T14:08:22,Octane: Quiz Completed: Find The Perfect Eye Shadow   .,0
2000,2025-02-10T01:08:38,Black Crow Identified,0
832,2025-01-03T16:11:55,Black Crow Identified,0
1369,2025-04-02T01:44:56,Viewed Product XYZ   ,0
2283,2025-01-06T03:50:03,Active on Site,0
2507,2025-04-18T06:32:43,Opened Email,0
458,2025-02-21T03:42:36,Placed Order,1
950,2025-04-11T16:15:34,Viewed Product.,0
1015,2025-04-05T02:00:46,Blotout Viewed Product Xyz,0
984,2025-01-09T20:35:12,Unsubscribed,0
484,2025-01-01T22:51:48,Unsubscribed,0
1563,2025-02-16T03:02:48,SMS Delivered,0
1129,2025-03-08T02:46:19,Black Crow Identified,0
244,2025-02-13T15:16:18,SMS Delivered,0
288,2025-04-20T01:52:12,SMS Delivered,0
2363,2025-03-12T05:51:05,Clicked Email,0
764,2025-02-08T17:48:49,Viewed Product XYZ   ,0
896,2025-01-21T10:02:56,Opened Email,0
1883,2025-03-18T02:20:07,Active on Site,0
1204,2025-03-04T09:58:03,Clicked Email,0
2747,2025-03-31T07:16:40,Blotout Viewed Product Xyz,0
1265,2025-03-13T01:15:57,Clicked Email,1
1535,2025-01-24T03:48:41,Active on Site,0
2176,2025-02-19T16:10:00,Active on Site,1
1942,2025-04-22T20:52:37,Unsubscribed,0
2122,2025-01-25T15:40:28,Viewed Product.,0
1105,2025-03-03T11:24:26,Order Placed,1
2311,2025-01-06T12:39:07,Clicked Email,0
1346,2025-04-18T11:05:02,Viewed Product XYZ   ,0
1761,2025-03-26T18:09:19,Email Open,0
2113,2025-02-08T06:38:28,Unsubscribed,0
2896,2025-01-10T21:34:05,Octane: Quiz Completed: Find The Perfect Eye Shadow   .,0
292,2025-03-21T10:16:16,Opened Email,0
2997,2025-02-04T01:13:15,Order Placed,1
161,2025-01-03T18:38:06,Black Crow Identified,0
1180,2025-01-09T09:23:55,Email Open,0
1021,2025-02-16T04:39:50,Viewed Product.,0
1169,2025-01-25T12:52:52,Octane: Quiz Completed: Find The Perfect Eye Shadow   .,0
2087,2025-03-22T10:49:19,Viewed Product.,0
2908,2025-01-04T09:04:31,Order Placed,1
2254,2025-01-04T11:17:22,Clicked email to unsubscribe,0
1597,2025-03-16T03:44:17,Unsubscribed,0
1233,2025-02-10T04:35:41,Black Crow Identified,0
2296,2025-03-22T07:51:17,Clicked Email,0
1211,2025-02-21T09:35:50,Unsubscribed,0
1850,2025-03-07T01:54:05,SMS Delivered,0
311,2025-04-06T07:06:26,Viewed Product.,0
657,2025-04-30T18:07:07,Clicked email link,0
1756,2025-03-21T03:35:48,Viewed Product XYZ   ,0
1163,2025-03-25T20:42:34,Clicked Email,0
2076,2025-04-03T23:56:05,SMS Delivered,0
1484,2025-03-22T23:57:45,Clicked email to unsubscribe,0
2092,2025-03-11T22:51:07,Clicked Email,0
2731,2025-03-18T14:12:48,Clicked email link,0
2341,2025-02-12T14:02:14,Email Open,0
847,2025-01-28T05:44:20,Placed Order,1
195,2025-01-07T18:02:04,Order Placed,1
2714,2025-02-27T22:29:51,Email Open,0
1509,2025-03-10T11:50:54,SMS Delivered,0
91,2025-02-23T13:59:11,Clicked Email,0
592,2025-01-05T04:58:22,Viewed Product.,0
2706,2025-02-05T09:02:14,Octane: Quiz Completed: Find The Perfect Eye Shadow   .,0
855,2025-01-12T13:26:41,Clicked Email,0
748,2025-01-14T18:30:44,Active on Site,0
809,2025-01-08T18:22:48,Viewed Product.,0
542,2025-04-28T00:42:15,Placed Order,1
540,2025-04-24T12:42:57,Email Open,0
2735,2025-04-11T12:08:44,Clicked Email,0
2730,2025-04-29T13:40:22,Clicked email link,0
1106,2025-02-16T06:28:00,Black Crow Identified,0
2932,2025-04-02T05:14:26,SMS Delivered,0
167,2025-04-27T04:21:29,Clicked email link,0
1785,2025-01-29T05:39:31,Clicked Email,0
1399,2025-01-02T04:12:01,Opened Email,0
1690,2025-01-14T20:11:39,Active on Site,0
2219,2025-03-09T06:43:11,Black Crow Identified,0
1934,2025-04-30T23:43:56,Octane: Quiz Completed: Find The Perfect Eye Shadow   .,0
342,2025-01-31T06:18:41,Viewed Product XYZ   ,0
531,2025-02-10T09:12:31,Email Open,0
337,2025-01-10T21:01:40,Email Open,0
330,2025-01-09T16:47:13,Clicked email to unsubscribe,0
980,2025-02-21T14:29:25,SMS Delivered,0
1062,2025-03-12T21:56:13,SMS Sent,0
2833,2025-03-07T07:34:57,Clicked email link,0
1118,2025-03-18T17:40:57,Blotout Viewed Product Xyz,0
1787,2025-04-21T18:12:27,SMS Delivered,1
1037,2025-04-05T14:59:21,Blotout Viewed Product Xyz,0
1933,2025-02-11T10:20:16,Clicked email link,0
1566,2025-04-06T08:09:18,Clicked email link,0
2794,2025-03-22T21:02:27,Email Open,0
365,2025-01-27T07:10:49,Clicked Email,0
222,2025-03-28T15:38:22,Placed Order,1
2760,2025-03-10T20:32:48,Opened Email,0
1316,2025-02-18T01:51:28,Octane: Quiz Completed: Find The Perfect Eye Shadow   .,0
2206,2025-04-20T18:28:46,Viewed Product.,0
2167,2025-01-28T21:25:01,Clicked email link,0
1850,2025-01-05T10:40:46,Clicked email link,0
1434,2025-04-15T04:44:48,Viewed Product XYZ   ,0
2046,2025-03-27T13:29:21,Clicked email to unsubscribe,0
653,2025-02-07T02:43:34,Octane: Quiz Completed: Find The Perfect Eye Shadow   .,0
1543,2025-03-31T21:05:55,Blotout Viewed Product Xyz,0
2546,2025-03-27T01:39:33,Clicked Email,0
644,2025-02-16T20:24:18,Order Placed,1
154,2025-04-29T20:07:35,Viewed Product.,1
1714,2025-03-24T01:25:34,Viewed Product.,0
1629,2025-01-16T10:21:55,Placed Order,1
2715,2025-03-30T16:38:39,Black Crow Identified,1
1638,2025-03-07T02:57:28,Active on Site,0
1820,2025-03-22T21:35:52,Order Placed,1
2232,2025-04-18T23:22:44,Email Open,0
2467,2025-01-28T06:27:47,SMS Delivered,0
241,2025-04-16T15:22:59,Clicked Email,0
998,2025-01-27T22:33:04,Clicked Email,0
566,2025-02-11T05:56:10,Clicked email to unsubscribe,0
1299,2025-03-15T03:35:16,Viewed Product XYZ   ,0
276,2025-04-26T14:30:09,Octane: Quiz Completed: Find The Perfect Eye Shadow   .,0
2982,2025-03-05T11:10:48,Order Placed,1
1780,2025-01-30T02:08:42,Blotout Viewed Product Xyz,0
635,2025-01-03T19:59:33,Clicked email to unsubscribe,0
298,2025-01-28T23:23:36,Order Placed,1
566,2025-02-12T01:59:59,Clicked email to unsubscribe,0
1595,2025-01-17T06:42:58,Black Crow Identified,1
2980,2025-01-21T12:56:23,Placed Order,1
1765,2025-01-14T13:33:26,Order Placed,1
1922,2025-02-26T06:38:52,Opened Email,0
288,2025-02-26T05:06:48,Email Open,0
1545,2025-04-08T01:29:22,SMS Sent,0
714,2025-04-20T23:19:59,Octane: Quiz Completed: Find The Perfect Eye Shadow   .,0
1378,2025-04-27T05:34:58,Unsubscribed,1
1356,2025-03-17T15:29:28,Viewed Product XYZ   ,0
1090,2025-03-01T02:46:07,SMS Sent,0
1472,2025-04-21T05:51:28,Blotout Viewed Product Xyz,0
1894,2025-04-06T17:34:35,Active on Site,0
1638,2025-02-27T20:38:25,Clicked email to unsubscribe,0
1014,2025-02-12T15:36:14,Viewed Product.,0
2681,2025-03-04T18:37:24,Order Placed,1
2232,2025-02-22T14:49:36,Blotout Viewed Product Xyz,1
1015,2025-03-28T04:34:45,Email Open,0
1022,2025-01-13T09:10:54,Clicked Email,0
2265,2025-04-23T09:09:41,Clicked Email,0
2517,2025-04-22T02:08:48,Viewed Product XYZ   ,0
955,2025-04-23T02:00:31,SMS Delivered,0
1428,2025-01-29T21:20:59,Email Open,0
1353,2025-02-24T19:38:11,Placed Order,1
1175,2025-03-19T19:04:28,Active on Site,0
1200,2025-01-17T01:56:09,SMS Delivered,1
1940,2025-04-18T13:11:18,Placed Order,1
590,2025-04-15T23:41:23,SMS Delivered,0
21,2025-01-07T03:52:16,Placed Order,1
1215,2025-04-29T17:12:08,Octane: Quiz Completed: Find The Perfect Eye Shadow   .,1
1978,2025-01-31T10:51:27,Viewed Product XYZ   ,0
2598,2025-02-25T01:26:05,Black Crow Identified,0
2705,2025-03-07T11:25:24,Placed Order,1
2808,2025-03-03T08:51:20,Opened Email,0
736,2025-04-26T08:55:23,Email Open,0
86,2025-01-20T04:46:51,Active on Site,0
1495,2025-02-28T20:12:57,Opened Email,0
2462,2025-02-04T13:27:53,Active on Site,0
1496,2025-01-18T22:51:05,Unsubscribed,0
2691,2025-04-17T11:00:09,Viewed Product XYZ   ,0
1090,2025-02-22T05:14:59,Clicked Email,0
571,2025-04-30T01:04:17,SMS Sent,0
1084,2025-02-27T19:05:39,Blotout Viewed Product Xyz,0
1382,2025-01-06T15:17:25,Active on Site,0
426,2025-03-03T10:31:23,Viewed Product XYZ   ,0
1541,2025-02-03T05:18:52,Viewed Product XYZ   ,0
1338,2025-02-03T02:18:51,SMS Delivered,0
214,2025-03-01T09:58:15,Placed Order,1
1909,2025-04-07T20:15:07,Octane: Quiz Completed: Find The Perfect Eye Shadow   .,0
2152,2025-02-16T06:51:16,Opened Email,0
2745,2025-04-01T11:57:26,SMS Delivered,0
2651,2025-02-10T13:20:51,SMS Sent,0
1021,2025-04-07T04:36:32,Black Crow Identified,0
1791,2025-04-23T04:10:55,Active on Site,0
2621,2025-01-03T03:29:00,Black Crow Identified,0
1415,2025-03-13T14:55:38,Active on Site,0
2376,2025-03-02T04:02:36,Blotout Viewed Product Xyz,0
2504,2025-04-07T05:42:34,Clicked Email,0
2621,2025-03-23T06:00:37,Clicked Email,0
1329,2025-04-18T22:11:49,Clicked email to unsubscribe,0
167,2025-04-14T08:05:09,Placed Order,1
373,2025-01-15T02:34:40,Clicked email link,0
682,2025-04-08T16:08:07,Viewed Product.,0
1942,2025-02-17T22:17:01,Active on Site,0
650,2025-01-28T11:48:33,Octane: Quiz Completed: Find The Perfect Eye Shadow   .,0
617,2025-01-25T00:31:36,Order Placed,1
974,2025-03-05T07:22:10,SMS Delivered,0
1431,2025-02-24T07:44:00,SMS Delivered,0
1417,2025-02-28T19:48:42,Octane: Quiz Completed: Find The Perfect Eye Shadow   .,0
2468,2025-04-09T00:30:40,Clicked Email,0
125,2025-04-22T08:10:01,SMS Sent,0
2889,2025-01-09T16:13:32,Opened Email,0
2293,2025-03-01T08:17:22,Octane: Quiz Completed: Find The Perfect Eye Shadow   .,0
2786,2025-03-02T18:07:51,Octane: Quiz Completed: Find The Perfect Eye Shadow   .,0
1630,2025-01-13T23:01:08,Viewed Product.,0
1829,2025-02-16T22:21:30,Clicked email link,0
1823,2025-02-06T15:24:18,SMS Sent,0
1499,2025-03-24T14:35:55,Order Placed,1
1406,2025-03-09T00:33:18,Black Crow Identified,0
614,2025-03-01T02:58:05,Placed Order,1
2692,2025-04-06T17:14:46,Unsubscribed,0
2309,2025-03-11T19:57:12,Opened Email,0
2299,2025-01-21T18:11:38,Active on Site,0
642,2025-03-11T14:34:41,Clicked email link,0
462,2025-03-20T19:56:29,Octane: Quiz Completed: Find The Perfect Eye Shadow   .,0
632,2025-01-15T22:37:38,Viewed Product XYZ   ,0
2419,2025-04-06T02:06:59,Unsubscribed,0
2311,2025-03-06T05:41:49,Octane: Quiz Completed: Find The Perfect Eye Shadow   .,1
1868,2025-02-19T15:42:18,SMS Sent,0
2926,2025-04-03T02:09:17,Viewed Product.,0
2153,2025-04-06T07:38:22,Opened Email,0
1720,2025-02-12T03:03:47,Order Placed,1
2216,2025-02-16T03:51:04,Clicked Email,0
1268,2025-01-06T11:16:41,SMS Delivered,0
439,2025-02-26T12:04:48,Viewed Product XYZ   ,0
1984,2025-04-14T07:10:22,Active on Site,0
305,2025-04-30T06:44:45,Clicked Email,0
840,2025-01-19T09:00:51,Placed Order,1
2714,2025-03-31T15:21:06,Unsubscribed,0
2941,2025-02-05T09:31:43,Order Placed,1
1234,2025-02-24T19:39:37,Clicked Email,0
1194,2025-02-17T18:44:40,Blotout Viewed Product Xyz,0
2379,2025-03-13T10:44:50,Clicked Email,0
2806,2025-02-17T22:34:09,Clicked Email,0
361,2025-01-20T10:16:08,Clicked email link,0
2226,2025-03-09T16:02:56,Unsubscribed,0
580,2025-04-06T17:45:10,Clicked email link,0
205,2025-03-07T19:16:55,Email Open,0
606,2025-02-05T10:35:46,Viewed Product.,0
1706,2025-02-09T13:07:50,Viewed Product.,0
538,2025-03-13T12:18:33,Black Crow Identified,0
2560,2025-01-12T19:21:56,Black Crow Identified,0
1903,2025-03-06T12:41:35,Viewed Product.,0
1065,2025-01-06T22:31:31,Octane: Quiz Completed: Find The Perfect Eye Shadow   .,1
2518,2025-04-27T22:45:27,Placed Order,1
528,2025-01-15T05:47:40,Clicked email link,0
1648,2025-04-30T04:48:34,Opened Email,0
1929,2025-02-27T12:32:32,Blotout Viewed Product Xyz,0
148,2025-03-03T00:56:41,Clicked Email,0
1177,2025-02-16T12:12:46,Order Placed,1
1025,2025-03-13T15:52:59,Viewed Product.,1
156,2025-04-25T16:25:42,Viewed Product XYZ   ,0
2475,2025-01-19T06:54:41,Email Open,0
2314,2025-03-01T02:33:54,SMS Delivered,0
1195,2025-04-28T09:47:42,Black Crow Identified,0
2680,2025-03-14T06:56:47,Black Crow Identified,0
1222,2025-03-31T03:47:01,Blotout Viewed Product Xyz,0
1606,2025-03-07T05:06:21,SMS Delivered,0
1585,2025-03-27T04:00:02,Unsubscribed,0
1396,2025-01-24T06:44:05,Order Placed,1
2300,2025-04-17T05:36:29,Black Crow Identified,0
2110,2025-03-25T22:18:58,Blotout Viewed Product Xyz,0
798,2025-04-03T08:36:53,Opened Email,0
2715,2025-04-13T01:08:47,Viewed Product XYZ   ,0
24,2025-01-03T12:46:08,Viewed Product XYZ   ,0
2153,2025-03-15T07:40:56,Viewed Product.,0
2133,2025-01-11T20:11:50,Order Placed,1
319,2025-03-19T17:37:36,SMS Delivered,0
2974,2025-01-20T11:21:06,Viewed Product XYZ   ,0
1188,2025-03-15T13:53:53,SMS Sent,0
1152,2025-01-28T20:43:22,Viewed Product.,0
2668,2025-04-09T21:44:47,Octane: Quiz Completed: Find The Perfect Eye Shadow   .,0
2677,2025-03-12T16:06:51,Clicked email link,0
2796,2025-02-12T10:45:40,Active on Site,0
1652,2025-04-05T10:29:15,Viewed Product XYZ   ,0
2063,2025-04-15T20:39:57,Viewed Product XYZ   ,0
2559,2025-02-02T22:54:30,Black Crow Identified,0
1928,2025-03-31T03:53:53,Active on Site,0
2908,2025-03-05T21:48:35,Unsubscribed,0
1596,2025-02-10T23:04:20,Black Crow Identified,0
2317,2025-01-02T02:32:01,SMS Delivered,0
1018,2025-01-26T14:26:18,Black Crow Identified,0
2085,2025-01-01T09:37:33,Blotout Viewed Product Xyz,0
1366,2025-03-31T23:46:40,Clicked email to unsubscribe,0
1260,2025-02-07T13:29:37,Viewed Product.,0
852,2025-02-10T05:11:45,Opened Email,0
934,2025-04-22T11:06:20,Clicked email to unsubscribe,0
415,2025-02-17T02:17:09,Viewed Product.,0
2134,2025-03-10T08:42:44,Unsubscribed,0
2236,2025-03-03T11:52:13,Clicked email to unsubscribe,0
929,2025-02-15T08:13:41,Clicked Email,0
618,2025-01-06T09:19:36,Clicked email to unsubscribe,0
2720,2025-04-14T20:36:37,Black Crow Identified,0
153,2025-01-18T05:25:33,Viewed Product.,0
1793,2025-03-15T22:43:04,Black Crow Identified,0
800,2025-03-09T03:13:41,Viewed Product XYZ   ,0
1946,2025-03-17T04:56:12,SMS Delivered,0
834,2025-01-24T02:53:47,SMS Sent,0
2403,2025-02-11T23:13:42,Email Open,0
2124,2025-04-08T00:38:04,Clicked email to unsubscribe,0
2059,2025-01-05T20:50:15,Clicked email to unsubscribe,0
1000,2025-01-05T03:24:48,Viewed Product.,0
387,2025-03-31T03:43:32,Placed Order,1
2356,2025-01-23T19:37:14,Clicked email link,0
1615,2025-04-09T08:02:50,Clicked email link,1
1932,2025-02-11T15:57:14,Email Open,0
1510,2025-01-21T04:40:25,Octane: Quiz Completed: Find The Perfect Eye Shadow   .,0
1420,2025-03-31T09:41:25,Blotout Viewed Product Xyz,0
779,2025-04-17T15:33:18,Placed Order,1
2942,2025-04-27T02:57:27,SMS Delivered,1
545,2025-02-03T10:09:11,Email Open,0
2286,2025-01-25T03:08:35,Unsubscribed,0
1289,2025-04-09T03:58:20,Unsubscribed,0
1259,2025-01-02T21:38:11,Viewed Product XYZ   ,0
1540,2025-01-26T19:41:57,Black Crow Identified,0
2939,2025-03-21T03:22:44,Viewed Product.,0
324,2025-04-07T02:11:13,Clicked Email,0
150,2025-01-15T16:27:44,Placed Order,1
2176,2025-04-21T20:33:20,Unsubscribed,0
916,2025-01-19T10:38:23,Viewed Product.,0
176,2025-02-28T20:35:22,Email Open,0
1435,2025-02-09T20:24:33,Viewed Product.,0
149,2025-01-17T14:11:29,Viewed Product.,0
1168,2025-03-04T23:55:18,Clicked email to unsubscribe,0
10,2025-01-06T08:02:03,Clicked Email,0
1260,2025-04-02T07:06:33,Black Crow Identified,0
528,2025-03-10T04:56:59,SMS Delivered,0
1010,2025-02-22T17:44:04,Unsubscribed,0
2948,2025-04-27T04:29:31,Blotout Viewed Product Xyz,0
2297,2025-02-06T09:40:38,Clicked email to unsubscribe,0
2433,2025-04-03T23:23:38,Email Open,0
674,2025-03-25T10:24:13,SMS Delivered,0
220,2025-02-02T22:06:32,Unsubscribed,0
674,2025-01-15T04:13:33,Clicked email to unsubscribe,1
289,2025-01-15T00:32:29,SMS Delivered,0
2051,2025-01-02T15:04:58,Clicked Email,0
1217,2025-02-03T12:34:31,SMS Sent,0
1813,2025-04-27T11:45:46,Opened Email,0
710,2025-04-30T10:32:57,SMS Sent,0
1813,2025-03-21T06:22:11,Active on Site,0
1508,2025-03-04T13:42:35,Viewed Product.,0
96,2025-01-19T14:55:47,Order Placed,1
1316,2025-01-06T13:10:43,Clicked Email,0
1781,2025-03-09T20:22:12,Unsubscribed,0
1183,2025-03-29T09:03:04,Clicked email link,0
2745,2025-03-16T07:57:23,Clicked email link,0
1917,2025-04-13T16:32:31,Opened Email,0
1383,2025-02-21T01:05:11,Placed Order,1
1227,2025-01-06T02:53:50,Placed Order,1
1766,2025-03-06T10:03:00,Active on Site,0
2395,2025-02-08T00:35:21,SMS Sent,0
1391,2025-02-08T21:32:42,Active on Site,0
1204,2025-02-12T09:35:19,Unsubscribed,0
2793,2025-03-30T20:24:46,SMS Sent,0
776,2025-02-16T00:37:55,Blotout Viewed Product Xyz,0
231,2025-01-12T10:40:08,Active on Site,0
2331,2025-02-26T15:06:11,Clicked email link,0
2568,2025-04-14T12:51:30,Opened Email,0
2380,2025-03-31T01:36:24,Viewed Product XYZ   ,0
1081,2025-04-13T15:17:37,Placed Order,1
2245,2025-01-08T23:23:13,Clicked Email,0
1279,2025-03-09T12:31:25,Placed Order,1
1367,2025-04-20T03:46:39,Clicked Email,0
1653,2025-03-05T10:10:36,Active on Site,0
454,2025-04-03T04:20:10,Clicked email link,0
2452,2025-04-13T20:46:43,Active on Site,0
2425,2025-01-12T06:14:02,Order Placed,1
1769,2025-04-09T00:06:59,Viewed Product.,0
2613,2025-02-02T05:12:09,Unsubscribed,0
1279,2025-03-24T08:17:17,SMS Sent,0
2850,2025-02-02T19:26:31,Viewed Product XYZ   ,0
2299,2025-03-01T14:19:12,Placed Order,1
245,2025-03-12T23:21:09,SMS Delivered,0
2121,2025-03-26T01:21:15,Clicked email to unsubscribe,0
415,2025-02-12T14:00:38,Octane: Quiz Completed: Find The Perfect Eye Shadow   .,0
2784,2025-03-15T15:48:14,SMS Sent,0
73,2025-03-03T08:01:30,Email Open,0
971,2025-04-10T23:44:40,SMS Sent,0
1200,2025-04-23T22:58:27,SMS Sent,0
1579,2025-04-18T09:05:36,Black Crow Identified,0
936,2025-02-03T05:01:36,Octane: Quiz Completed: Find The Perfect Eye Shadow   .,0
822,2025-01-18T14:49:19,Octane: Quiz Completed: Find The Perfect Eye Shadow   .,0
2802,2025-03-23T18:33:48,SMS Sent,0
808,2025-02-11T16:20:19,Opened Email,1
86,2025-01-20T05:52:40,Clicked Email,0
2860,2025-02-02T12:55:09,Opened Email,0
2684,2025-02-08T09:13:46,Unsubscribed,0
603,2025-02-28T15:37:27,Viewed Product XYZ   ,0
1877,2025-04-12T11:55:59,Blotout Viewed Product Xyz,0
587,2025-02-10T08:33:09,Unsubscribed,0
1732,2025-03-11T04:36:23,Order Placed,1
798,2025-02-18T13:03:37,Clicked email link,0
1660,2025-04-28T22:43:19,SMS Delivered,0
1694,2025-04-13T14:48:41,Unsubscribed,0
1273,2025-02-22T09:05:07,Blotout Viewed Product Xyz,0
2946,2025-03-25T03:41:50,Active on Site,0
1357,2025-04-13T06:27:03,Active on Site,0
179,2025-02-13T07:57:14,Placed Order,1
497,2025-02-28T04:37:32,SMS Delivered,0
549,2025-02-10T05:33:45,Clicked Email,0
1881,2025-04-08T14:52:46,SMS Sent,0
1167,2025-02-19T03:33:06,Octane: Quiz Completed: Find The Perfect Eye Shadow   .,0
232,2025-02-16T23:48:13,Opened Email,0
84,2025-04-25T18:50:22,SMS Sent,0
950,2025-03-13T11:59:44,Placed Order,1
344,2025-04-16T11:30:28,Blotout Viewed Product Xyz,0
269,2025-04-07T23:52:27,Viewed Product XYZ   ,0
705,2025-01-31T22:03:13,Blotout Viewed Product Xyz,0
2452,2025-02-07T22:43:26,SMS Delivered,0
2910,2025-04-06T12:29:36,Active on Site,0
352,2025-01-08T03:51:53,Viewed Product XYZ   ,0
628,2025-02-18T21:05:53,Email Open,0
1590,2025-02-21T11:08:18,Viewed Product.,1
2245,2025-03-27T10:19:04,Blotout Viewed Product Xyz,0
1023,2025-03-11T21:18:46,Active on Site,0
2017,2025-04-27T15:37:46,Viewed Product.,0
1349,2025-02-16T11:29:52,Blotout Viewed Product Xyz,0
565,2025-04-01T12:09:50,Unsubscribed,0
2252,2025-02-06T07:14:57,Order Placed,1
1955,2025-02-15T12:07:43,Viewed Product XYZ   ,0
2023,2025-02-23T18:23:35,Viewed Product XYZ   ,0
700,2025-02-11T21:31:30,Blotout Viewed Product Xyz,0
2073,2025-03-09T16:48:41,Placed Order,1
1946,2025-01-20T13:50:53,Clicked email link,0
560,2025-02-01T12:56:35,Active on Site,0
195,2025-03-28T02:21:50,Active on Site,0
1378,2025-02-24T11:10:51,Clicked Email,0
1029,2025-02-13T09:00:18,Clicked email to unsubscribe,0
1237,2025-03-01T16:32:06,Placed Order,1
216,2025-04-17T19:05:40,Octane: Quiz Completed: Find The Perfect Eye Shadow   .,0
2295,2025-01-10T20:53:05,Black Crow Identified,1
827,2025-02-14T16:17:18,Clicked Email,0
1274,2025-01-16T21:34:43,Viewed Product XYZ   ,0
1260,2025-03-11T03:14:03,Viewed Product.,0
661,2025-04-15T13:57:13,Blotout Viewed Product Xyz,0
107,2025-01-30T02:18:20,Order Placed,1
281,2025-04-14T20:11:56,Unsubscribed,0
2626,2025-01-08T14:19:33,Octane: Quiz Completed: Find The Perfect Eye Shadow   .,0
262,2025-03-08T03:23:34,Clicked email link,0
633,2025-01-24T18:07:44,SMS Sent,0
2371,2025-04-04T04:35:27,Opened Email,0
1417,2025-03-04T08:12:20,Blotout Viewed Product Xyz,0
2534,2025-03-08T01:56:34,Blotout Viewed Product Xyz,0
2314,2025-04-02T00:24:09,Octane: Quiz Completed: Find The Perfect Eye Shadow   .,0
819,2025-02-18T12:20:09,Clicked email link,0
179,2025-03-29T10:12:47,Order Placed,1
1418,2025-04-05T19:47:59,Clicked email link,0
2672,2025-02-07T03:45:30,SMS Delivered,0
1928,2025-01-27T17:53:20,SMS Sent,0
1027,2025-04-18T20:35:34,Viewed Product XYZ   ,0
1836,2025-03-28T11:21:38,Viewed Product XYZ   ,0
1740,2025-04-26T22:50:05,Blotout Viewed Product Xyz,0
800,2025-02-15T18:28:48,Viewed Product XYZ   ,0
850,2025-01-08T20:30:23,SMS Sent,0
2845,2025-03-26T22:24:20,Viewed Product.,0
1587,2025-01-18T10:52:28,Opened Email,0
232,2025-03-27T01:04:21,Active on Site,1
381,2025-01-29T21:52:19,Clicked Email,0
2289,2025-04-14T00:10:42,Blotout Viewed Product Xyz,0
831,2025-03-31T17:10:12,Viewed Product XYZ   ,0
2495,2025-01-10T16:13:38,Octane: Quiz Completed: Find The Perfect Eye Shadow   .,0
2691,2025-02-15T04:47:51,Octane: Quiz Completed: Find The Perfect Eye Shadow   .,0
2840,2025-04-28T10:50:27,Clicked email to unsubscribe,0
2240,2025-01-06T07:46:08,Black Crow Identified,0
851,2025-04-18T07:33:49,Active on Site,0
1632,2025-01-13T04:46:32,Viewed Product XYZ   ,0
2246,2025-01-06T12:07:51,Blotout Viewed Product Xyz,0
1033,2025-03-31T01:58:42,Active on Site,0
731,2025-04-03T00:05:04,Email Open,0
2202,2025-01-08T17:54:40,SMS Sent,0
2166,2025-04-09T02:41:47,SMS Delivered,0
577,2025-02-10T15:47:11,Viewed Product XYZ   ,0
1440,2025-04-17T03:30:53,Order Placed,1
118,2025-03-31T23:30:04,Placed Order,1
877,2025-04-03T19:36:32,Clicked Email,0
62,2025-02-17T06:09:46,Order Placed,1
1757,2025-03-05T23:55:36,Clicked email link,0
2531,2025-01-27T14:19:53,SMS Sent,0
2588,2025-01-14T22:30:16,Clicked email to unsubscribe,0
2659,2025-04-01T01:38:19,Order Placed,1
2302,2025-03-09T00:25:56,Clicked email link,0
2109,2025-01-24T10:19:39,Opened Email,0
2784,2025-02-24T11:19:34,SMS Sent,0
1205,2025-04-14T04:46:14,SMS Delivered,0
1815,2025-02-24T05:19:41,Black Crow Identified,0
1185,2025-01-08T17:12:30,Clicked email link,0
309,2025-03-18T20:38:00,Clicked email to unsubscribe,0
2500,2025-02-11T00:40:53,Clicked email to unsubscribe,0
69,2025-04-29T19:39:57,Viewed Product XYZ   ,0
1733,2025-03-18T10:36:21,Clicked Email,0
664,2025-03-27T08:08:23,SMS Delivered,0
626,2025-03-11T00:09:06,Octane: Quiz Completed: Find The Perfect Eye Shadow   .,0
366,2025-02-26T11:23:40,SMS Sent,0
2527,2025-04-02T17:17:43,Blotout Viewed Product Xyz,0
1342,2025-01-01T07:33:47,Placed Order,1
463,2025-04-24T00:24:06,Clicked email link,0
2083,2025-01-20T13:36:45,Clicked Email,0
1695,2025-03-10T11:44:03,Viewed Product XYZ   ,0
329,2025-01-27T08:26:03,Order Placed,1
2350,2025-02-28T20:51:46,Unsubscribed,0
2982,2025-04-15T17:21:10,Viewed Product.,0
641,2025-01-06T19:08:18,Octane: Quiz Completed: Find The Perfect Eye Shadow   .,0
970,2025-04-22T18:35:03,Unsubscribed,1
2787,2025-01-01T00:57:33,SMS Sent,0
1724,2025-04-14T03:51:07,Order Placed,1
1829,2025-04-27T10:20:39,Black Crow Identified,0
2268,2025-04-23T17:49:29,Clicked email link,0
378,2025-02-19T01:46:42,Active on Site,0
274,2025-01-13T13:28:47,Black Crow Identified,0
461,2025-04-18T20:57:46,Order Placed,1
576,2025-03-14T13:01:11,SMS Sent,0
2929,2025-02-06T01:01:23,Placed Order,1
1688,2025-02-08T23:21:35,Blotout Viewed Product Xyz,0
1195,2025-04-26T18:20:27,Active on Site,0
476,2025-02-11T16:33:14,Octane: Quiz Completed: Find The Perfect Eye Shadow   .,0
311,2025-02-24T18:52:53,Opened Email,0
1444,2025-03-04T17:45:58,Clicked email to unsubscribe,0
2470,2025-01-12T05:28:01,SMS Delivered,0
2722,2025-02-04T22:58:16,Email Open,0
388,2025-01-16T15:59:27,Clicked email to unsubscribe,0
2730,2025-02-08T03:00:46,Unsubscribed,0
957,2025-01-23T00:29:49,Clicked email link,0
2624,2025-04-12T17:26:52,SMS Delivered,0
1871,2025-01-14T16:54:18,Active on Site,0
872,2025-01-15T12:53:11,Unsubscribed,0
1347,2025-03-15T21:20:48,Clicked email link,0
2351,2025-01-30T21:22:37,Unsubscribed,0
1411,2025-01-21T23:59:06,Black Crow Identified,0
2218,2025-02-01T12:00:48,Octane: Quiz Completed: Find The Perfect Eye Shadow   .,1
2562,2025-02-02T02:35:38,SMS Delivered,0
2426,2025-02-01T14:51:30,Unsubscribed,0
2702,2025-01-22T06:15:28,Black Crow Identified,0
397,2025-01-14T14:09:28,Order Placed,1
198,2025-02-01T18:26:10,SMS Delivered,0
842,2025-01-10T08:06:02,Clicked email to unsubscribe,0
2722,2025-02-06T23:13:44,Active on Site,1
828,2025-02-22T19:30:16,Black Crow Identified,0
2324,2025-04-22T06:36:11,Placed Order,1
2344,2025-04-05T09:08:18,Viewed Product.,0
2724,2025-03-19T20:42:12,Blotout Viewed Product Xyz,0
1138,2025-03-22T14:57:19,Email Open,0
1203,2025-01-20T23:25:03,Placed Order,1
1147,2025-04-25T04:14:41,Viewed Product XYZ   ,0
2841,2025-02-10T09:56:22,SMS Delivered,0
1101,2025-01-15T09:42:17,Viewed Product XYZ   ,0
1284,2025-02-07T11:10:16,Placed Order,1
2405,2025-02-17T07:30:09,Order Placed,1
2304,2025-02-10T22:25:05,Clicked email link,0
1526,2025-02-09T17:15:48,Viewed Product.,1
305,2025-04-06T00:54:55,Clicked Email,0
1669,2025-04-27T12:01:25,Viewed Product XYZ   ,0
1583,2025-03-12T08:25:49,Order Placed,1
1741,2025-02-21T06:54:04,Viewed Product XYZ   ,0
257,2025-01-08T22:33:54,Clicked email link,0
966,2025-01-12T17:31:15,Email Open,0
2351,2025-01-07T14:56:30,Black Crow Identified,0
2396,2025-04-07T05:14:32,Black Crow Identified,0
932,2025-04-12T10:14:13,Email Open,0
1314,2025-02-02T19:52:55,SMS Sent,0
2856,2025-01-16T09:53:01,Email Open,0
689,2025-01-18T20:22:39,Opened Email,0
241,2025-01-05T20:14:13,Email Open,0
826,2025-01-02T16:19:36,Blotout Viewed Product Xyz,0
2698,2025-01-09T10:18:21,Placed Order,1
1687,2025-04-17T14:10:59,Clicked Email,0
1313,2025-02-02T10:45:48,Unsubscribed,0
1428,2025-02-18T01:38:54,SMS Delivered,0
2764,2025-03-07T17:47:53,Unsubscribed,0
1850,2025-01-16T17:14:46,Order Placed,1
886,2025-01-08T10:41:53,SMS Delivered,0
219,2025-03-23T17:39:55,Clicked email link,0
2567,2025-03-01T05:12:17,Clicked email link,0
1811,2025-02-10T01:05:17,Clicked email link,0
827,2025-02-22T02:40:56,Opened Email,0
1831,2025-03-16T00:50:39,SMS Sent,0
919,2025-03-03T03:11:05,SMS Sent,0
1041,2025-01-18T15:46:48,Email Open,0
2333,2025-03-20T19:15:26,Clicked email link,0
2370,2025-01-10T12:40:20,Unsubscribed,0
2213,2025-04-25T23:38:20,Placed Order,1
1441,2025-04-23T06:28:05,Email Open,1
2196,2025-01-17T14:29:01,Clicked email link,0
1234,2025-03-17T13:42:16,Black Crow Identified,0
488,2025-03-30T08:56:36,SMS Sent,0
1399,2025-04-05T16:03:41,SMS Sent,0
2191,2025-03-04T20:09:54,Viewed Product XYZ   ,0
2642,2025-02-19T08:19:41,Active on Site,0
547,2025-02-27T17:40:09,Active on Site,0
2747,2025-03-05T04:00:31,Clicked Email,0
1937,2025-01-31T01:49:57,Clicked email link,0
152,2025-02-15T14:31:53,SMS Delivered,1
1221,2025-01-15T16:16:22,Blotout Viewed Product Xyz,0
963,2025-03-29T13:02:02,Viewed Product.,0
2001,2025-04-21T17:03:01,Blotout Viewed Product Xyz,0
326,2025-01-17T16:20:46,SMS Sent,0
619,2025-02-20T00:01:04,Order Placed,1
178,2025-03-31T13:20:35,SMS Delivered,0
2807,2025-04-01T18:50:27,Unsubscribed,0
121,2025-04-17T18:22:52,Placed Order,1
2391,2025-04-16T05:02:16,SMS Sent,0
667,2025-02-21T15:00:05,Black Crow Identified,0
443,2025-03-27T11:30:56,SMS Sent,0
1893,2025-04-24T15:38:42,Active on Site,0
2621,2025-01-25T12:34:04,Opened Email,1
2987,2025-02-22T07:38:20,Blotout Viewed Product Xyz,1
722,2025-02-07T16:51:49,SMS Delivered,0
1489,2025-01-27T11:38:56,SMS Delivered,0
148,2025-02-28T23:04:03,Black Crow Identified,0
2455,2025-04-05T03:16:58,Opened Email,0
2795,2025-02-23T10:56:34,Order Placed,1
778,2025-04-06T22:15:44,Viewed Product.,0
2233,2025-01-15T21:11:27,Viewed Product.,0
1419,2025-03-29T19:37:14,Blotout Viewed Product Xyz,0
2497,2025-04-29T12:46:30,Placed Order,1
2572,2025-03-22T03:32:43,Clicked Email,0
720,2025-02-16T05:26:37,Clicked Email,0
1346,2025-04-21T13:41:24,Clicked email link,0
365,2025-02-28T18:56:02,SMS Delivered,0
320,2025-04-08T11:20:26,Active on Site,0
413,2025-02-24T17:59:23,Viewed Product XYZ   ,0
1337,2025-01-12T07:57:01,Opened Email,0
821,2025-02-18T14:47:09,Clicked email link,0
2981,2025-03-16T05:17:23,SMS Sent,0
200,2025-03-01T20:17:26,Clicked email link,0
2554,2025-04-08T20:20:07,Viewed Product.,0
2519,2025-02-24T12:06:05,Active on Site,0
1009,2025-03-25T12:29:00,Viewed Product XYZ   ,0
1122,2025-03-25T05:01:38,Blotout Viewed Product Xyz,0
2899,2025-03-02T13:51:51,Email Open,0
2236,2025-03-06T16:19:11,Clicked email to unsubscribe,0
2975,2025-01-27T08:25:36,Unsubscribed,0
2765,2025-04-03T09:40:09,Black Crow Identified,0
2444,2025-01-14T11:26:02,Active on Site,0
1848,2025-03-21T23:04:53,Active on Site,0
908,2025-01-17T22:47:10,Active on Site,0
2429,2025-03-04T10:55:30,Viewed Product.,0
1358,2025-01-04T09:11:44,Blotout Viewed Product Xyz,0
1832,2025-02-16T12:22:01,Email Open,0
2352,2025-01-06T04:19:04,Opened Email,0
1424,2025-03-02T11:19:47,Email Open,0
743,2025-02-21T00:07:26,Order Placed,1
1297,2025-03-30T02:57:50,Unsubscribed,0
100,2025-02-13T14:14:31,Placed Order,1
2312,2025-04-09T07:09:59,Octane: Quiz Completed: Find The Perfect Eye Shadow   .,0
201,2025-01-30T01:25:36,Order Placed,1
1053,2025-01-21T05:08:23,Black Crow Identified,0
925,2025-03-08T16:16:34,Black Crow Identified,0
1964,2025-01-27T06:34:42,Viewed Product.,0
920,2025-04-24T19:49:02,Email Open,0
1465,2025-02-27T09:22:27,Clicked Email,0
2381,2025-03-31T15:43:01,Blotout Viewed Product Xyz,0
241,2025-03-16T21:42:03,Black Crow Identified,0
2040,2025-01-06T20:36:04,Email Open,0
2188,2025-04-24T11:50:25,SMS Sent,0
2002,2025-02-18T13:30:52,Order Placed,1
774,2025-01-31T17:43:02,Active on Site,0
1784,2025-01-22T17:13:13,Clicked email to unsubscribe,0
2746,2025-03-26T21:26:29,Black Crow Identified,0
823,2025-02-20T04:21:15,Order Placed,1
2312,2025-01-07T21:39:20,Order Placed,1
454,2025-04-12T23:48:47,Placed Order,1
589,2025-03-07T12:02:45,SMS Sent,1
1288,2025-01-17T22:37:22,SMS Delivered,0
833,2025-01-20T20:46:02,Order Placed,1
792,2025-01-29T12:57:00,SMS Delivered,0
1655,2025-02-21T06:11:34,Order Placed,1
2529,2025-03-02T07:51:56,Order Placed,1
2496,2025-04-21T18:38:25,SMS Delivered,0
622,2025-03-20T10:41:47,Clicked email link,0
381,2025-01-21T02:39:32,Octane: Quiz Completed: Find The Perfect Eye Shadow   .,0
2926,2025-03-23T13:13:02,Unsubscribed,0
1941,2025-03-31T13:23:29,SMS Delivered,0
2249,2025-01-15T09:17:53,Blotout Viewed Product Xyz,0
1830,2025-02-07T16:30:27,Viewed Product.,0
2381,2025-02-17T10:05:48,Clicked Email,0
308,2025-03-26T07:42:18,Viewed Product XYZ   ,0
2759,2025-03-27T08:22:27,Clicked email link,0
1759,2025-04-28T14:10:20,Clicked email link,0
2881,2025-04-10T01:29:06,Octane: Quiz Completed: Find The Perfect Eye Shadow   .,0
1225,2025-01-03T18:02:16,Octane: Quiz Completed: Find The Perfect Eye Shadow   .,0
2156,2025-04-02T19:15:05,Clicked email link,0
2232,2025-02-22T01:03:26,Placed Order,1
142,2025-03-20T12:57:06,Unsubscribed,0
511,2025-03-29T13:50:40,Email Open,0
1244,2025-03-07T17:09:38,Viewed Product.,0
2982,2025-04-27T20:46:53,Viewed Product.,0
2773,2025-04-23T10:49:39,Opened Email,0
2228,2025-01-03T13:47:22,Viewed Product.,0
1059,2025-01-26T21:07:46,SMS Delivered,0
540,2025-01-11T15:45:34,Clicked email to unsubscribe,0
1263,2025-04-24T22:24:50,Viewed Product XYZ   ,0
2083,2025-01-06T02:56:37,Order Placed,1
2780,2025-01-04T15:13:15,Clicked Email,0
2337,2025-02-28T12:26:39,Clicked email to unsubscribe,0
659,2025-01-09T11:36:09,Unsubscribed,0
1013,2025-03-29T14:18:15,Clicked email to unsubscribe,0
858,2025-01-02T09:53:49,Octane: Quiz Completed: Find The Perfect Eye Shadow   .,0
1592,2025-02-11T13:01:47,SMS Delivered,0
578,2025-01-16T05:56:20,Placed Order,1
2840,2025-04-18T02:38:13,SMS Sent,0
602,2025-02-27T19:30:24,Placed Order,1
890,2025-04-20T09:01:05,SMS Sent,0
279,2025-01-28T16:14:34,Order Placed,1
2845,2025-03-11T03:35:00,Active on Site,0
2378,2025-01-30T05:15:13,Order Placed,1
1189,2025-01-01T13:17:27,Blotout Viewed Product Xyz,0
376,2025-01-03T12:43:14,Clicked Email,0
852,2025-03-24T08:29:22,Clicked Email,0
1830,2025-03-28T19:33:00,Blotout Viewed Product Xyz,0
905,2025-01-11T14:20:32,Clicked email to unsubscribe,0
672,2025-02-15T17:26:00,SMS Delivered,0
809,2025-01-31T18:27:31,Opened Email,1
2133,2025-02-07T04:12:57,Octane: Quiz Completed: Find The Perfect Eye Shadow   .,0
2789,2025-04-20T07:06:20,Opened Email,0
1996,2025-01-02T08:47:32,Black Crow Identified,0
412,2025-03-07T03:32:30,Blotout Viewed Product Xyz,0
2663,2025-01-29T15:35:34,Octane: Quiz Completed: Find The Perfect Eye Shadow   .,0
167,2025-03-17T22:41:01,Opened Email,0
2197,2025-01-15T07:27:46,SMS Delivered,0
2155,2025-02-16T23:07:09,Black Crow Identified,0
1738,2025-03-03T18:14:51,Order Placed,1
1822,2025-01-24T07:48:16,Clicked Email,0
813,2025-02-10T11:12:17,Clicked email link,0
2201,2025-03-28T19:16:30,Email Open,1
2697,2025-01-10T02:06:56,Clicked email link,0
120,2025-03-31T21:30:45,Clicked Email,0
2319,2025-02-01T07:04:21,Blotout Viewed Product Xyz,0
2401,2025-04-23T21:52:02,SMS Sent,0
1551,2025-01-19T04:25:10,Clicked email to unsubscribe,1
299,2025-03-27T13:34:15,Clicked Email,0
1974,2025-04-16T01:43:37,Viewed Product.,0
2034,2025-03-01T12:06:38,Octane: Quiz Completed: Find The Perfect Eye Shadow   .,0
1403,2025-02-02T00:26:19,SMS Sent,0
685,2025-03-18T04:04:12,Viewed Product XYZ   ,0
1032,2025-03-04T05:05:52,Octane: Quiz Completed: Find The Perfect Eye Shadow   .,0
97,2025-01-11T12:33:36,Order Placed,1
291,2025-02-08T08:14:16,Email Open,0
1007,2025-04-15T01:08:00,SMS Sent,0
1747,2025-03-30T03:05:52,Clicked email link,0
984,2025-04-24T08:40:30,SMS Sent,0
2011,2025-01-31T20:28:10,Blotout Viewed Product Xyz,0
2567,2025-01-25T23:52:50,Unsubscribed,0
2201,2025-01-05T16:27:51,Clicked Email,1
193,2025-03-19T13:52:15,Clicked email link,0
1071,2025-02-17T03:22:16,Viewed Product XYZ   ,0
1277,2025-04-26T18:58:29,Active on Site,0
1574,2025-02-13T20:19:10,Opened Email,0
163,2025-03-05T06:42:42,SMS Sent,0
2812,2025-03-07T21:31:23,Black Crow Identified,0
2017,2025-04-26T08:15:59,Active on Site,0
1971,2025-03-07T04:21:37,Active on Site,0
2706,2025-04-29T06:13:43,Viewed Product.,0
2794,2025-03-21T05:37:43,Placed Order,1
593,2025-03-23T19:07:23,Unsubscribed,0
2894,2025-02-13T16:45:30,Active on Site,0
2997,2025-03-10T03:24:13,Blotout Viewed Product Xyz,0
487,2025-02-13T13:14:01,SMS Delivered,1
1322,2025-04-28T16:37:55,Active on Site,1
700,2025-04-20T10:55:55,Unsubscribed,0
2033,2025-04-12T22:14:34,Viewed Product.,0
419,2025-02-08T15:26:12,SMS Sent,0
511,2025-03-08T10:11:59,Black Crow Identified,0
256,2025-04-08T05:53:41,Octane: Quiz Completed: Find The Perfect Eye Shadow   .,0
199,2025-01-06T11:39:50,Clicked email link,0
1500,2025-02-17T17:16:15,SMS Sent,0
1698,2025-04-26T09:52:36,Unsubscribed,0
1991,2025-02-10T22:38:31,Active on Site,0
35,2025-01-23T17:54:38,Clicked email link,0
1364,2025-01-28T18:05:51,Email Open,0
1333,2025-03-18T03:09:28,Opened Email,0
2485,2025-02-20T03:01:51,Opened Email,0
2936,2025-04-10T19:22:02,Active on Site,0
2028,2025-03-09T05:27:27,Viewed Product XYZ   ,0
1265,2025-01-22T11:02:25,Clicked email to unsubscribe,0
1515,2025-02-18T07:58:43,Viewed Product XYZ   ,0
76,2025-02-07T08:23:28,Viewed Product XYZ   ,0
472,2025-02-12T21:39:00,Octane: Quiz Completed: Find The Perfect Eye Shadow   .,0
2025,2025-02-02T14:08:24,Email Open,0
1039,2025-03-23T20:35:48,Black Crow Identified,0
1317,2025-02-02T07:05:52,SMS Delivered,0
1428,2025-04-13T22:39:13,Email Open,0
1044,2025-04-19T19:08:37,Email Open,0
2849,2025-04-03T15:54:52,Order Placed,1
875,2025-02-03T07:08:18,Octane: Quiz Completed: Find The Perfect Eye Shadow   .,0
1444,2025-01-19T13:46:22,Octane: Quiz Completed: Find The Perfect Eye Shadow   .,0
2109,2025-02-10T16:06:33,Viewed Product.,0
2408,2025-01-15T15:33:54,Viewed Product.,0
1951,2025-04-30T13:18:17,SMS Sent,0
2770,2025-03-15T19:46:01,SMS Sent,0
798,2025-02-22T22:59:21,Black Crow Identified,0
2367,2025-02-27T16:20:23,SMS Sent,0
2304,2025-03-07T19:05:19,Octane: Quiz Completed: Find The Perfect Eye Shadow   .,0
2578,2025-02-15T05:13:51,Viewed Product XYZ   ,0
109,2025-04-30T11:51:26,Unsubscribed,0
989,2025-01-13T07:55:20,Opened Email,0
1409,2025-01-26T12:31:24,Black Crow Identified,0
244,2025-04-06T12:21:33,Viewed Product XYZ   ,0
1865,2025-03-24T22:45:17,Blotout Viewed Product Xyz,0
2765,2025-02-07T17:41:10,Placed Order,1
908,2025-02-12T00:28:37,Opened Email,1
1195,2025-04-16T07:13:22,Order Placed,1
2869,2025-02-05T12:05:51,Email Open,0
9,2025-04-05T00:36:45,Viewed Product.,0
2658,2025-04-27T22:19:25,Viewed Product.,0
869,2025-03-04T05:51:16,Placed Order,1
2799,2025-04-01T15:11:47,SMS Delivered,0
1947,2025-03-28T22:19:17,Unsubscribed,0
2557,2025-01-01T14:16:59,SMS Delivered,0
1435,2025-03-13T10:59:16,Clicked email to unsubscribe,0
1792,2025-01-21T05:28:14,Clicked email to unsubscribe,0
2204,2025-04-13T16:23:21,Email Open,0
1975,2025-03-15T05:15:37,Placed Order,1
1008,2025-03-07T08:44:52,Placed Order,1
115,2025-04-25T07:07:05,Active on Site,1
1589,2025-03-17T01:52:16,Order Placed,1
2307,2025-03-30T05:24:33,SMS Delivered,0
848,2025-02-21T21:15:12,Octane: Quiz Completed: Find The Perfect Eye Shadow   .,0
2543,2025-02-03T03:28:38,Unsubscribed,0
62,2025-03-26T02:16:09,Order Placed,1
334,2025-02-11T12:24:18,Email Open,0
2284,2025-01-09T05:51:04,Placed Order,1
2407,2025-04-29T05:25:10,Order Placed,1
99,2025-01-11T16:36:49,Clicked email to unsubscribe,0
519,2025-01-02T01:15:50,Opened Email,0
1765,2025-04-29T21:50:40,SMS Sent,0
2549,2025-01-20T09:41:37,Placed Order,1
2053,2025-04-04T17:08:54,Active on Site,0
2073,2025-03-26T19:56:52,Clicked email to unsubscribe,0
2301,2025-01-05T10:51:02,Unsubscribed,0
1364,2025-04-01T00:24:31,Email Open,0
1187,2025-04-01T12:15:16,Order Placed,1
764,2025-03-07T10:57:00,Clicked email to unsubscribe,0
2032,2025-01-10T16:25:38,Clicked email link,0
2530,2025-04-14T04:52:31,Blotout Viewed Product Xyz,0
1758,2025-02-06T13:03:43,Active on Site,0
2251,2025-01-23T05:28:25,Octane: Quiz Completed: Find The Perfect Eye Shadow   .,0
2011,2025-03-25T19:52:18,Unsubscribed,0
2417,2025-03-14T03:48:56,Clicked email to unsubscribe,0
401,2025-02-02T19:02:59,Clicked email to unsubscribe,0
333,2025-04-24T23:14:50,Clicked Email,0
1199,2025-02-03T21:52:39,Viewed Product XYZ   ,0
2753,2025-02-09T07:47:48,Viewed Product.,0
1292,2025-03-27T02:28:12,Clicked Email,0
1148,2025-03-19T14:40:59,Opened Email,0
1089,2025-04-30T16:24:39,Opened Email,0
2518,2025-04-21T17:56:38,Opened Email,0
659,2025-01-14T14:15:30,Unsubscribed,0
2987,2025-02-05T11:51:42,Octane: Quiz Completed: Find The Perfect Eye Shadow   .,0
605,2025-04-08T15:29:31,Clicked Email,1
1160,2025-02-28T23:25:28,Opened Email,0
751,2025-01-05T05:33:27,Octane: Quiz Completed: Find The Perfect Eye Shadow   .,0
2829,2025-01-21T20:42:32,Clicked email to unsubscribe,1
1418,2025-04-09T12:51:48,Clicked email to unsubscribe,0
846,2025-04-14T11:02:11,Clicked email to unsubscribe,0
1832,2025-01-14T18:42:49,Unsubscribed,0
186,2025-04-09T13:41:45,SMS Delivered,0
1290,2025-03-28T05:31:37,Opened Email,0
1393,2025-03-10T08:12:59,Order Placed,1
738,2025-02-13T23:59:15,Clicked email link,0
781,2025-01-01T06:49:32,Black Crow Identified,0
899,2025-02-19T09:40:57,Clicked Email,0
1126,2025-02-10T21:39:39,Viewed Product.,0
65,2025-02-27T04:17:07,Opened Email,0
1204,2025-02-11T14:55:44,Active on Site,0
323,2025-02-15T10:58:39,SMS Sent,0
2469,2025-04-28T12:42:32,Email Open,0
1962,2025-04-25T22:18:05,Opened Email,0
2188,2025-01-22T01:25:08,Clicked Email,0
849,2025-02-12T17:21:39,Viewed Product XYZ   ,0
409,2025-02-20T08:46:48,Placed Order,1
1846,2025-03-23T00:40:21,Opened Email,0
1753,2025-02-25T15:27:02,Blotout Viewed Product Xyz,0
1156,2025-03-01T11:09:01,Email Open,0
1694,2025-04-29T12:51:48,Opened Email,0
2245,2025-04-29T23:46:24,Placed Order,1
605,2025-01-11T14:48:07,Viewed Product.,1
1060,2025-02-07T22:41:29,Unsubscribed,0
1966,2025-03-02T12:42:27,Email Open,0
784,2025-04-19T08:46:38,Viewed Product XYZ   ,1
993,2025-02-21T23:36:23,Clicked email link,0
1404,2025-03-15T07:58:12,SMS Delivered,0
1346,2025-01-24T14:00:29,Viewed Product XYZ   ,0
2900,2025-01-15T15:19:15,Octane: Quiz Completed: Find The Perfect Eye Shadow   .,0
1884,2025-04-27T22:09:55,Clicked email link,0
796,2025-01-03T18:43:43,Email Open,0
882,2025-03-23T17:24:44,Octane: Quiz Completed: Find The Perfect Eye Shadow   .,0
694,2025-01-05T08:50:47,Viewed Product.,0
792,2025-03-28T04:22:18,Black Crow Identified,0
980,2025-02-18T09:38:05,SMS Delivered,0
393,2025-03-09T02:22:18,Order Placed,1
658,2025-02-23T01:08:54,Clicked email to unsubscribe,0
2794,2025-04-25T06:26:22,SMS Delivered,0
1099,2025-02-28T01:57:28,Viewed Product XYZ   ,0
2338,2025-01-22T11:31:50,Viewed Product XYZ   ,0
1005,2025-01-31T07:41:27,Order Placed,1
1956,2025-01-17T11:13:14,SMS Delivered,0
1355,2025-03-23T15:10:06,Unsubscribed,0
873,2025-02-01T18:36:22,Blotout Viewed Product Xyz,0
1193,2025-01-08T11:55:37,Email Open,0
1389,2025-04-12T13:11:35,Placed Order,1
501,2025-03-19T08:48:50,Clicked email to unsubscribe,0
1136,2025-03-21T00:15:39,Unsubscribed,0
1404,2025-03-27T19:39:01,Blotout Viewed Product Xyz,0
1182,2025-01-30T14:14:10,Email Open,0
2867,2025-04-07T06:06:50,Email Open,0
1503,2025-02-06T07:28:06,Unsubscribed,0
2887,2025-01-01T15:15:45,Order Placed,1
2477,2025-03-02T06:17:57,Email Open,0
2160,2025-03-30T21:19:48,Black Crow Identified,0
2556,2025-01-25T21:12:38,Opened Email,0
487,2025-03-26T08:35:19,Email Open,0
860,2025-03-01T14:45:22,Unsubscribed,0
2756,2025-03-12T01:02:31,Viewed Product XYZ   ,0
1732,2025-03-03T21:29:32,Email Open,0
2732,2025-01-26T13:30:56,Clicked Email,0
557,2025-01-12T18:50:47,Clicked Email,0
2048,2025-02-19T16:03:10,SMS Sent,1
567,2025-04-21T23:44:30,Email Open,0
642,2025-02-03T03:54:19,Blotout Viewed Product Xyz,0
1075,2025-02-06T00:27:24,Black Crow Identified,0
1847,2025-03-19T06:53:24,Clicked Email,0
1554,2025-01-27T21:23:35,Viewed Product XYZ   ,0
2793,2025-03-09T04:52:14,Email Open,0
2512,2025-02-05T20:45:34,Black Crow Identified,0
2592,2025-04-21T03:20:03,Email Open,0
2562,2025-04-13T07:07:46,Unsubscribed,0
2092,2025-02-07T13:06:19,Email Open,0
1480,2025-03-09T03:55:18,Blotout Viewed Product Xyz,0
1193,2025-04-19T18:24:29,Viewed Product.,0
2038,2025-01-04T07:18:08,Placed Order,1
1287,2025-01-04T10:32:17,Black Crow Identified,0
785,2025-01-25T06:44:14,Email Open,0
745,2025-01-21T19:49:06,Placed Order,1
950,2025-03-23T13:41:29,Opened Email,0
386,2025-03-11T04:38:52,Placed Order,1
577,2025-04-18T01:08:16,Active on Site,0
2892,2025-01-27T05:01:58,Clicked email to unsubscribe,0
1481,2025-03-01T09:27:08,SMS Sent,0
302,2025-01-17T14:35:50,Clicked email to unsubscribe,0
1475,2025-04-30T02:39:13,Clicked email to unsubscribe,0
1173,2025-04-30T21:47:09,Active on Site,0
1132,2025-02-17T06:56:48,Opened Email,0
2351,2025-04-14T13:11:53,Clicked Email,0
326,2025-04-01T15:47:37,Order Placed,1
1838,2025-02-12T15:51:32,Email Open,0
1877,2025-03-27T11:47:43,Octane: Quiz Completed: Find The Perfect Eye Shadow   .,0
531,2025-04-17T01:01:40,Clicked Email,0
1188,2025-01-11T14:55:46,Blotout Viewed Product Xyz,0
1865,2025-03-24T22:27:27,SMS Sent,0
2514,2025-04-15T23:48:35,Active on Site,0
1256,2025-03-24T12:05:10,Email Open,0
2379,2025-02-24T17:39:40,Placed Order,1
578,2025-03-27T06:24:22,Unsubscribed,0
156,2025-04-11T15:10:24,Viewed Product XYZ   ,0
2653,2025-02-20T16:07:44,Placed Order,1
2530,2025-02-03T15:39:45,Octane: Quiz Completed: Find The Perfect Eye Shadow   .,0
2936,2025-04-30T08:41:44,SMS Delivered,0
435,2025-03-13T03:16:16,Blotout Viewed Product Xyz,0
2490,2025-01-27T07:45:52,Active on Site,0
2490,2025-04-12T16:10:56,Viewed Product XYZ   ,0
1806,2025-01-12T10:07:46,Clicked Email,0
2798,2025-02-18T07:29:07,Viewed Product.,0
1163,2025-01-03T02:51:34,Black Crow Identified,0
1865,2025-04-21T03:13:38,Black Crow Identified,0
661,2025-03-27T03:38:55,Octane: Quiz Completed: Find The Perfect Eye Shadow   .,0
2903,2025-02-03T17:47:46,Clicked email to unsubscribe,0
1584,2025-04-02T21:27:15,Black Crow Identified,0
1592,2025-01-25T14:55:07,Order Placed,1
1061,2025-01-22T03:44:55,Unsubscribed,0
2945,2025-01-03T17:58:30,Clicked email link,0
1821,2025-04-30T18:28:51,Email Open,0
1408,2025-03-17T07:48:39,Email Open,0
2834,2025-03-08T01:11:38,Active on Site,0
2443,2025-01-03T00:49:17,Email Open,0
2063,2025-02-28T09:24:05,Viewed Product.,0
1240,2025-01-02T14:10:57,Black Crow Identified,0
2618,2025-01-10T23:43:12,Email Open,0
2642,2025-02-27T07:26:10,Placed Order,1
2213,2025-02-22T09:34:58,Order Placed,1
248,2025-03-15T13:47:08,SMS Sent,0
2443,2025-04-15T05:29:46,Clicked Email,0
2156,2025-03-18T23:32:39,Email Open,0
1400,2025-04-30T19:37:33,Opened Email,0
1664,2025-04-25T00:36:31,SMS Sent,0
2015,2025-03-29T02:16:55,Active on Site,0
2214,2025-03-09T04:05:48,Clicked email link,0
2103,2025-02-04T12:18:35,Email Open,0
1549,2025-04-30T16:10:58,SMS Sent,0
455,2025-02-06T21:39:41,Octane: Quiz Completed: Find The Perfect Eye Shadow   .,0
297,2025-03-09T11:14:24,Blotout Viewed Product Xyz,0
1445,2025-04-25T21:44:47,Opened Email,0
625,2025-03-07T07:26:18,Viewed Product XYZ   ,0
2013,2025-03-29T02:55:26,Unsubscribed,0
2132,2025-02-26T08:43:01,Active on Site,0
2160,2025-02-08T21:28:52,Opened Email,0
1528,2025-03-16T13:44:54,Blotout Viewed Product Xyz,0
620,2025-02-10T15:14:51,Opened Email,0
189,2025-02-13T03:57:29,SMS Delivered,0
1208,2025-03-16T14:12:13,Opened Email,0
162,2025-03-16T00:06:33,SMS Delivered,0
2856,2025-01-05T07:07:21,Opened Email,0
650,2025-02-05T13:12:48,SMS Sent,0
1673,2025-03-21T23:08:08,Clicked Email,0
959,2025-02-17T16:44:34,Blotout Viewed Product Xyz,0
927,2025-02-22T17:33:05,Order Placed,1
1492,2025-04-16T10:45:05,Clicked email link,1
313,2025-03-26T06:18:15,Placed Order,1
2508,2025-01-21T09:15:25,Clicked email link,0
2492,2025-03-17T11:46:36,Viewed Product.,0
770,2025-02-18T23:28:25,Clicked Email,0
1358,2025-03-25T07:17:23,SMS Delivered,0
2840,2025-01-09T21:40:48,Opened Email,0
372,2025-02-18T01:00:03,Viewed Product.,0
203,2025-03-13T19:11:33,Viewed Product XYZ   ,0
2390,2025-01-13T15:56:38,Blotout Viewed Product Xyz,0
778,2025-02-24T16:56:57,Octane: Quiz Completed: Find The Perfect Eye Shadow   .,0
2234,2025-02-28T21:56:58,Clicked email to unsubscribe,0
1081,2025-01-17T07:43:27,Opened Email,0
969,2025-03-23T07:52:23,Active on Site,0
2486,2025-02-21T06:24:59,Order Placed,1
1700,2025-02-06T04:52:51,Active on Site,0
2932,2025-02-19T23:48:45,SMS Delivered,1
2132,2025-02-11T01:23:14,Blotout Viewed Product Xyz,0
1676,2025-01-31T18:05:03,Clicked Email,0
809,2025-01-19T11:44:17,Opened Email,0
1110,2025-03-08T00:11:21,Blotout Viewed Product Xyz,0
2792,2025-02-13T06:48:00,Placed Order,1
2559,2025-04-29T22:23:24,Clicked Email,0
717,2025-01-17T00:57:14,Clicked email link,0
2493,2025-02-10T23:01:24,SMS Sent,0
2533,2025-01-17T12:28:51,Unsubscribed,0
996,2025-01-15T16:32:58,Viewed Product.,0
375,2025-02-02T07:22:53,Active on Site,0
20,2025-02-10T01:07:18,Clicked email link,0
833,2025-03-29T04:09:58,Order Placed,1
1961,2025-01-02T00:41:49,Black Crow Identified,0
1764,2025-04-28T13:13:58,Viewed Product.,0
1577,2025-01-31T00:35:14,Black Crow Identified,0
97,2025-03-02T19:50:08,Octane: Quiz Completed: Find The Perfect Eye Shadow   .,0
2009,2025-04-01T00:13:17,Clicked email link,0
1571,2025-04-10T14:05:04,Viewed Product.,0
1333,2025-01-29T00:14:42,SMS Delivered,0
682,2025-02-22T22:53:12,Active on Site,0
16,2025-02-07T08:17:09,SMS Delivered,0
1470,2025-02-09T13:53:31,Clicked email to unsubscribe,0
2323,2025-02-28T08:47:53,Opened Email,0
2731,2025-03-28T05:30:32,Active on Site,0
2924,2025-03-24T08:30:15,Black Crow Identified,0
650,2025-04-12T18:50:46,Unsubscribed,0
764,2025-02-15T02:17:12,Blotout Viewed Product Xyz,0
2876,2025-04-21T14:43:35,Black Crow Identified,0
269,2025-01-02T00:19:17,SMS Delivered,0
2035,2025-03-15T21:09:51,Unsubscribed,0
935,2025-04-05T22:14:19,Opened Email,0
806,2025-01-05T08:09:39,Placed Order,1
1256,2025-04-17T23:21:56,Blotout Viewed Product Xyz,0
1367,2025-02-17T10:42:06,Opened Email,1
676,2025-04-16T06:33:01,Clicked Email,0
987,2025-01-21T23:35:32,Octane: Quiz Completed: Find The Perfect Eye Shadow   .,0
1268,2025-01-28T05:57:19,Order Placed,1
928,2025-02-14T02:03:01,Unsubscribed,0
1323,2025-01-06T20:59:35,Clicked Email,0
2744,2025-01-20T14:22:01,Clicked email link,0
574,2025-03-26T13:12:13,Active on Site,0
803,2025-02-24T18:12:17,Unsubscribed,0
342,2025-02-07T05:20:23,Octane: Quiz Completed: Find The Perfect Eye Shadow   .,1
771,2025-01-23T04:45:34,Viewed Product.,0
2237,2025-01-29T05:43:57,SMS Sent,0
2709,2025-04-08T10:46:34,Octane: Quiz Completed: Find The Perfect Eye Shadow   .,0
969,2025-03-04T22:04:54,Order Placed,1
1771,2025-01-06T02:49:04,Viewed Product XYZ   ,0
389,2025-04-30T06:09:19,Viewed Product.,0
2360,2025-04-11T14:06:07,SMS Sent,0
2741,2025-02-15T05:18:35,Opened Email,0
764,2025-01-30T18:56:40,SMS Sent,0
2412,2025-02-19T09:45:05,Black Crow Identified,0
1211,2025-01-26T20:47:02,Clicked email link,0
2204,2025-02-11T04:22:55,Black Crow Identified,0
34,2025-04-05T12:42:19,SMS Delivered,1
850,2025-02-01T23:19:14,Opened Email,0
1077,2025-04-24T20:57:31,Active on Site,0
664,2025-04-13T22:37:48,Blotout Viewed Product Xyz,0
742,2025-01-25T08:08:37,Octane: Quiz Completed: Find The Perfect Eye Shadow   .,0
2551,2025-03-24T14:01:07,Opened Email,0
845,2025-02-16T09:38:32,Placed Order,1
254,2025-02-05T04:09:32,Active on Site,0
509,2025-01-02T01:20:35,SMS Delivered,0
190,2025-03-12T18:37:26,Viewed Product XYZ   ,0
1139,2025-04-10T14:46:02,Opened Email,0
2503,2025-04-04T18:31:15,Clicked Email,0
2435,2025-02-08T16:17:42,Placed Order,1
1554,2025-01-26T15:25:27,Black Crow Identified,0
1273,2025-03-17T05:40:06,Octane: Quiz Completed: Find The Perfect Eye Shadow   .,0
1836,2025-01-26T14:28:12,Viewed Product XYZ   ,0
2906,2025-02-23T18:39:00,Clicked Email,0
2866,2025-03-31T00:42:33,Email Open,0
2625,2025-01-13T07:19:28,Blotout Viewed Product Xyz,0
1967,2025-02-16T13:03:12,Email Open,0
1934,2025-01-24T14:35:20,Active on Site,0
2580,2025-03-01T12:31:23,Blotout Viewed Product Xyz,0
1375,2025-04-19T10:46:48,Email Open,0
1042,2025-04-26T02:39:31,Active on Site,0
2512,2025-03-27T15:07:12,Clicked email link,0
2285,2025-01-22T07:03:42,Active on Site,0
127,2025-03-29T03:04:45,Octane: Quiz Completed: Find The Perfect Eye Shadow   .,0
2380,2025-03-13T22:09:20,Order Placed,1
2616,2025-03-07T11:23:07,Octane: Quiz Completed: Find The Perfect Eye Shadow   .,0
2449,2025-02-04T02:40:05,Placed Order,1
1273,2025-04-14T09:26:59,Black Crow Identified,1
491,2025-04-01T06:30:04,SMS Delivered,0
2583,2025-01-24T15:50:36,Active on Site,0
1086,2025-03-15T18:15:06,SMS Delivered,0
1380,2025-01-26T18:00:55,Blotout Viewed Product Xyz,0
1429,2025-02-21T06:51:32,Unsubscribed,0
1666,2025-01-01T14:48:23,Viewed Product XYZ   ,0
2434,2025-02-07T05:35:00,Viewed Product XYZ   ,0
629,2025-04-28T20:20:05,Black Crow Identified,0
1117,2025-01-02T17:26:17,Viewed Product XYZ   ,0
2796,2025-01-05T09:19:18,Email Open,0
685,2025-04-02T19:39:06,Octane: Quiz Completed: Find The Perfect Eye Shadow   .,0
1957,2025-04-05T15:14:24,SMS Sent,1
1273,2025-02-24T03:26:08,SMS Delivered,0
1043,2025-04-16T06:03:33,Unsubscribed,0
2062,2025-03-26T16:47:10,Clicked Email,0
164,2025-03-31T02:19:05,Viewed Product.,0
377,2025-01-12T12:27:58,Octane: Quiz Completed: Find The Perfect Eye Shadow   .,0
955,2025-01-14T13:42:18,Octane: Quiz Completed: Find The Perfect Eye Shadow   .,0
1393,2025-04-18T08:43:40,Placed Order,1
950,2025-01-10T03:40:07,Clicked email link,0
2801,2025-01-29T17:56:43,SMS Delivered,0
2735,2025-01-31T13:39:24,Clicked email link,0
2153,2025-01-31T14:48:32,Email Open,0
199,2025-03-27T13:33:44,Unsubscribed,0
255,2025-04-03T04:04:45,Unsubscribed,0
442,2025-02-05T11:26:24,Email Open,0
2331,2025-01-27T22:01:59,Active on Site,0
1631,2025-01-07T00:34:26,Order Placed,1
254,2025-04-21T08:06:01,Placed Order,1
2043,2025-03-18T01:19:14,Opened Email,0
615,2025-04-26T12:08:48,SMS Delivered,0
228,2025-02-04T23:33:41,Octane: Quiz Completed: Find The Perfect Eye Shadow   .,0
2889,2025-03-11T15:04:53,Order Placed,1
1761,2025-04-15T01:24:11,Clicked email link,0
1315,2025-01-15T08:10:39,Unsubscribed,0
1232,2025-04-02T17:24:14,SMS Delivered,0
819,2025-03-29T05:52:59,Clicked email link,0
2490,2025-02-04T01:55:43,Clicked email to unsubscribe,0
949,2025-03-22T00:29:52,Blotout Viewed Product Xyz,0
682,2025-01-20T09:19:13,SMS Delivered,0
2939,2025-03-16T19:48:05,Active on Site,0
2903,2025-03-18T09:29:45,Octane: Quiz Completed: Find The Perfect Eye Shadow   .,0
1116,2025-02-23T13:27:49,Placed Order,1
456,2025-01-30T06:58:15,Black Crow Identified,0
2727,2025-02-06T21:03:18,Clicked email to unsubscribe,0
2696,2025-04-08T01:09:01,SMS Delivered,0
2141,2025-04-09T21:20:48,Opened Email,0
316,2025-01-04T19:10:47,Clicked email link,0
2101,2025-04-29T19:41:42,Opened Email,0
927,2025-04-22T05:54:28,Active on Site,0
974,2025-04-21T21:55:23,SMS Delivered,0
471,2025-02-11T10:10:36,Clicked email link,0
2010,2025-01-27T15:55:49,Viewed Product.,0
2215,2025-03-19T08:41:06,Viewed Product XYZ   ,0
1245,2025-01-12T21:09:00,SMS Sent,0
141,2025-01-23T09:43:16,Email Open,0
2370,2025-04-19T23:38:57,Viewed Product XYZ   ,0
2990,2025-04-05T01:04:43,Opened Email,0
2764,2025-04-11T07:30:05,SMS Sent,0
264,2025-01-21T02:54:21,Order Placed,1
1751,2025-03-27T03:04:33,Unsubscribed,0
953,2025-01-22T14:00:41,Placed Order,1
40,2025-01-30T08:28:51,Blotout Viewed Product Xyz,0
2059,2025-04-01T17:02:31,Blotout Viewed Product Xyz,0
521,2025-03-31T05:51:02,Clicked email link,0
2977,2025-01-06T00:47:18,Active on Site,0
2033,2025-01-06T10:33:38,Order Placed,1
1300,2025-04-30T17:55:28,Email Open,0
2516,2025-01-07T09:34:56,SMS Delivered,0
584,2025-02-20T18:34:45,Placed Order,1
2977,2025-02-26T03:47:42,Blotout Viewed Product Xyz,0
677,2025-03-15T16:06:28,Viewed Product XYZ   ,0
2285,2025-03-15T03:52:05,Placed Order,1
2812,2025-02-03T23:25:16,Unsubscribed,0
2076,2025-02-17T06:08:59,Order Placed,1
5,2025-01-23T17:47:44,Black Crow Identified,0
1863,2025-01-07T23:08:02,Active on Site,0
1036,2025-04-29T05:31:56,Viewed Product XYZ   ,0
533,2025-02-04T06:19:06,SMS Sent,0
536,2025-01-14T00:20:54,Viewed Product.,0
2364,2025-01-12T22:06:05,Octane: Quiz Completed: Find The Perfect Eye Shadow   .,0
2266,2025-04-18T12:05:23,Viewed Product.,0
308,2025-01-12T11:00:02,Active on Site,0
2940,2025-01-29T18:45:57,SMS Sent,0
353,2025-01-01T10:14:01,Viewed Product XYZ   ,0
1160,2025-04-29T01:32:29,SMS Sent,0
68,2025-01-16T04:16:55,Viewed Product XYZ   ,0
1189,2025-02-27T16:49:19,Octane: Quiz Completed: Find The Perfect Eye Shadow   .,0
2390,2025-04-13T03:28:55,Active on Site,0
2229,2025-03-31T09:34:05,Clicked email to unsubscribe,0
2220,2025-01-13T11:27:55,SMS Sent,1
80,2025-04-12T21:18:33,Placed Order,1
1505,2025-04-04T11:51:42,Viewed Product.,0
451,2025-03-04T01:43:57,SMS Delivered,0
273,2025-03-26T10:53:48,Order Placed,1
2933,2025-01-07T15:50:43,Clicked email to unsubscribe,0
2683,2025-04-01T22:53:01,SMS Delivered,0
2023,2025-04-22T06:05:52,Active on Site,0
930,2025-03-24T19:09:54,Blotout Viewed Product Xyz,0
2878,2025-04-01T16:03:32,Clicked Email,0
617,2025-01-10T13:15:36,Unsubscribed,0
535,2025-04-26T17:05:24,SMS Sent,1
132,2025-02-27T03:20:29,Email Open,0
2287,2025-02-27T19:30:16,Blotout Viewed Product Xyz,0
1517,2025-01-03T22:17:18,Unsubscribed,0
1943,2025-02-25T06:55:32,Order Placed,1
1339,2025-03-09T04:58:27,Clicked Email,0
146,2025-04-04T23:08:32,Viewed Product XYZ   ,0
2516,2025-02-10T16:39:01,Email Open,0
1990,2025-04-19T11:55:24,Octane: Quiz Completed: Find The Perfect Eye Shadow   .,0
2763,2025-01-11T22:00:01,Clicked email to unsubscribe,0
1513,2025-01-07T17:07:29,SMS Delivered,0
170,2025-01-09T17:09:14,Clicked Email,1
2733,2025-01-31T02:26:24,Order Placed,1
1772,2025-04-25T12:59:41,Viewed Product XYZ   ,0
2610,2025-02-02T16:27:58,Clicked Email,0
1495,2025-01-12T09:18:59,Opened Email,0
2482,2025-02-11T14:33:40,Blotout Viewed Product Xyz,1
2443,2025-03-27T00:59:08,Opened Email,0
2941,2025-02-25T20:14:51,Clicked email link,0
1095,2025-01-28T06:49:42,Active on Site,1
1540,2025-03-09T21:00:17,SMS Sent,0
1847,2025-01-27T13:41:24,Viewed Product.,0
46,2025-01-06T02:42:03,Octane: Quiz Completed: Find The Perfect Eye Shadow   .,0
2897,2025-02-25T12:35:56,Placed Order,1
104,2025-01-17T16:10:06,SMS Delivered,0
18,2025-02-01T14:24:45,SMS Sent,0
1649,2025-01-25T11:58:10,Clicked Email,0
458,2025-02-13T15:08:38,Viewed Product XYZ   ,0
2254,2025-03-08T09:11:31,Clicked Email,0
891,2025-02-09T02:01:24,Clicked email to unsubscribe,0
456,2025-04-21T04:23:58,Email Open,0
1066,2025-04-25T00:56:07,Email Open,0
2969,2025-03-10T05:14:25,Email Open,0
2479,2025-02-07T20:03:16,Unsubscribed,0
2498,2025-03-13T02:43:19,Active on Site,1
1669,2025-04-03T23:35:50,Black Crow Identified,0
1608,2025-03-07T11:37:51,Opened Email,0
1896,2025-03-24T03:54:28,SMS Sent,0
2534,2025-01-25T02:06:17,Clicked email link,0
1113,2025-01-05T06:52:08,SMS Delivered,0
104,2025-01-31T19:49:51,Blotout Viewed Product Xyz,0
2090,2025-01-02T20:19:06,Email Open,0
937,2025-01-30T01:54:16,SMS Sent,0
2320,2025-04-11T07:27:30,Clicked email to unsubscribe,0
2111,2025-04-11T13:25:26,Clicked Email,0
2897,2025-03-12T04:22:07,Opened Email,1
2388,2025-04-16T15:16:18,Viewed Product.,0
736,2025-03-19T12:51:26,Placed Order,1
2881,2025-01-15T21:21:20,Clicked email to unsubscribe,0
2824,2025-04-16T10:49:17,SMS Delivered,0
1096,2025-03-06T05:12:08,Viewed Product.,0
2577,2025-02-09T05:43:03,Clicked email to unsubscribe,0
265,2025-02-06T23:00:06,SMS Sent,0
1578,2025-02-24T11:31:47,SMS Sent,0
2247,2025-01-17T23:49:59,Active on Site,1
520,2025-04-29T08:29:39,Clicked Email,1
187,2025-01-11T03:14:31,Viewed Product XYZ   ,0
754,2025-01-19T09:21:50,Active on Site,0
2893,2025-01-22T01:38:03,Order Placed,1
1666,2025-02-13T15:34:33,Clicked email to unsubscribe,0
2499,2025-02-07T21:56:43,Clicked Email,0
1299,2025-03-17T02:14:19,Clicked Email,1
231,2025-02-18T19:09:31,Clicked email link,0
363,2025-01-27T09:58:31,Unsubscribed,0
606,2025-03-27T09:52:04,Viewed Product.,0
646,2025-01-04T20:05:35,Email Open,0
2028,2025-02-21T17:57:07,Opened Email,0
1696,2025-02-21T03:42:44,Order Placed,1
1630,2025-04-19T11:07:28,Octane: Quiz Completed: Find The Perfect Eye Shadow   .,0
165,2025-01-05T07:41:12,Active on Site,0
575,2025-03-08T03:20:47,Viewed Product.,0
711,2025-04-01T02:05:48,Viewed Product XYZ   ,0
2138,2025-03-15T04:33:16,Viewed Product.,0
2010,2025-02-28T15:21:05,Order Placed,1
2691,2025-01-21T19:16:29,Email Open,0
2652,2025-01-07T17:32:12,Placed Order,1
651,2025-04-25T02:33:02,Black Crow Identified,0
1511,2025-04-12T21:13:42,Opened Email,0
1376,2025-04-16T06:44:51,Octane: Quiz Completed: Find The Perfect Eye Shadow   .,0
557,2025-03-16T22:04:55,Clicked email to unsubscribe,0
2982,2025-03-06T09:22:34,Active on Site,0
2754,2025-04-17T19:06:15,Unsubscribed,0
1387,2025-03-24T02:48:18,SMS Sent,1
377,2025-04-30T20:38:48,Order Placed,1
2277,2025-01-22T07:40:51,Octane: Quiz Completed: Find The Perfect Eye Shadow   .,0
349,2025-01-22T14:22:14,Email Open,0
1969,2025-04-11T04:41:29,Clicked Email,0
320,2025-04-21T15:01:15,Black Crow Identified,0
1108,2025-04-25T03:35:15,Email Open,0
2022,2025-02-12T00:40:52,Active on Site,0
2562,2025-01-17T16:00:43,Viewed Product.,0
2593,2025-03-14T13:03:53,Active on Site,0
2922,2025-01-12T19:52:41,Viewed Product.,0
1464,2025-01-10T01:33:18,Unsubscribed,0
576,2025-01-26T07:28:43,Opened Email,0
845,2025-02-21T05:17:46,Order Placed,1
1000,2025-03-02T16:22:53,Opened Email,0
2013,2025-02-11T20:29:27,Blotout Viewed Product Xyz,0
1970,2025-03-05T15:51:58,Email Open,0
2970,2025-04-04T03:11:36,Clicked email link,0
2998,2025-01-23T23:59:41,Clicked email link,0
1730,2025-01-17T21:08:46,Unsubscribed,0
1090,2025-04-09T11:52:42,Active on Site,0
163,2025-01-14T13:27:38,Unsubscribed,0
2699,2025-01-20T15:37:29,Black Crow Identified,0
66,2025-01-08T00:33:10,SMS Sent,0
1388,2025-03-20T17:09:23,Placed Order,1
2243,2025-04-01T06:57:25,Placed Order,1
24,2025-02-16T15:06:42,Opened Email,0
2989,2025-01-06T06:16:19,Placed Order,1
667,2025-04-09T10:44:34,Opened Email,0
1530,2025-03-17T15:43:01,Clicked email link,0
1691,2025-03-17T08:39:41,SMS Sent,0
2954,2025-03-12T05:34:05,Octane: Quiz Completed: Find The Perfect Eye Shadow   .,0
1804,2025-01-19T06:20:13,Viewed Product.,0
193,2025-04-22T15:32:08,Opened Email,0
1893,2025-02-10T16:35:45,Unsubscribed,0
411,2025-04-14T04:54:13,Email Open,0
2919,2025-01-04T06:37:12,Blotout Viewed Product Xyz,0
2425,2025-01-03T13:36:09,Octane: Quiz Completed: Find The Perfect Eye Shadow   .,0
976,2025-03-18T16:47:58,Blotout Viewed Product Xyz,0
477,2025-04-13T12:57:52,Active on Site,0
1033,2025-03-28T13:54:43,Opened Email,0
2432,2025-03-15T12:00:49,Order Placed,1
991,2025-03-15T22:14:35,Unsubscribed,0
2187,2025-03-24T02:21:35,Placed Order,1
1282,2025-02-27T03:56:26,Clicked email to unsubscribe,0
2456,2025-04-07T01:17:14,Unsubscribed,0
1374,2025-01-09T04:40:56,Order Placed,1
1567,2025-03-03T18:50:59,Placed Order,1
1161,2025-04-09T23:46:35,SMS Sent,0
2899,2025-02-07T05:14:00,Octane: Quiz Completed: Find The Perfect Eye Shadow   .,0
2856,2025-03-15T00:18:04,Octane: Quiz Completed: Find The Perfect Eye Shadow   .,0
823,2025-04-27T14:54:01,Octane: Quiz Completed: Find The Perfect Eye Shadow   .,0
81,2025-02-23T10:49:00,Clicked Email,1
2492,2025-04-04T14:26:58,SMS Sent,0
2156,2025-04-16T14:16:00,Unsubscribed,0
389,2025-01-29T11:08:41,Clicked Email,0
2692,2025-03-31T04:30:21,Viewed Product XYZ   ,0
2724,2025-04-20T13:26:38,Viewed Product.,0
2678,2025-02-11T16:16:13,Clicked email to unsubscribe,0
2398,2025-01-24T00:24:45,Clicked email link,1
1780,2025-02-01T02:47:17,Unsubscribed,0
2077,2025-03-29T15:37:10,Opened Email,0
2242,2025-04-27T14:19:58,Clicked email to unsubscribe,0
2994,2025-01-25T00:50:48,Active on Site,0
2025,2025-04-11T20:52:05,Octane: Quiz Completed: Find The Perfect Eye Shadow   .,0
527,2025-01-01T07:50:26,Placed Order,1
2691,2025-02-15T04:23:45,Clicked email link,0
1736,2025-03-01T10:56:35,Blotout Viewed Product Xyz,0
770,2025-03-05T18:25:16,Clicked Email,0
449,2025-01-06T15:51:39,Octane: Quiz Completed: Find The Perfect Eye Shadow   .,0
2662,2025-04-09T21:48:23,Clicked email to unsubscribe,0
2382,2025-01-12T09:32:19,Viewed Product.,0
19,2025-04-29T11:41:09,Placed Order,1
1637,2025-04-11T07:15:00,Blotout Viewed Product Xyz,1
291,2025-04-13T06:18:27,SMS Delivered,0
1773,2025-02-01T06:53:03,Opened Email,0
1095,2025-02-07T05:17:52,Opened Email,0
2301,2025-04-13T07:03:36,Email Open,0
556,2025-02-20T12:07:52,Clicked email link,0
1727,2025-01-23T10:15:27,Black Crow Identified,0
524,2025-01-04T09:17:19,Clicked email link,0
770,2025-03-19T06:46:56,SMS Delivered,0
2866,2025-01-14T16:20:42,Email Open,0
402,2025-02-21T18:27:30,Clicked email link,0
848,2025-02-09T11:55:33,Order Placed,1
129,2025-04-08T19:15:43,Viewed Product XYZ   ,1
2721,2025-01-10T11:27:44,Opened Email,0
1573,2025-01-31T17:14:59,Viewed Product XYZ   ,0
201,2025-02-04T00:40:38,Black Crow Identified,0
28,2025-03-14T13:07:32,Clicked email to unsubscribe,0
528,2025-03-09T23:16:59,Octane: Quiz Completed: Find The Perfect Eye Shadow   .,0
2534,2025-04-10T14:59:45,Placed Order,1
2364,2025-01-27T13:11:03,Placed Order,1
1589,2025-02-04T08:54:23,Clicked email to unsubscribe,0
566,2025-02-21T11:33:07,Blotout Viewed Product Xyz,0
2230,2025-02-20T05:17:27,Opened Email,0
152,2025-02-10T15:20:44,Clicked email to unsubscribe,0
601,2025-02-14T23:48:34,SMS Sent,0
423,2025-01-09T14:19:19,Viewed Product XYZ   ,0
2982,2025-04-20T02:34:20,Blotout Viewed Product Xyz,0
2481,2025-03-31T04:19:13,Black Crow Identified,0
2894,2025-01-25T14:19:34,Unsubscribed,0
526,2025-04-30T07:22:06,Black Crow Identified,0
1745,2025-03-14T13:51:57,Clicked email to unsubscribe,0
683,2025-01-07T03:57:12,Octane: Quiz Completed: Find The Perfect Eye Shadow   .,0
2475,2025-03-13T03:16:48,Viewed Product.,0
1410,2025-01-18T11:07:23,Clicked email link,0
313,2025-04-08T23:58:03,Placed Order,1
2818,2025-04-06T20:32:37,Unsubscribed,0
972,2025-03-01T17:48:51,Blotout Viewed Product Xyz,0
2449,2025-02-02T22:32:55,Clicked email link,0
785,2025-02-22T23:14:28,Viewed Product XYZ   ,0
1620,2025-02-21T17:34:45,Black Crow Identified,0
2235,2025-03-12T06:07:38,Email Open,0
543,2025-02-28T07:35:51,Clicked email link,0
2661,2025-04-18T15:04:11,Black Crow Identified,0
268,2025-01-26T09:35:08,Viewed Product.,0
1006,2025-04-06T13:03:24,SMS Delivered,0
306,2025-03-01T15:02:14,Viewed Product.,0
2451,2025-03-21T05:11:29,Viewed Product XYZ   ,0
393,2025-04-12T07:16:44,Clicked email to unsubscribe,0
329,2025-04-17T07:27:42,Black Crow Identified,0
2520,2025-03-28T02:51:50,Email Open,0
906,2025-03-02T07:33:33,SMS Delivered,0
2773,2025-01-07T05:48:30,SMS Delivered,0
202,2025-02-23T16:26:15,Order Placed,1
600,2025-02-02T13:51:56,Octane: Quiz Completed: Find The Perfect Eye Shadow   .,0
983,2025-01-24T05:57:42,Opened Email,0
1594,2025-01-30T10:53:32,Viewed Product XYZ   ,0
280,2025-03-10T18:42:33,Octane: Quiz Completed: Find The Perfect Eye Shadow   .,0
2312,2025-01-11T15:36:26,Clicked Email,0
2680,2025-04-02T23:33:19,Black Crow Identified,0
351,2025-02-25T14:16:27,Placed Order,1
1343,2025-04-12T13:23:40,Black Crow Identified,0
2178,2025-02-28T00:03:57,Opened Email,0
268,2025-04-11T23:40:57,Viewed Product XYZ   ,0
1845,2025-03-20T19:05:34,Opened Email,0
2443,2025-02-15T07:48:32,Email Open,0
1386,2025-01-15T18:07:26,Opened Email,0
2296,2025-03-08T03:20:34,Unsubscribed,0
1623,2025-02-21T19:41:00,Clicked Email,0
1311,2025-04-12T10:11:03,Clicked email link,1
1536,2025-03-16T21:47:46,Order Placed,1
1175,2025-01-29T07:16:50,Blotout Viewed Product Xyz,0
1127,2025-02-23T19:08:43,Order Placed,1
52,2025-02-06T07:59:50,Black Crow Identified,0
252,2025-04-28T17:55:15,Blotout Viewed Product Xyz,0
2586,2025-04-07T22:34:37,Order Placed,1
1967,2025-02-11T20:18:23,Blotout Viewed Product Xyz,0
1720,2025-02-11T04:49:08,SMS Delivered,0
1196,2025-04-27T01:58:50,Clicked Email,0
2027,2025-04-06T21:33:22,Order Placed,1
2491,2025-02-08T09:49:09,Unsubscribed,0
2919,2025-01-13T11:01:58,Clicked email link,0
2378,2025-01-18T11:47:45,Unsubscribed,0
1249,2025-01-26T12:33:45,Black Crow Identified,0
2693,2025-01-06T06:49:08,Octane: Quiz Completed: Find The Perfect Eye Shadow   .,0
2362,2025-02-08T05:51:55,Blotout Viewed Product Xyz,0
692,2025-03-13T06:07:42,Email Open,1
1893,2025-03-28T00:37:19,Viewed Product XYZ   ,0
817,2025-03-06T13:03:13,Email Open,0
1713,2025-04-16T21:25:51,Unsubscribed,0
1863,2025-04-14T16:53:04,Unsubscribed,0
779,2025-03-16T16:53:00,Octane: Quiz Completed: Find The Perfect Eye Shadow   .,0
1143,2025-04-21T07:38:38,Clicked email link,0
1899,2025-02-19T07:59:40,Viewed Product XYZ   ,0
2693,2025-01-26T13:13:29,Email Open,1
575,2025-04-25T07:48:57,Clicked email link,0
107,2025-03-08T03:57:58,Unsubscribed,0
2763,2025-01-30T15:43:19,Octane: Quiz Completed: Find The Perfect Eye Shadow   .,0
1304,2025-01-21T18:14:06,SMS Sent,0
1802,2025-01-17T06:37:52,Blotout Viewed Product Xyz,0
2390,2025-01-11T18:12:23,Email Open,0
1597,2025-02-26T06:01:07,SMS Sent,0
1304,2025-04-22T11:24:52,Viewed Product.,0
2477,2025-03-21T23:59:24,Clicked email to unsubscribe,0
684,2025-02-23T04:11:20,Clicked email to unsubscribe,0
2650,2025-01-25T00:16:02,Viewed Product XYZ   ,0
2163,2025-04-05T06:02:35,Placed Order,1
304,2025-02-28T20:00:15,Clicked email link,0
1559,2025-03-13T07:39:51,Clicked Email,0
850,2025-02-21T17:31:33,Clicked email link,0
2305,2025-03-17T15:04:36,Placed Order,1
2694,2025-01-27T18:36:26,Clicked email link,0
692,2025-03-12T16:50:01,Viewed Product XYZ   ,0
2393,2025-04-16T11:11:46,Octane: Quiz Completed: Find The Perfect Eye Shadow   .,1
96,2025-01-09T07:54:36,Octane: Quiz Completed: Find The Perfect Eye Shadow   .,0
1959,2025-02-28T11:36:22,Clicked Email,0
2857,2025-04-24T09:22:25,Email Open,0
2615,2025-01-30T13:03:15,Email Open,0
2583,2025-01-20T10:28:20,Blotout Viewed Product Xyz,0
1691,2025-02-21T01:41:27,Clicked email link,0
864,2025-01-07T02:11:47,Black Crow Identified,0
171,2025-01-23T08:38:48,SMS Delivered,0
1567,2025-03-24T13:40:02,SMS Sent,0
710,2025-01-12T17:56:39,Placed Order,1
1017,2025-03-29T11:18:54,Order Placed,1
497,2025-04-23T21:02:21,Viewed Product XYZ   ,1
1400,2025-03-27T11:16:45,Viewed Product XYZ   ,0
1555,2025-03-11T11:53:53,Clicked Email,0
1383,2025-04-15T14:13:57,Clicked Email,0
384,2025-03-31T21:45:20,Blotout Viewed Product Xyz,1
1717,2025-03-21T13:11:44,Clicked Email,0
2004,2025-03-17T20:09:52,Order Placed,1
967,2025-03-18T02:18:22,Clicked email link,0
488,2025-03-08T13:00:37,Placed Order,1
2976,2025-03-28T06:41:32,Opened Email,0
353,2025-04-07T08:53:49,Blotout Viewed Product Xyz,0
1631,2025-01-15T18:19:47,Viewed Product.,0
2983,2025-04-22T01:08:43,Viewed Product.,0
1959,2025-04-11T10:32:04,SMS Delivered,0
2542,2025-03-12T04:28:37,Blotout Viewed Product Xyz,0
968,2025-03-28T21:58:41,Blotout Viewed Product Xyz,0
70,2025-04-22T22:01:19,Blotout Viewed Product Xyz,0
2660,2025-01-21T14:39:08,Opened Email,0
876,2025-02-16T04:55:58,Octane: Quiz Completed: Find The Perfect Eye Shadow   .,0
2474,2025-03-06T19:12:13,SMS Delivered,0
1025,2025-03-31T01:52:58,Active on Site,0
2957,2025-03-06T14:07:50,SMS Sent,0
413,2025-02-14T06:28:37,SMS Delivered,1
357,2025-02-02T00:35:48,SMS Delivered,0
2913,2025-04-19T15:29:14,Clicked Email,0
2780,2025-04-28T04:17:01,Clicked email to unsubscribe,0
2975,2025-04-30T04:37:16,Order Placed,1
501,2025-03-19T22:21:17,Viewed Product XYZ   ,0
275,2025-04-17T23:32:43,Opened Email,0
1267,2025-03-31T23:11:34,Unsubscribed,1
49,2025-03-28T07:57:18,Unsubscribed,0
2001,2025-01-08T10:02:12,Opened Email,0
1187,2025-04-24T17:30:37,SMS Sent,0
2720,2025-04-11T23:39:31,Blotout Viewed Product Xyz,0
186,2025-02-15T11:47:04,Opened Email,0
664,2025-03-31T15:41:12,Black Crow Identified,0
798,2025-01-12T03:35:08,Opened Email,0
2806,2025-03-24T05:58:59,Octane: Quiz Completed: Find The Perfect Eye Shadow   .,0
1444,2025-01-25T05:58:57,Clicked Email,0
1816,2025-03-13T04:35:12,Unsubscribed,0
1488,2025-04-26T09:04:40,Viewed Product.,0
167,2025-03-02T19:19:58,Clicked email to unsubscribe,0
850,2025-01-06T09:52:11,Clicked email link,1
2977,2025-01-20T02:13:06,Clicked Email,0
345,2025-01-23T14:57:30,SMS Delivered,0
1374,2025-02-06T02:04:41,Clicked email to unsubscribe,0
2909,2025-04-24T20:57:53,Unsubscribed,0
805,2025-01-14T12:41:14,SMS Delivered,0
881,2025-01-28T04:18:16,Unsubscribed,0
2300,2025-04-11T08:54:15,Opened Email,0
1908,2025-02-02T23:28:55,Blotout Viewed Product Xyz,0
2699,2025-03-19T15:32:12,Email Open,0
1069,2025-04-29T03:37:55,Opened Email,0
969,2025-01-17T22:11:33,Order Placed,1
186,2025-04-08T02:38:21,Email Open,0
2753,2025-01-27T10:29:42,Order Placed,1
2024,2025-03-19T14:50:57,Octane: Quiz Completed: Find The Perfect Eye Shadow   .,0
454,2025-04-25T10:01:11,Clicked email link,0
2971,2025-01-21T07:04:40,Opened Email,0
281,2025-04-01T07:24:56,Viewed Product.,0
1005,2025-03-02T10:06:38,Email Open,0
167,2025-02-18T19:59:18,Opened Email,0
2350,2025-02-03T05:09:59,Blotout Viewed Product Xyz,0
1318,2025-02-12T13:00:13,Clicked email to unsubscribe,0
2286,2025-01-06T15:49:02,Clicked Email,0
959,2025-04-28T17:03:35,Black Crow Identified,0
373,2025-03-31T00:04:50,Black Crow Identified,0
1955,2025-03-07T21:57:39,Viewed Product XYZ   ,0
2988,2025-01-09T03:06:36,Blotout Viewed Product Xyz,0
2452,2025-01-24T03:57:52,Blotout Viewed Product Xyz,0
1313,2025-02-13T04:05:22,Clicked Email,0
2538,2025-03-08T09:33:45,Viewed Product.,0
2386,2025-01-01T21:50:22,Clicked Email,0
1887,2025-01-23T22:37:57,Clicked email to unsubscribe,0
1474,2025-01-15T03:20:36,Blotout Viewed Product Xyz,0
1129,2025-02-11T06:46:19,Order Placed,1
148,2025-03-29T09:46:39,Octane: Quiz Completed: Find The Perfect Eye Shadow   .,0
2564,2025-02-13T03:57:30,Active on Site,0
2264,2025-01-17T15:54:46,Order Placed,1
411,2025-04-22T05:00:44,Blotout Viewed Product Xyz,0
222,2025-04-08T10:50:22,Opened Email,0
780,2025-03-09T03:55:04,SMS Sent,0
1293,2025-01-17T17:05:41,Viewed Product XYZ   ,0
1487,2025-04-17T01:09:41,Viewed Product XYZ   ,0
626,2025-02-09T12:30:31,Black Crow Identified,0
148,2025-02-03T22:32:17,SMS Sent,0
1842,2025-03-18T22:52:03,Octane: Quiz Completed: Find The Perfect Eye Shadow   .,0
111,2025-03-05T13:26:25,Clicked email link,0
2293,2025-01-08T20:56:07,Order Placed,1
2206,2025-02-24T04:08:47,Unsubscribed,0
775,2025-03-14T08:24:12,Clicked Email,0
1415,2025-02-27T07:45:57,Octane: Quiz Completed: Find The Perfect Eye Shadow   .,0
2583,2025-01-03T00:20:47,Black Crow Identified,0
672,2025-03-04T03:04:51,SMS Sent,0
2344,2025-04-22T01:09:10,Viewed Product XYZ   ,0
994,2025-02-02T19:49:06,Clicked email to unsubscribe,0
1159,2025-03-28T20:14:52,Email Open,0
2598,2025-01-30T09:49:46,Opened Email,0
2106,2025-03-31T07:24:18,Active on Site,0
2810,2025-02-18T16:40:06,Black Crow Identified,0
1301,2025-04-14T02:02:41,SMS Sent,0
1112,2025-04-02T16:21:59,Viewed Product.,0
2930,2025-01-12T16:33:53,SMS Delivered,0
1827,2025-02-01T05:09:07,Clicked email to unsubscribe,0
1126,2025-03-20T19:52:57,SMS Delivered,1
355,2025-02-14T13:14:14,Viewed Product XYZ   ,0
2817,2025-04-12T22:41:10,Clicked email to unsubscribe,0
562,2025-04-21T13:40:24,Placed Order,1
1508,2025-01-13T05:59:06,Viewed Product XYZ   ,0
2878,2025-04-05T01:44:24,Opened Email,0
349,2025-02-09T14:44:48,Viewed Product.,0
1641,2025-02-04T00:12:06,Blotout Viewed Product Xyz,0
1464,2025-03-16T23:55:37,Opened Email,0
1694,2025-01-07T13:24:16,Blotout Viewed Product Xyz,0
2478,2025-02-12T09:26:21,Octane: Quiz Completed: Find The Perfect Eye Shadow   .,0
1800,2025-03-03T03:09:45,Clicked Email,0
1840,2025-03-13T15:29:32,Blotout Viewed Product Xyz,0
1660,2025-04-06T05:38:46,Viewed Product XYZ   ,0
302,2025-03-17T09:37:49,Clicked email to unsubscribe,0
328,2025-04-16T15:44:44,Octane: Quiz Completed: Find The Perfect Eye Shadow   .,0
1189,2025-04-14T12:51:51,Viewed Product.,0
304,2025-04-19T00:28:47,Clicked Email,0
1698,2025-03-13T05:07:31,Opened Email,0
158,2025-02-07T13:49:52,Email Open,0
346,2025-02-07T11:24:58,SMS Delivered,0
2294,2025-04-04T03:19:28,Order Placed,1
1359,2025-01-08T23:48:26,SMS Delivered,0
2576,2025-03-15T02:07:11,Black Crow Identified,0
922,2025-01-27T18:20:11,Placed Order,1
631,2025-01-10T13:02:53,Active on Site,0
1767,2025-04-11T19:00:36,Octane: Quiz Completed: Find The Perfect Eye Shadow   .,0
1820,2025-03-14T19:25:24,Clicked email to unsubscribe,0
86,2025-01-11T03:12:35,Blotout Viewed Product Xyz,0
1510,2025-03-04T10:30:03,Viewed Product.,0
301,2025-04-24T00:13:47,Email Open,0
2042,2025-03-16T07:53:38,Order Placed,1
863,2025-04-15T14:28:06,Opened Email,0
732,2025-03-10T03:21:00,Viewed Product XYZ   ,0
2044,2025-01-12T00:36:41,Viewed Product XYZ   ,0
2986,2025-03-25T17:46:24,Order Placed,1
36,2025-04-02T14:55:40,Blotout Viewed Product Xyz,0
213,2025-04-29T11:38:54,SMS Sent,0
2938,2025-02-07T13:39:37,Blotout Viewed Product Xyz,0
330,2025-03-13T17:54:28,Clicked email link,0
1241,2025-04-30T23:31:34,Unsubscribed,0
2975,2025-04-12T01:42:15,Opened Email,0
1203,2025-01-06T03:45:31,Black Crow Identified,0
1841,2025-02-25T16:18:34,Email Open,0
2242,2025-03-19T05:17:22,Unsubscribed,0
658,2025-02-17T09:22:14,Clicked Email,0
1408,2025-02-14T23:32:35,Order Placed,1
227,2025-03-23T17:55:04,Clicked email link,0
2776,2025-03-06T22:22:19,Octane: Quiz Completed: Find The Perfect Eye Shadow   .,0
589,2025-04-09T14:38:22,SMS Sent,0
1813,2025-01-07T18:02:20,SMS Delivered,0
54,2025-01-23T19:57:03,Clicked email link,1
1483,2025-04-06T03:08:06,Opened Email,0
1975,2025-01-30T01:05:42,Blotout Viewed Product Xyz,0
604,2025-01-01T19:38:29,Viewed Product XYZ   ,0
179,2025-02-13T05:47:55,Blotout Viewed Product Xyz,0
2206,2025-01-26T13:02:40,SMS Sent,0
2422,2025-01-06T12:14:29,Opened Email,0
1193,2025-02-14T20:30:08,Opened Email,0
869,2025-03-27T08:10:53,Viewed Product XYZ   ,0
2352,2025-04-08T15:20:30,Opened Email,0
280,2025-02-04T21:56:57,Clicked email link,0
1730,2025-04-20T15:44:18,Opened Email,0
2741,2025-01-29T20:42:25,Viewed Product XYZ   ,1
1078,2025-04-14T15:00:54,Viewed Product.,0
2971,2025-03-23T20:50:45,Octane: Quiz Completed: Find The Perfect Eye Shadow   .,0
362,2025-02-18T11:59:53,Viewed Product.,0
791,2025-02-16T04:25:57,Blotout Viewed Product Xyz,0
2137,2025-03-26T18:09:38,Clicked email to unsubscribe,0
1170,2025-04-03T10:18:27,Placed Order,1
2288,2025-03-25T06:12:51,Order Placed,1
1341,2025-02-01T06:10:32,Viewed Product.,0
1358,2025-04-22T03:52:55,Order Placed,1
1434,2025-03-24T02:16:50,Active on Site,0
2402,2025-02-22T03:36:12,Clicked Email,0
2570,2025-02-11T03:01:48,Clicked email to unsubscribe,0
1694,2025-04-19T14:54:17,SMS Delivered,0
1030,2025-02-15T12:12:50,Active on Site,1
2969,2025-04-22T22:02:53,Opened Email,0
1465,2025-04-17T21:10:00,Active on Site,0
2803,2025-01-16T09:51:58,Octane: Quiz Completed: Find The Perfect Eye Shadow   .,0
528,2025-01-14T19:42:00,Viewed Product.,0
1010,2025-04-18T02:05:44,Viewed Product XYZ   ,0
2575,2025-01-07T22:46:42,Octane: Quiz Completed: Find The Perfect Eye Shadow   .,0
2762,2025-03-27T18:15:28,Black Crow Identified,0
127,2025-02-08T06:45:56,Octane: Quiz Completed: Find The Perfect Eye Shadow   .,0
2028,2025-04-22T03:45:21,Octane: Quiz Completed: Find The Perfect Eye Shadow   .,1
1720,2025-01-10T05:19:40,Viewed Product.,0
2279,2025-02-07T21:12:00,Active on Site,0
498,2025-03-14T08:43:58,SMS Delivered,0
2394,2025-03-22T14:49:09,SMS Sent,0
2745,2025-03-09T13:28:00,Unsubscribed,0
1770,2025-02-16T18:47:55,Unsubscribed,0
2367,2025-02-20T17:31:36,Placed Order,1
292,2025-01-06T15:14:52,Unsubscribed,0
81,2025-03-28T08:00:41,Blotout Viewed Product Xyz,0
2858,2025-03-02T23:22:16,Unsubscribed,0
1607,2025-03-31T04:23:53,Blotout Viewed Product Xyz,0
1629,2025-01-10T07:19:32,Opened Email,0
2921,2025-03-14T16:45:38,Clicked Email,0
2808,2025-04-24T23:47:52,Viewed Product XYZ   ,0
2134,2025-02-16T15:13:01,Placed Order,1
191,2025-02-09T13:50:46,SMS Sent,0
716,2025-02-14T17:22:57,Viewed Product.,0
2695,2025-03-08T19:27:32,Viewed Product.,0
1205,2025-04-11T20:43:41,Unsubscribed,0
1199,2025-02-23T11:04:44,Clicked Email,0
2622,2025-01-13T21:19:23,Opened Email,0
464,2025-04-29T01:00:41,Viewed Product.,0
1244,2025-02-15T09:55:01,Clicked email link,0
1874,2025-01-03T21:56:25,Clicked email link,1
2414,2025-01-02T14:25:08,Viewed Product.,0
1291,2025-04-26T21:06:56,Viewed Product XYZ   ,0
2368,2025-04-04T08:30:39,Clicked email link,0
366,2025-03-24T00:46:20,Blotout Viewed Product Xyz,1
1096,2025-04-25T17:06:37,SMS Delivered,0
110,2025-02-09T14:05:33,Opened Email,0
1195,2025-03-27T04:38:16,Unsubscribed,0
2235,2025-02-21T01:16:08,Placed Order,1
1378,2025-04-05T22:46:59,Unsubscribed,0
1393,2025-03-07T12:07:21,Blotout Viewed Product Xyz,0
2561,2025-03-26T20:03:10,Active on Site,0
1647,2025-02-07T22:46:15,Blotout Viewed Product Xyz,0
397,2025-03-24T17:06:08,Opened Email,0
898,2025-02-28T04:01:57,SMS Sent,0
722,2025-03-25T15:53:15,Opened Email,0
696,2025-02-16T16:07:54,Octane: Quiz Completed: Find The Perfect Eye Shadow   .,0
1135,2025-02-14T23:49:13,SMS Sent,0
372,2025-02-05T11:04:38,Black Crow Identified,0
710,2025-04-29T07:45:53,Active on Site,0
724,2025-04-29T03:28:31,SMS Sent,0
139,2025-01-24T23:00:01,SMS Delivered,0
974,2025-02-26T06:53:06,SMS Sent,0
26,2025-01-12T09:08:39,Octane: Quiz Completed: Find The Perfect Eye Shadow   .,0
1036,2025-04-28T20:27:08,SMS Sent,0
2232,2025-02-14T09:02:01,Clicked email to unsubscribe,1
941,2025-04-10T05:21:54,Clicked email to unsubscribe,0
769,2025-03-25T07:12:46,Black Crow Identified,0
2573,2025-01-01T05:24:45,Black Crow Identified,0
2090,2025-03-25T23:31:13,Order Placed,1
2811,2025-02-05T00:14:20,Unsubscribed,0
2753,2025-02-19T20:56:08,SMS Sent,0
1467,2025-01-23T00:11:36,Blotout Viewed Product Xyz,0
2362,2025-03-15T05:10:00,Unsubscribed,0
2524,2025-01-18T00:28:05,Viewed Product.,0
2891,2025-04-15T00:59:06,Clicked email link,0
2277,2025-02-23T13:47:01,Placed Order,1
1842,2025-04-11T16:49:40,Email Open,0
2504,2025-03-12T10:46:37,Black Crow Identified,0
361,2025-02-11T07:56:57,Viewed Product XYZ   ,0
2694,2025-02-09T09:56:49,Placed Order,1
31,2025-01-11T21:02:26,SMS Sent,0
462,2025-04-25T15:16:51,Octane: Quiz Completed: Find The Perfect Eye Shadow   .,0
324,2025-02-27T13:56:05,Email Open,0
1464,2025-04-18T17:25:01,Black Crow Identified,0
138,2025-01-18T03:21:49,Black Crow Identified,0
734,2025-02-21T21:10:13,Clicked email link,0
2867,2025-01-02T00:19:47,Blotout Viewed Product Xyz,0
1258,2025-04-27T17:39:37,Email Open,0
653,2025-02-12T06:30:23,SMS Delivered,0
736,2025-03-10T01:00:20,Clicked email to unsubscribe,0
86,2025-02-09T05:48:55,Placed Order,1
108,2025-04-19T08:02:38,Clicked email link,0
2193,2025-03-13T02:47:49,Placed Order,1
1258,2025-03-23T01:29:01,Unsubscribed,0
1858,2025-01-09T12:14:05,SMS Sent,0
1344,2025-02-21T19:58:35,Clicked email link,0
2047,2025-03-31T08:59:31,Black Crow Identified,0
2905,2025-01-01T06:45:01,SMS Sent,0
1917,2025-03-18T00:57:02,Order Placed,1
2067,2025-02-13T21:41:08,SMS Delivered,0
874,2025-01-08T20:02:56,SMS Delivered,0
2380,2025-02-14T04:01:14,Clicked email to unsubscribe,0
257,2025-03-10T17:01:54,Black Crow Identified,0
1706,2025-02-10T13:43:07,Clicked email link,0
630,2025-04-26T12:57:48,SMS Delivered,0
1321,2025-04-23T01:03:46,Email Open,0
94,2025-03-19T07:38:40,Active on Site,0
983,2025-01-23T05:05:05,Viewed Product XYZ   ,0
1027,2025-03-05T18:14:09,Email Open,0
1026,2025-03-30T05:19:46,Blotout Viewed Product Xyz,0
2705,2025-01-21T00:57:27,Active on Site,0
2248,2025-03-30T17:58:54,SMS Delivered,0
302,2025-03-30T23:29:25,Clicked email link,0
637,2025-02-23T09:23:56,Blotout Viewed Product Xyz,0
2111,2025-01-14T15:07:09,Email Open,0
1354,2025-04-30T11:56:49,Unsubscribed,0
1929,2025-04-06T07:24:37,Active on Site,0
2464,2025-01-31T13:59:17,Active on Site,0
1935,2025-02-17T00:18:04,SMS Sent,0
2404,2025-02-12T07:37:49,Opened Email,0
856,2025-01-08T14:28:47,Viewed Product XYZ   ,0
1463,2025-01-11T21:00:18,Placed Order,1
1613,2025-02-22T01:33:40,Clicked email to unsubscribe,0
1996,2025-04-05T19:43:39,Clicked email link,0
78,2025-02-20T11:26:23,SMS Sent,0
1981,2025-04-23T01:56:27,SMS Delivered,0
1321,2025-04-29T21:14:03,Clicked email link,0
2020,2025-03-29T04:40:04,Black Crow Identified,0
2016,2025-04-05T14:49:33,Octane: Quiz Completed: Find The Perfect Eye Shadow   .,0
379,2025-03-20T17:52:45,SMS Sent,0
2855,2025-03-25T01:00:37,Viewed Product XYZ   ,0
2315,2025-04-08T20:26:18,Viewed Product.,0
415,2025-02-26T07:13:29,Clicked email link,0
935,2025-02-17T15:42:18,Blotout Viewed Product Xyz,0
53,2025-03-15T22:40:38,Order Placed,1
50,2025-03-01T14:31:02,Viewed Product.,0
2776,2025-03-27T15:08:54,Blotout Viewed Product Xyz,1
1147,2025-02-09T15:02:38,Placed Order,1
630,2025-01-16T17:09:04,Clicked email link,0
856,2025-03-30T04:22:48,Black Crow Identified,0
2314,2025-02-11T08:46:52,Clicked email to unsubscribe,0
2186,2025-01-26T13:59:14,Black Crow Identified,0
1132,2025-04-18T16:06:42,Viewed Product XYZ   ,0
1987,2025-04-26T07:20:54,SMS Sent,0
1967,2025-02-07T07:39:33,Placed Order,1
2422,2025-02-26T01:55:56,SMS Delivered,0
940,2025-02-22T06:41:47,Unsubscribed,0
610,2025-02-06T06:58:04,Clicked email link,0
375,2025-01-10T13:04:38,Clicked email link,0
969,2025-01-30T17:01:26,Order Placed,1
1045,2025-04-03T12:02:42,SMS Sent,0
2896,2025-02-05T16:56:00,Opened Email,0
1063,2025-04-27T00:25:26,Email Open,0
1535,2025-01-18T08:15:05,Opened Email,0
2873,2025-02-13T15:19:49,Viewed Product XYZ   ,0
2327,2025-02-27T06:37:01,Viewed Product.,0
772,2025-01-12T15:20:40,Placed Order,1
770,2025-02-04T00:57:59,Viewed Product XYZ   ,0
804,2025-01-31T14:16:34,Octane: Quiz Completed: Find The Perfect Eye Shadow   .,0
2848,2025-01-22T20:03:09,Opened Email,0
1234,2025-02-16T07:36:25,Clicked email to unsubscribe,0
1634,2025-02-28T22:12:00,Unsubscribed,0
1764,2025-04-12T07:40:02,Black Crow Identified,0
2657,2025-02-28T01:56:01,SMS Delivered,0
992,2025-01-01T18:26:18,Clicked email link,0
2452,2025-01-19T11:38:45,Octane: Quiz Completed: Find The Perfect Eye Shadow   .,0
2641,2025-02-09T17:02:04,Octane: Quiz Completed: Find The Perfect Eye Shadow   .,0
2367,2025-02-12T16:21:30,Email Open,0
186,2025-02-07T05:07:20,Active on Site,0
1879,2025-03-26T21:56:00,Viewed Product.,0
649,2025-02-26T09:35:15,Octane: Quiz Completed: Find The Perfect Eye Shadow   .,0
2191,2025-02-21T10:45:22,Clicked email link,1
1036,2025-04-27T20:20:02,Opened Email,0
966,2025-02-07T19:06:57,Email Open,0
519,2025-04-06T01:06:12,Clicked Email,0
101,2025-01-27T04:43:36,Black Crow Identified,0
1632,2025-03-21T21:53:35,Active on Site,0
89,2025-04-28T21:09:10,Octane: Quiz Completed: Find The Perfect Eye Shadow   .,0
2502,2025-02-17T16:48:51,Viewed Product XYZ   ,0
244,2025-02-16T21:38:54,Clicked email link,0
2862,2025-04-02T01:24:09,Clicked email to unsubscribe,0
2195,2025-03-20T05:10:39,Clicked Email,0
742,2025-04-26T01:48:05,Opened Email,0
1220,2025-01-15T16:19:48,Clicked email link,0
1561,2025-03-29T14:17:44,Opened Email,0
2066,2025-02-01T18:49:01,Black Crow Identified,0
968,2025-04-20T07:30:11,Clicked email to unsubscribe,0
1721,2025-01-31T13:18:08,Blotout Viewed Product Xyz,0
1460,2025-01-24T17:04:32,Viewed Product XYZ   ,0
1712,2025-04-14T11:11:23,Viewed Product.,0
476,2025-04-12T10:49:49,Active on Site,0
979,2025-01-21T02:06:57,Clicked Email,0
1374,2025-04-06T18:30:01,Blotout Viewed Product Xyz,0
2524,2025-01-24T21:09:18,Unsubscribed,0
2892,2025-01-28T08:22:30,Order Placed,1
1777,2025-04-10T19:48:33,SMS Delivered,0
1808,2025-03-17T21:34:36,Email Open,0
1873,2025-03-03T18:46:47,Clicked email to unsubscribe,0
1469,2025-03-21T18:03:54,Active on Site,0
2710,2025-03-08T03:21:28,Order Placed,1
1240,2025-01-05T04:45:52,Clicked email link,0
2159,2025-01-15T07:34:44,Unsubscribed,0
80,2025-03-26T05:54:47,Viewed Product XYZ   ,0
1332,2025-04-19T10:50:43,SMS Sent,0
845,2025-02-20T14:28:21,Clicked email to unsubscribe,0
736,2025-01-16T05:38:35,Clicked Email,0
314,2025-01-07T21:49:39,Placed Order,1
2994,2025-01-17T10:27:34,SMS Sent,0
486,2025-04-04T20:23:10,Email Open,0
438,2025-02-08T16:44:28,Viewed Product.,0
2081,2025-03-16T04:53:50,Viewed Product XYZ   ,0
2432,2025-01-16T14:08:34,Black Crow Identified,0
441,2025-03-15T18:17:52,Viewed Product.,0
1799,2025-02-06T10:04:59,Viewed Product.,0
1748,2025-04-30T14:48:53,Opened Email,0
2310,2025-04-07T13:31:04,Blotout Viewed Product Xyz,0
1016,2025-04-15T09:34:06,Active on Site,0
631,2025-02-01T06:50:40,Clicked Email,0
1111,2025-01-17T05:24:06,Viewed Product XYZ   ,0
1731,2025-03-23T01:32:58,Clicked Email,0
385,2025-02-01T02:30:10,Octane: Quiz Completed: Find The Perfect Eye Shadow   .,1
1919,2025-04-16T00:31:49,Octane: Quiz Completed: Find The Perfect Eye Shadow   .,0
2759,2025-01-15T07:02:50,Black Crow Identified,0
2122,2025-01-16T02:48:20,Clicked email link,0
1198,2025-01-24T00:44:22,Blotout Viewed Product Xyz,0
1492,2025-02-09T18:20:35,Placed Order,1
1541,2025-02-13T06:06:20,Viewed Product XYZ   ,0
316,2025-01-27T23:18:38,SMS Delivered,0
841,2025-03-07T17:08:02,Opened Email,0
1561,2025-03-27T18:15:36,Placed Order,1
888,2025-01-08T03:36:32,Unsubscribed,1
1585,2025-03-25T04:48:12,Clicked Email,0
2262,2025-02-28T03:22:38,Octane: Quiz Completed: Find The Perfect Eye Shadow   .,0
1068,2025-02-19T10:36:21,Clicked Email,0
866,2025-01-11T08:54:02,Viewed Product XYZ   ,0
437,2025-03-27T14:41:28,Clicked Email,0
1618,2025-02-28T20:23:20,Opened Email,0
841,2025-03-08T17:55:23,Unsubscribed,0
2611,2025-03-02T22:31:56,Viewed Product XYZ   ,0
2506,2025-03-24T06:17:52,Clicked email to unsubscribe,0
1202,2025-02-28T17:46:43,Order Placed,1
550,2025-04-21T03:35:10,Viewed Product XYZ   ,0
2395,2025-04-27T10:48:47,Unsubscribed,0
302,2025-01-08T07:48:27,Email Open,0
1711,2025-03-22T00:57:22,Email Open,0
2977,2025-04-06T21:10:17,Octane: Quiz Completed: Find The Perfect Eye Shadow   .,0
1212,2025-03-19T03:56:12,SMS Delivered,0
2683,2025-02-25T04:48:55,Email Open,0
1039,2025-01-29T02:32:17,Octane: Quiz Completed: Find The Perfect Eye Shadow   .,0
1660,2025-03-18T21:14:34,SMS Delivered,0
1758,2025-04-16T07:59:39,Order Placed,1
937,2025-02-06T20:33:59,Order Placed,1
2117,2025-04-22T23:59:50,Black Crow Identified,0
1844,2025-01-12T02:40:12,SMS Sent,0
1729,2025-04-30T12:26:25,Clicked email link,0
1691,2025-03-14T22:18:09,Viewed Product XYZ   ,0
2475,2025-04-14T07:20:31,Order Placed,1
2145,2025-01-22T00:18:42,Viewed Product.,0
584,2025-04-07T15:13:54,Unsubscribed,0
471,2025-02-06T02:21:15,Unsubscribed,0
2858,2025-03-02T23:43:09,Viewed Product.,0
742,2025-02-02T05:16:35,Placed Order,1
640,2025-04-07T08:34:48,Blotout Viewed Product Xyz,0
11,2025-01-13T03:15:09,Clicked email to unsubscribe,0
2754,2025-01-20T02:34:51,Black Crow Identified,0
2959,2025-03-25T04:09:04,Email Open,0
375,2025-01-22T10:07:29,Placed Order,1
2120,2025-04-18T14:50:30,Viewed Product.,0
654,2025-04-26T06:49:18,Viewed Product.,0
689,2025-03-15T20:59:20,Clicked email to unsubscribe,0
2588,2025-03-18T19:54:10,Viewed Product.,0
643,2025-03-23T17:40:39,Viewed Product XYZ   ,0
1007,2025-03-15T06:20:09,Placed Order,1
1403,2025-04-11T23:39:13,Clicked Email,0
697,2025-02-19T16:40:52,Clicked Email,0
1943,2025-04-01T22:22:04,SMS Delivered,0
2844,2025-01-25T10:13:18,Unsubscribed,0
2957,2025-04-13T07:45:27,Octane: Quiz Completed: Find The Perfect Eye Shadow   .,0
2516,2025-01-26T13:56:36,SMS Sent,0
107,2025-03-25T08:01:11,Clicked email to unsubscribe,0
1579,2025-01-02T06:09:15,Clicked email to unsubscribe,0
1560,2025-01-26T23:42:57,Viewed Product XYZ   ,0
2626,2025-02-01T12:29:18,Order Placed,1
1857,2025-03-06T05:35:59,Octane: Quiz Completed: Find The Perfect Eye Shadow   .,0
1291,2025-03-20T18:41:24,Octane: Quiz Completed: Find The Perfect Eye Shadow   .,0
1873,2025-02-07T01:54:07,Opened Email,0
1718,2025-04-11T11:34:07,Unsubscribed,0
1709,2025-04-03T00:36:28,Email Open,0
2033,2025-04-20T23:57:04,Viewed Product.,0
476,2025-03-09T01:47:24,Opened Email,0
820,2025-01-19T12:30:59,Octane: Quiz Completed: Find The Perfect Eye Shadow   .,0
2440,2025-01-26T08:31:31,Clicked email link,0
481,2025-01-24T00:00:44,Opened Email,0
613,2025-03-19T15:04:11,Clicked Email,0
1831,2025-04-05T14:41:04,Clicked email link,0
2829,2025-01-09T20:27:23,Viewed Product.,0
2951,2025-03-08T16:23:14,Unsubscribed,0
2074,2025-02-25T09:15:06,Order Placed,1
1012,2025-04-27T21:08:18,SMS Sent,0
2182,2025-03-31T22:59:28,Clicked email link,0
1144,2025-04-04T08:24:08,Opened Email,0
2677,2025-02-10T12:50:25,Opened Email,0
2675,2025-02-25T07:14:00,Placed Order,1
519,2025-02-02T21:08:17,SMS Delivered,0
306,2025-02-28T17:41:16,Blotout Viewed Product Xyz,0
1620,2025-04-09T09:50:52,Email Open,0
752,2025-01-22T08:04:48,Clicked email link,0
876,2025-01-21T22:17:58,SMS Delivered,0
2715,2025-01-20T00:14:23,Email Open,0
1254,2025-03-22T07:35:59,SMS Sent,0
2910,2025-03-06T19:12:37,Clicked email link,0
860,2025-04-27T13:44:43,Viewed Product XYZ   ,1
554,2025-04-09T06:13:59,Viewed Product.,0
2574,2025-04-28T10:07:27,Clicked email link,0
1298,2025-03-24T01:06:36,Octane: Quiz Completed: Find The Perfect Eye Shadow   .,0
890,2025-01-16T22:13:06,Black Crow Identified,1
2989,2025-04-15T14:45:50,Clicked email to unsubscribe,0
2425,2025-04-11T22:08:35,Viewed Product XYZ   ,0
805,2025-04-01T14:11:19,Email Open,0
720,2025-01-02T08:21:23,SMS Sent,0
1763,2025-03-30T12:11:07,Email Open,0
2125,2025-02-28T07:07:03,Octane: Quiz Completed: Find The Perfect Eye Shadow   .,0
2200,2025-02-25T16:27:32,Viewed Product XYZ   ,0
2129,2025-04-15T05:34:19,Clicked email to unsubscribe,0
2029,2025-03-10T05:26:54,Viewed Product.,0
1594,2025-01-02T14:24:00,Active on Site,0
2577,2025-03-03T15:59:29,Clicked email link,0
1307,2025-02-04T10:35:42,Black Crow Identified,0
1024,2025-02-06T08:59:49,Octane: Quiz Completed: Find The Perfect Eye Shadow   .,1
2570,2025-02-28T14:00:41,Order Placed,1
702,2025-01-24T19:14:42,Black Crow Identified,0
528,2025-04-02T07:50:48,Unsubscribed,0
1956,2025-03-04T00:02:21,SMS Delivered,0
868,2025-04-07T02:02:19,Active on Site,0
673,2025-04-21T03:02:01,Order Placed,1
371,2025-04-24T04:03:58,Viewed Product XYZ   ,0
377,2025-04-05T09:34:04,Clicked email to unsubscribe,0
1570,2025-04-16T16:44:30,Email Open,0
1999,2025-02-04T16:51:06,Clicked Email,0
954,2025-04-03T04:11:22,Blotout Viewed Product Xyz,0
1489,2025-02-26T08:12:29,SMS Sent,0
522,2025-04-02T14:35:47,Clicked Email,0
1325,2025-04-11T13:18:48,Octane: Quiz Completed: Find The Perfect Eye Shadow   .,0
2497,2025-03-25T18:25:47,Active on Site,0
1009,2025-04-09T11:24:01,Blotout Viewed Product Xyz,0
2949,2025-04-09T01:09:28,Viewed Product XYZ   ,0
2525,2025-03-28T08:40:15,Order Placed,1
575,2025-01-26T19:38:45,Unsubscribed,0
35,2025-04-19T12:43:05,Active on Site,0
299,2025-02-10T21:52:30,Placed Order,1
1294,2025-02-19T01:42:30,SMS Sent,0
2515,2025-04-11T00:06:49,Clicked Email,0
866,2025-03-25T01:07:50,Clicked Email,0
2940,2025-04-04T20:07:58,Order Placed,1
507,2025-02-01T11:44:30,Clicked Email,0
1758,2025-03-03T07:14:55,Viewed Product XYZ   ,0
1854,2025-02-28T04:05:23,SMS Delivered,0
1397,2025-02-26T15:15:03,Black Crow Identified,0
1216,2025-01-10T10:28:25,Clicked email link,0
2886,2025-03-06T09:48:16,Blotout Viewed Product Xyz,0
1559,2025-03-11T17:37:11,Opened Email,0
2381,2025-01-03T07:07:42,Viewed Product XYZ   ,0
2697,2025-03-11T21:30:36,Order Placed,1
538,2025-01-09T19:54:42,SMS Delivered,1
2849,2025-02-20T12:37:29,Clicked email to unsubscribe,0
307,2025-03-19T14:04:23,Active on Site,0
2627,2025-01-13T16:02:28,Clicked Email,0
2907,2025-02-17T19:10:28,SMS Sent,0
1250,2025-01-31T20:00:28,Black Crow Identified,0
2017,2025-04-28T08:11:56,Placed Order,1
2668,2025-04-08T11:51:57,Active on Site,0
2333,2025-03-21T10:56:54,Viewed Product.,0
408,2025-03-15T11:43:49,Placed Order,1
1189,2025-02-05T22:14:58,SMS Sent,0
1354,2025-03-28T07:43:54,Viewed Product.,0
1012,2025-02-27T17:32:22,Clicked Email,0
2568,2025-03-26T05:27:48,Order Placed,1
2900,2025-02-02T23:34:10,Viewed Product.,0
1996,2025-02-04T05:38:19,Active on Site,0
20,2025-04-16T02:38:57,Unsubscribed,0
1354,2025-02-22T13:46:33,Opened Email,0
536,2025-02-01T15:16:09,Opened Email,0
2546,2025-04-29T00:53:12,Order Placed,1
1928,2025-02-16T22:37:23,Clicked email to unsubscribe,0
2271,2025-04-02T11:26:06,SMS Sent,0
2966,2025-03-20T13:35:21,Clicked Email,0
775,2025-01-31T04:49:42,Clicked email link,0
2646,2025-03-31T06:47:54,Placed Order,1
212,2025-03-07T09:04:49,Clicked email link,0
25,2025-02-27T18:39:54,Order Placed,1
2759,2025-01-25T18:12:16,SMS Delivered,0
1054,2025-04-05T16:54:09,Email Open,0
2468,2025-02-20T07:09:17,Order Placed,1
1458,2025-03-14T01:51:58,Black Crow Identified,0
362,2025-03-02T12:53:41,SMS Sent,0
1742,2025-02-15T05:08:17,Viewed Product XYZ   ,0
893,2025-03-28T08:37:17,Unsubscribed,0
2868,2025-02-17T19:36:52,Octane: Quiz Completed: Find The Perfect Eye Shadow   .,0
989,2025-04-22T18:11:10,Clicked email link,0
721,2025-03-25T03:14:15,Octane: Quiz Completed: Find The Perfect Eye Shadow   .,0
2194,2025-01-06T11:23:31,Opened Email,0
957,2025-02-19T00:35:55,SMS Sent,0
2983,2025-03-11T13:25:03,Viewed Product.,0
2784,2025-04-13T05:29:38,Viewed Product XYZ   ,0
1139,2025-02-16T18:11:12,Viewed Product XYZ   ,0
1333,2025-03-24T07:41:43,Opened Email,0
1853,2025-02-27T00:41:35,SMS Delivered,0
2057,2025-01-16T04:51:56,Active on Site,0
47,2025-03-28T17:08:59,Unsubscribed,0
1579,2025-02-02T14:23:35,Opened Email,0
1661,2025-01-01T08:18:16,Placed Order,1
2923,2025-04-24T20:17:34,Octane: Quiz Completed: Find The Perfect Eye Shadow   .,0
1674,2025-01-21T20:43:07,Clicked Email,0
2364,2025-03-04T00:06:27,Order Placed,1
607,2025-03-23T18:40:35,Email Open,0
2947,2025-04-29T10:01:02,Opened Email,0
350,2025-02-21T04:00:51,Viewed Product XYZ   ,0
2498,2025-04-20T10:01:42,Clicked Email,0
2974,2025-03-15T13:16:19,Active on Site,0
64,2025-03-08T23:22:14,Clicked Email,0
705,2025-02-12T02:58:35,Unsubscribed,0
1091,2025-01-28T00:31:10,Unsubscribed,0
1630,2025-03-21T19:23:35,Octane: Quiz Completed: Find The Perfect Eye Shadow   .,1
165,2025-02-14T14:01:57,Opened Email,0
180,2025-04-07T16:29:51,Email Open,0
2351,2025-03-30T01:04:21,Viewed Product XYZ   ,0
1588,2025-03-07T18:20:22,Unsubscribed,0
2852,2025-04-07T22:58:32,Clicked email link,0
2455,2025-04-18T22:25:07,SMS Delivered,0
413,2025-03-01T15:14:12,Placed Order,1
1274,2025-02-23T20:27:08,Clicked email to unsubscribe,0
1111,2025-03-11T00:39:39,SMS Delivered,0
2338,2025-02-06T14:36:20,Email Open,0
873,2025-03-28T08:03:58,Email Open,0
2578,2025-04-11T10:26:09,Order Placed,1
1785,2025-03-04T10:39:38,Clicked Email,0
2272,2025-01-19T22:09:15,Blotout Viewed Product Xyz,0
1786,2025-02-19T05:12:55,Order Placed,1
434,2025-04-01T15:57:50,Clicked Email,0
2731,2025-01-15T00:15:26,Order Placed,1
2571,2025-04-12T09:11:34,Viewed Product XYZ   ,0
2033,2025-02-13T03:38:35,SMS Sent,0
2851,2025-02-14T19:16:04,Black Crow Identified,1
2379,2025-03-17T04:13:31,Blotout Viewed Product Xyz,0
1648,2025-01-05T09:01:00,Clicked email link,0
2735,2025-01-28T07:17:30,SMS Delivered,0
2655,2025-02-27T16:52:56,Email Open,0
1350,2025-01-09T16:50:25,SMS Delivered,0
703,2025-01-05T09:14:10,Email Open,0
1520,2025-04-12T06:52:15,Blotout Viewed Product Xyz,0
2607,2025-02-06T01:42:22,Email Open,0
2861,2025-02-13T22:46:36,Viewed Product XYZ   ,0
25,2025-03-22T07:35:17,SMS Sent,0
2273,2025-04-01T19:23:56,Order Placed,1
778,2025-03-04T05:48:11,Black Crow Identified,0
908,2025-02-22T16:42:23,Octane: Quiz Completed: Find The Perfect Eye Shadow   .,0
2090,2025-04-16T15:33:33,Viewed Product XYZ   ,0
899,2025-01-02T07:36:34,Viewed Product.,1
2064,2025-01-15T06:43:58,Placed Order,1
2334,2025-02-28T01:26:20,Clicked email link,0
1544,2025-01-02T16:19:32,Octane: Quiz Completed: Find The Perfect Eye Shadow   .,0
258,2025-04-07T17:30:24,Octane: Quiz Completed: Find The Perfect Eye Shadow   .,0
1588,2025-01-15T09:59:49,SMS Delivered,0
1052,2025-03-02T04:15:10,Viewed Product.,0
2403,2025-02-24T04:37:58,Clicked Email,0
2377,2025-04-22T01:13:19,Clicked Email,0
241,2025-02-18T11:15:14,Clicked email to unsubscribe,0
769,2025-03-18T11:00:57,Unsubscribed,0
552,2025-02-04T05:06:17,Order Placed,1
1199,2025-04-24T18:50:00,Email Open,0
2698,2025-02-09T04:43:23,Opened Email,0
413,2025-03-11T20:17:56,Viewed Product XYZ   ,0
2276,2025-04-01T05:39:49,Active on Site,0
529,2025-02-14T04:47:43,Active on Site,0
2730,2025-04-29T08:44:04,Opened Email,0
2774,2025-04-16T02:23:09,Octane: Quiz Completed: Find The Perfect Eye Shadow   .,0
226,2025-02-14T03:34:42,Viewed Product.,0
228,2025-01-10T00:08:37,Black Crow Identified,0
1502,2025-01-21T10:22:23,Email Open,0
1843,2025-02-24T03:33:52,Email Open,0
2310,2025-02-07T15:02:20,Opened Email,0
2850,2025-03-09T02:39:26,Unsubscribed,0
2486,2025-01-06T12:13:06,Clicked Email,0
2450,2025-03-02T05:11:44,Blotout Viewed Product Xyz,0
893,2025-04-16T11:06:29,Opened Email,0
1634,2025-01-08T23:07:28,Blotout Viewed Product Xyz,0
1516,2025-03-07T15:38:05,Active on Site,0
2769,2025-04-06T21:34:46,Placed Order,1
2078,2025-03-24T19:05:32,Black Crow Identified,0
2915,2025-03-10T16:46:16,Blotout Viewed Product Xyz,0
370,2025-04-05T23:59:50,Clicked email to unsubscribe,0
2531,2025-04-11T20:46:30,SMS Sent,0
2085,2025-04-14T18:07:16,SMS Sent,0
397,2025-03-15T00:38:47,Viewed Product.,0
1222,2025-01-17T17:36:15,Placed Order,1
2017,2025-03-05T16:24:45,Viewed Product.,0
582,2025-04-01T08:51:30,Placed Order,1
2185,2025-03-12T12:37:56,Blotout Viewed Product Xyz,0
686,2025-02-05T07:20:46,Email Open,0
1032,2025-03-16T09:45:19,Black Crow Identified,0
2046,2025-03-01T20:45:38,Unsubscribed,1
1197,2025-03-16T20:05:19,Clicked email link,0
1134,2025-03-08T02:56:25,Opened Email,0
340,2025-01-10T23:59:29,Clicked Email,0
1081,2025-03-23T06:33:07,Email Open,0
2012,2025-04-22T21:28:38,Viewed Product XYZ   ,0
1795,2025-01-23T01:25:34,Clicked email to unsubscribe,0
2822,2025-04-28T04:35:47,Viewed Product.,0
568,2025-02-05T10:35:13,Clicked email to unsubscribe,0
2996,2025-04-13T06:41:59,Opened Email,0
46,2025-03-05T15:56:41,Viewed Product.,0
1939,2025-03-27T20:31:01,Viewed Product XYZ   ,0
2189,2025-03-03T23:42:03,Clicked email link,0
2350,2025-02-23T12:20:58,SMS Delivered,0
228,2025-01-01T16:08:34,Viewed Product XYZ   ,0
309,2025-04-09T00:33:44,SMS Delivered,0
1733,2025-04-21T05:24:19,Clicked email to unsubscribe,0
1794,2025-04-12T14:12:56,Viewed Product.,0
2009,2025-04-26T16:38:17,Clicked email link,0
376,2025-01-08T13:19:59,Clicked email to unsubscribe,0
2342,2025-01-14T05:55:06,Order Placed,1
436,2025-01-04T07:09:33,Clicked Email,0
2139,2025-02-21T01:31:29,Octane: Quiz Completed: Find The Perfect Eye Shadow   .,0
436,2025-01-26T04:20:26,Unsubscribed,0
2888,2025-03-10T10:50:13,Viewed Product XYZ   ,0
2765,2025-04-09T14:00:15,Clicked email link,0
2991,2025-03-24T12:36:17,Clicked email link,0
1419,2025-02-15T13:00:54,Order Placed,1
1780,2025-02-01T11:14:42,Placed Order,1
2177,2025-04-06T14:10:01,Placed Order,1
2054,2025-01-04T15:22:42,Unsubscribed,0
850,2025-03-04T13:45:53,SMS Delivered,0
1534,2025-01-08T15:53:52,Active on Site,0
647,2025-04-17T12:46:03,Active on Site,0
201,2025-03-23T08:09:31,SMS Delivered,0
49,2025-03-11T00:20:29,Placed Order,1
672,2025-04-15T16:44:17,Unsubscribed,0
1820,2025-03-08T15:24:24,SMS Delivered,0
2970,2025-01-02T11:25:44,Blotout Viewed Product Xyz,0
2023,2025-04-06T04:32:07,Placed Order,1
1204,2025-02-19T13:39:22,Email Open,0
1112,2025-02-02T16:37:47,Clicked Email,0
2009,2025-01-27T09:36:54,SMS Sent,0
2841,2025-03-13T19:04:18,SMS Sent,0
134,2025-01-05T16:22:51,Active on Site,0
1838,2025-04-11T11:05:54,SMS Sent,0
1027,2025-02-01T04:01:16,Octane: Quiz Completed: Find The Perfect Eye Shadow   .,0
2179,2025-02-04T02:16:56,Active on Site,0
242,2025-03-16T21:27:57,Order Placed,1
1797,2025-04-02T21:05:14,Order Placed,1
218,2025-04-29T09:34:34,Email Open,0
1913,2025-01-15T09:59:38,Viewed Product.,0
1507,2025-03-15T01:27:39,Clicked email link,0
2603,2025-03-30T11:07:55,Clicked email link,0
2897,2025-03-11T03:01:54,Email Open,0
1772,2025-01-05T22:25:19,Octane: Quiz Completed: Find The Perfect Eye Shadow   .,0
2108,2025-02-24T18:06:57,Placed Order,1
2046,2025-03-09T21:21:23,Black Crow Identified,0
1406,2025-04-20T05:42:17,Order Placed,1
536,2025-04-27T18:19:48,SMS Sent,0
1934,2025-02-13T00:19:07,Clicked Email,0
1659,2025-02-27T19:50:41,SMS Delivered,0
2284,2025-02-26T06:23:47,SMS Sent,0
220,2025-04-04T05:42:00,Email Open,0
2678,2025-01-23T01:21:07,Active on Site,0
2385,2025-02-22T11:57:41,Order Placed,1
1531,2025-04-22T13:14:04,Order Placed,1
1570,2025-03-17T10:50:07,Clicked email to unsubscribe,0
2543,2025-03-29T03:13:57,Placed Order,1
55,2025-03-08T12:39:31,Black Crow Identified,1
2769,2025-02-10T02:10:00,Clicked email link,0
463,2025-02-05T14:19:31,SMS Delivered,0
216,2025-04-22T05:13:47,SMS Sent,0
1100,2025-01-22T19:26:31,Active on Site,0
1239,2025-04-15T08:49:33,Clicked email link,0
1616,2025-03-26T14:16:41,Clicked email to unsubscribe,0
1849,2025-01-11T13:55:36,Active on Site,0
646,2025-01-29T07:05:11,Clicked email to unsubscribe,0
91,2025-01-11T21:31:32,Clicked Email,0
2718,2025-04-21T17:12:59,Order Placed,1
1468,2025-01-13T10:43:27,Active on Site,0
392,2025-01-07T04:45:18,Clicked email link,0
2961,2025-01-05T21:50:40,Blotout Viewed Product Xyz,0
2194,2025-02-25T15:06:26,Clicked email to unsubscribe,0
529,2025-01-16T07:45:38,Active on Site,1
2014,2025-03-31T06:41:34,Blotout Viewed Product Xyz,0
239,2025-01-11T12:46:15,Clicked email to unsubscribe,0
1650,2025-03-08T09:51:07,Opened Email,0
74,2025-02-18T20:32:57,Clicked email link,0
265,2025-03-10T00:51:04,Clicked Email,0
634,2025-04-22T00:21:24,Email Open,0
422,2025-02-05T07:33:24,SMS Delivered,1
2086,2025-04-22T22:52:26,Viewed Product XYZ   ,0
936,2025-04-09T06:32:10,Viewed Product.,0
537,2025-03-28T19:43:23,Email Open,0
1052,2025-02-26T23:36:36,Viewed Product XYZ   ,0
1941,2025-02-10T04:10:14,Blotout Viewed Product Xyz,0
631,2025-02-14T11:17:32,Viewed Product.,1
1440,2025-02-14T19:38:03,Order Placed,1
1745,2025-03-27T05:48:09,Opened Email,0
84,2025-02-10T02:17:04,SMS Delivered,0
1614,2025-01-31T09:19:14,Active on Site,0
199,2025-04-19T20:46:06,Clicked Email,0
703,2025-01-26T16:20:37,SMS Sent,0
2815,2025-02-25T09:23:48,Viewed Product XYZ   ,0
2620,2025-01-27T15:46:59,Clicked email to unsubscribe,0
2917,2025-03-18T05:47:21,Placed Order,1
964,2025-04-15T18:06:46,Active on Site,0
575,2025-03-07T16:42:05,Order Placed,1
2358,2025-01-24T10:05:53,Viewed Product XYZ   ,0
526,2025-01-22T18:03:48,Opened Email,0
2423,2025-01-11T12:39:36,SMS Sent,0
2730,2025-01-30T18:55:47,Opened Email,0
1493,2025-02-11T22:16:51,Unsubscribed,0
2608,2025-02-11T08:49:47,Clicked email link,0
924,2025-01-19T14:11:40,SMS Sent,0
527,2025-02-14T18:59:05,SMS Delivered,0
442,2025-04-11T21:44:55,Clicked email to unsubscribe,0
1139,2025-01-25T17:21:09,Clicked email link,0
1966,2025-03-08T00:27:54,Opened Email,0
2057,2025-02-19T08:16:22,Active on Site,1
701,2025-03-26T15:28:26,Black Crow Identified,0
2841,2025-03-02T14:31:51,Opened Email,0
1373,2025-04-14T22:23:11,Order Placed,1
2296,2025-03-04T01:33:59,Blotout Viewed Product Xyz,0
1843,2025-02-10T08:52:29,Blotout Viewed Product Xyz,0
314,2025-02-05T14:00:01,Order Placed,1
1551,2025-01-04T12:08:44,SMS Sent,0
2024,2025-02-23T02:34:58,Unsubscribed,0
2307,2025-04-26T03:56:30,Email Open,0
2670,2025-02-14T23:52:41,Viewed Product XYZ   ,0
54,2025-04-28T11:30:40,Clicked email to unsubscribe,0
1060,2025-03-26T22:32:36,Placed Order,1
2197,2025-03-06T21:34:58,Blotout Viewed Product Xyz,0
1738,2025-01-15T13:35:26,Black Crow Identified,0
1984,2025-03-20T14:02:30,Active on Site,0
783,2025-04-10T18:59:03,Clicked email to unsubscribe,1
2813,2025-03-05T15:11:42,Opened Email,0
2922,2025-03-01T08:06:27,SMS Sent,0
32,2025-01-02T23:28:17,Opened Email,0
2778,2025-01-31T00:33:55,Clicked email link,0
17,2025-02-14T13:20:07,Unsubscribed,0
2447,2025-03-27T19:41:28,Octane: Quiz Completed: Find The Perfect Eye Shadow   .,0
474,2025-03-03T05:16:06,Viewed Product.,0
2100,2025-02-10T15:55:22,SMS Delivered,0
934,2025-01-25T00:49:58,Order Placed,1
1264,2025-01-20T14:37:20,Octane: Quiz Completed: Find The Perfect Eye Shadow   .,0
2243,2025-01-21T23:38:01,Placed Order,1
1773,2025-04-30T19:14:53,Unsubscribed,0
543,2025-02-18T12:49:45,Clicked email to unsubscribe,0
1634,2025-03-22T18:49:32,SMS Delivered,0
2082,2025-03-21T14:58:21,Clicked email to unsubscribe,0
1939,2025-04-30T11:22:42,SMS Delivered,1
774,2025-04-30T10:34:14,Blotout Viewed Product Xyz,0
1184,2025-02-08T14:51:44,Unsubscribed,0
2745,2025-03-12T10:00:01,Email Open,0
1051,2025-02-23T15:07:44,Black Crow Identified,0
2706,2025-04-04T02:38:58,Blotout Viewed Product Xyz,0
1471,2025-03-06T21:20:26,Viewed Product XYZ   ,0
2517,2025-03-13T20:21:20,Clicked email to unsubscribe,0
2039,2025-03-03T04:25:24,Opened Email,0
901,2025-01-28T01:47:55,Clicked email to unsubscribe,0
1229,2025-02-06T15:36:35,Viewed Product XYZ   ,0
988,2025-02-23T10:56:20,Unsubscribed,0
243,2025-04-23T13:13:38,Clicked email link,0
1218,2025-01-15T13:59:15,SMS Delivered,0
1619,2025-01-05T18:42:13,Viewed Product.,0
1851,2025-02-17T19:31:44,Active on Site,0
1218,2025-02-02T07:39:27,Black Crow Identified,0
1525,2025-03-22T10:54:07,Clicked email to unsubscribe,0
2601,2025-01-11T18:25:00,Active on Site,0
2348,2025-04-09T18:31:32,Order Placed,1
2338,2025-01-02T00:18:57,Viewed Product XYZ   ,0
2218,2025-03-28T02:21:00,Email Open,0
1698,2025-01-30T05:36:09,SMS Sent,0
2307,2025-04-25T21:40:29,Order Placed,1
275,2025-03-14T20:33:49,Email Open,0
1729,2025-04-30T11:37:36,Placed Order,1
2630,2025-01-22T09:52:35,Placed Order,1
1794,2025-04-07T05:44:25,Octane: Quiz Completed: Find The Perfect Eye Shadow   .,0
2906,2025-04-18T02:37:47,Black Crow Identified,0
1387,2025-03-03T09:37:31,Opened Email,0
276,2025-03-12T03:36:20,Email Open,0
216,2025-01-02T16:28:01,Viewed Product.,0
2314,2025-04-27T04:07:07,Blotout Viewed Product Xyz,0
1910,2025-01-12T04:59:56,Email Open,1
2404,2025-02-02T22:44:34,Octane: Quiz Completed: Find The Perfect Eye Shadow   .,0
824,2025-02-04T02:01:15,Viewed Product.,0
588,2025-04-07T10:19:30,Black Crow Identified,0
73,2025-03-20T07:24:26,Octane: Quiz Completed: Find The Perfect Eye Shadow   .,0
1960,2025-03-01T18:38:21,Placed Order,1
2174,2025-01-16T23:35:19,Black Crow Identified,0
809,2025-04-11T08:28:05,Blotout Viewed Product Xyz,0
1812,2025-04-02T02:16:23,Black Crow Identified,0
2486,2025-04-13T04:08:41,Clicked Email,0
2726,2025-02-13T13:25:54,Email Open,0
2309,2025-01-25T01:30:55,Viewed Product XYZ   ,0
2911,2025-01-13T22:30:32,Clicked email link,0
1836,2025-01-24T18:56:42,Clicked Email,0
2966,2025-03-25T19:19:06,Unsubscribed,0
722,2025-01-25T08:23:58,Clicked Email,0
174,2025-03-27T09:10:05,Clicked Email,0
1669,2025-01-20T19:18:03,Clicked Email,0
183,2025-02-12T12:22:07,Clicked email to unsubscribe,0
2401,2025-02-06T20:52:50,Clicked Email,0
1240,2025-03-24T07:12:37,Email Open,0
1510,2025-01-23T23:57:30,Opened Email,0
1241,2025-03-11T11:04:45,Opened Email,0
1694,2025-01-24T18:54:49,Viewed Product.,0
36,2025-04-27T20:24:30,Email Open,0
787,2025-04-04T23:33:20,Order Placed,1
487,2025-02-22T05:26:56,Clicked email to unsubscribe,0
1701,2025-03-24T13:16:31,Viewed Product.,0
804,2025-01-20T03:54:57,Octane: Quiz Completed: Find The Perfect Eye Shadow   .,0
2999,2025-03-23T11:58:08,Clicked Email,0
883,2025-03-04T05:41:11,Order Placed,1
812,2025-02-27T14:59:50,Placed Order,1
2846,2025-02-08T00:59:45,Clicked Email,0
699,2025-04-03T19:06:44,SMS Sent,0
374,2025-03-16T12:33:43,Octane: Quiz Completed: Find The Perfect Eye Shadow   .,0
293,2025-01-31T09:27:41,Active on Site,0
157,2025-01-23T11:56:27,Active on Site,1
2029,2025-03-02T16:16:22,Clicked email link,1
1620,2025-03-12T18:47:08,Clicked email link,0
680,2025-03-04T21:44:16,Black Crow Identified,0
1871,2025-02-24T22:34:25,Placed Order,1
738,2025-02-27T16:43:10,Viewed Product XYZ   ,0
382,2025-01-01T11:46:41,Blotout Viewed Product Xyz,0
2242,2025-01-16T15:00:10,Clicked Email,0
305,2025-02-19T18:40:12,Black Crow Identified,0
1533,2025-02-13T16:32:02,Order Placed,1
446,2025-02-15T03:11:29,Clicked email link,1
678,2025-02-19T15:10:47,SMS Delivered,1
2113,2025-04-06T01:54:28,Unsubscribed,0
1593,2025-04-26T21:18:28,Placed Order,1
2282,2025-01-06T09:12:07,Viewed Product XYZ   ,0
1968,2025-02-21T22:51:49,Viewed Product XYZ   ,0
2396,2025-01-22T09:25:31,Order Placed,1
234,2025-01-08T01:52:49,Order Placed,1
283,2025-03-28T00:38:41,Placed Order,1
2654,2025-04-07T00:28:05,Order Placed,1
376,2025-03-20T03:11:49,SMS Delivered,0
2446,2025-04-28T22:19:50,Blotout Viewed Product Xyz,0
1303,2025-01-06T12:11:54,Blotout Viewed Product Xyz,0
2533,2025-02-22T07:59:28,Clicked email link,0
1058,2025-02-26T22:32:15,Placed Order,1
622,2025-04-21T13:33:45,SMS Delivered,0
2441,2025-04-08T21:11:06,Clicked email link,0
2115,2025-03-21T00:51:01,Active on Site,0
1559,2025-03-31T08:40:54,Black Crow Identified,0
985,2025-02-21T12:54:34,Clicked email link,1
2869,2025-04-13T16:05:03,Viewed Product.,0
580,2025-01-08T03:57:04,Clicked email link,0
2332,2025-04-11T01:47:08,Email Open,0
1999,2025-02-17T19:25:34,Octane: Quiz Completed: Find The Perfect Eye Shadow   .,0
1077,2025-01-18T13:47:35,Clicked Email,0
12,2025-02-03T14:53:17,Clicked Email,0
2427,2025-01-28T11:06:28,Octane: Quiz Completed: Find The Perfect Eye Shadow   .,0
1358,2025-01-05T12:56:08,Opened Email,0
305,2025-03-23T15:13:22,Opened Email,0
158,2025-02-24T00:04:17,Clicked email link,0
589,2025-02-18T06:36:12,Black Crow Identified,0
1909,2025-03-15T12:25:26,Blotout Viewed Product Xyz,0
1060,2025-02-14T07:29:32,Viewed Product XYZ   ,0
1746,2025-04-29T15:57:41,Clicked email to unsubscribe,0
1108,2025-01-04T01:25:03,Viewed Product XYZ   ,1
545,2025-03-10T10:04:19,Blotout Viewed Product Xyz,0
157,2025-04-30T21:48:24,Blotout Viewed Product Xyz,0
1953,2025-03-13T07:23:52,SMS Delivered,0
894,2025-01-10T09:34:15,Clicked email link,0
844,2025-01-03T21:21:15,Clicked Email,0
498,2025-04-12T10:33:26,Clicked Email,0
2138,2025-03-13T08:49:00,Clicked email to unsubscribe,0
2374,2025-03-15T07:13:53,Opened Email,0
1179,2025-03-07T03:28:18,Blotout Viewed Product Xyz,0
62,2025-03-27T20:27:18,Opened Email,0
2793,2025-01-15T10:15:04,Viewed Product XYZ   ,0
2133,2025-04-15T21:53:01,Clicked Email,0
909,2025-01-24T05:59:10,Clicked Email,0
854,2025-03-25T16:08:05,SMS Sent,0
1175,2025-04-09T15:19:10,Placed Order,1
2296,2025-04-23T22:53:27,Clicked email to unsubscribe,0
1264,2025-01-01T05:22:03,Black Crow Identified,0
2565,2025-01-22T22:59:36,Viewed Product.,0
2358,2025-03-02T23:36:54,Blotout Viewed Product Xyz,0
1766,2025-01-18T05:15:32,Order Placed,1
448,2025-02-26T01:55:26,Active on Site,0
1003,2025-03-30T08:26:15,Viewed Product XYZ   ,0
1119,2025-01-31T22:24:50,Blotout Viewed Product Xyz,0
1115,2025-02-16T02:31:27,Viewed Product.,0
2424,2025-03-08T06:12:13,Order Placed,1
710,2025-04-05T02:04:46,Octane: Quiz Completed: Find The Perfect Eye Shadow   .,0
1073,2025-04-22T04:09:27,Black Crow Identified,0
951,2025-01-14T20:43:53,Viewed Product XYZ   ,0
545,2025-01-21T09:07:44,Placed Order,1
2561,2025-01-11T21:02:00,Clicked email to unsubscribe,0
2338,2025-02-23T07:45:00,Clicked email to unsubscribe,0
2548,2025-01-05T17:38:41,Clicked Email,0
1914,2025-01-17T02:33:21,Opened Email,0
815,2025-02-28T06:10:31,Viewed Product XYZ   ,0
2866,2025-03-05T08:53:33,Blotout Viewed Product Xyz,0
2862,2025-03-30T09:44:27,SMS Sent,0
2904,2025-01-05T22:26:20,Clicked Email,0
412,2025-01-16T21:29:03,Octane: Quiz Completed: Find The Perfect Eye Shadow   .,0
419,2025-02-21T17:25:06,Octane: Quiz Completed: Find The Perfect Eye Shadow   .,0
2897,2025-03-03T05:24:46,Clicked Email,0
56,2025-02-01T07:56:16,Clicked email link,0
524,2025-01-15T18:45:22,SMS Sent,1
1624,2025-03-12T02:43:04,Email Open,0
811,2025-04-09T04:26:08,Black Crow Identified,0
679,2025-03-12T20:19:03,Viewed Product.,0
981,2025-03-10T07:04:15,SMS Delivered,0
987,2025-04-03T15:48:59,Clicked email link,0
1279,2025-04-16T21:23:50,Unsubscribed,0
1409,2025-01-28T07:52:22,SMS Delivered,0
726,2025-04-15T13:33:58,Blotout Viewed Product Xyz,0
2961,2025-01-29T12:55:58,Viewed Product.,0
1449,2025-02-22T17:35:18,Placed Order,1
1926,2025-02-10T03:35:05,Clicked Email,0
53,2025-01-08T02:56:46,Order Placed,1
2689,2025-01-23T18:19:59,Email Open,0
196,2025-04-21T01:06:08,SMS Delivered,0
2869,2025-03-04T10:52:11,Placed Order,1
2793,2025-04-23T04:41:29,Black Crow Identified,0
729,2025-01-12T00:45:19,Unsubscribed,0
941,2025-04-11T14:54:20,SMS Sent,0
1556,2025-03-23T10:26:43,Black Crow Identified,0
2348,2025-01-11T03:50:39,Unsubscribed,0
1105,2025-03-03T23:42:34,Viewed Product.,0
1451,2025-02-18T07:14:59,Opened Email,0
1971,2025-01-18T05:56:54,Order Placed,1
2114,2025-02-07T16:59:56,Opened Email,0
2902,2025-03-20T05:20:08,Active on Site,0
1276,2025-03-03T06:12:10,Octane: Quiz Completed: Find The Perfect Eye Shadow   .,0
475,2025-04-14T10:24:08,Email Open,0
2520,2025-01-25T07:27:01,Opened Email,0
2759,2025-03-14T15:25:37,SMS Delivered,0
938,2025-01-21T17:06:26,Viewed Product.,0
1595,2025-04-27T09:28:57,Unsubscribed,0
2052,2025-01-11T18:37:49,Blotout Viewed Product Xyz,0
720,2025-04-28T17:51:13,Octane: Quiz Completed: Find The Perfect Eye Shadow   .,0
2568,2025-03-10T00:36:59,Placed Order,1
1084,2025-01-23T00:33:56,Black Crow Identified,0
2503,2025-03-08T00:59:32,Order Placed,1
2667,2025-03-13T09:12:45,Clicked email link,0
1498,2025-04-07T13:33:57,Clicked email to unsubscribe,1
507,2025-03-25T17:09:08,Unsubscribed,0
1060,2025-03-17T08:48:56,Viewed Product.,0
901,2025-01-18T05:48:35,Viewed Product XYZ   ,0
930,2025-03-17T05:37:48,SMS Sent,0
1083,2025-04-28T08:53:10,Clicked Email,0
905,2025-03-22T17:42:51,Active on Site,0
672,2025-02-27T22:33:45,Opened Email,0
1008,2025-01-11T15:45:40,Opened Email,0
1291,2025-01-25T23:20:07,Opened Email,0
461,2025-01-11T22:13:02,Unsubscribed,0
404,2025-03-12T12:58:01,Black Crow Identified,0
192,2025-03-02T05:39:40,SMS Delivered,0
1053,2025-04-28T17:41:35,SMS Delivered,0
761,2025-01-16T09:22:02,Black Crow Identified,0
1202,2025-01-29T06:56:30,Viewed Product XYZ   ,0
1242,2025-01-23T11:36:23,Opened Email,0
1573,2025-03-15T21:13:28,SMS Delivered,0
1190,2025-04-14T01:53:53,SMS Delivered,0
904,2025-03-12T22:24:32,Clicked Email,0
2235,2025-01-28T23:28:07,Placed Order,1
2751,2025-01-14T11:17:37,Viewed Product XYZ   ,0
2567,2025-03-24T19:47:35,Octane: Quiz Completed: Find The Perfect Eye Shadow   .,0
2939,2025-01-19T23:49:36,Order Placed,1
2946,2025-03-24T13:46:35,Active on Site,1
2153,2025-01-30T15:54:56,Black Crow Identified,0
1702,2025-04-12T11:33:47,Black Crow Identified,0
1085,2025-02-18T09:33:08,SMS Delivered,0
915,2025-04-20T01:24:02,Viewed Product XYZ   ,0
1511,2025-02-08T05:36:54,Clicked email link,0
206,2025-03-26T09:04:29,Active on Site,0
2615,2025-02-23T19:32:32,Order Placed,1
2395,2025-01-08T03:33:02,Email Open,0
1115,2025-02-01T00:14:15,Placed Order,1
1593,2025-03-02T07:20:36,Active on Site,0
2670,2025-04-23T14:20:42,Octane: Quiz Completed: Find The Perfect Eye Shadow   .,0
2675,2025-01-29T10:34:16,Black Crow Identified,0
1308,2025-02-17T07:23:04,Clicked Email,0
1126,2025-03-30T21:50:21,Blotout Viewed Product Xyz,0
911,2025-04-07T12:56:31,Blotout Viewed Product Xyz,0
1577,2025-03-12T15:33:55,Clicked email to unsubscribe,0
1516,2025-03-07T20:23:06,Email Open,1
585,2025-04-18T22:45:49,Clicked email to unsubscribe,0
826,2025-02-04T14:09:01,Order Placed,1
947,2025-03-26T14:50:46,Viewed Product.,0
1878,2025-03-06T05:11:31,Clicked email to unsubscribe,0
2814,2025-02-03T08:04:50,Email Open,0
1115,2025-04-06T04:10:50,Viewed Product XYZ   ,0
583,2025-04-09T05:30:37,Order Placed,1
653,2025-04-12T22:35:06,Opened Email,0
2538,2025-04-02T22:46:34,Clicked email link,0
1166,2025-04-22T00:18:36,SMS Delivered,0
626,2025-01-29T22:34:32,Clicked Email,0
998,2025-01-30T16:36:05,Order Placed,1
24,2025-02-10T22:03:04,Viewed Product XYZ   ,0
726,2025-04-26T19:07:04,Clicked Email,0
2389,2025-04-06T02:49:52,Order Placed,1
2257,2025-03-15T19:12:08,Opened Email,0
1114,2025-02-24T07:10:36,Clicked email to unsubscribe,1
2353,2025-04-14T04:01:02,Clicked email link,0
1620,2025-03-23T20:47:39,Viewed Product.,0
2730,2025-03-10T20:29:18,Active on Site,0
2964,2025-03-24T01:50:58,Octane: Quiz Completed: Find The Perfect Eye Shadow   .,0
1919,2025-01-06T01:28:36,Black Crow Identified,0
377,2025-04-03T12:24:49,Order Placed,1
555,2025-04-09T03:02:38,Clicked email to unsubscribe,0
510,2025-04-18T00:07:56,SMS Sent,0
1562,2025-04-18T22:13:17,Active on Site,0
1025,2025-02-25T09:15:29,Unsubscribed,0
673,2025-03-13T06:11:59,Clicked email to unsubscribe,0
2963,2025-03-29T14:24:12,SMS Sent,0
775,2025-03-09T09:39:47,SMS Delivered,0
835,2025-03-03T20:02:30,SMS Delivered,0
805,2025-01-11T08:01:20,Blotout Viewed Product Xyz,0
1713,2025-01-25T02:48:44,SMS Delivered,0
641,2025-04-19T08:12:38,Viewed Product.,0
672,2025-02-28T16:09:24,Active on Site,0
613,2025-01-13T10:05:28,Opened Email,0
1148,2025-01-25T06:40:55,Unsubscribed,0
2465,2025-01-30T13:18:58,Octane: Quiz Completed: Find The Perfect Eye Shadow   .,1
1299,2025-02-27T10:22:22,Clicked email to unsubscribe,0
1560,2025-03-16T21:53:55,SMS Sent,0
151,2025-02-07T07:54:10,Email Open,0
152,2025-01-24T02:11:15,Placed Order,1
1353,2025-04-19T08:30:51,Octane: Quiz Completed: Find The Perfect Eye Shadow   .,0
2875,2025-02-26T04:07:39,Black Crow Identified,0
520,2025-03-23T16:08:03,Blotout Viewed Product Xyz,0
715,2025-02-05T04:50:24,Placed Order,1
1474,2025-02-16T03:15:00,Black Crow Identified,0
2687,2025-01-08T22:26:27,Order Placed,1
1704,2025-02-15T16:51:30,SMS Delivered,0
1827,2025-01-01T02:21:17,Email Open,1
991,2025-04-14T20:18:24,Clicked Email,0
167,2025-04-25T11:01:27,Order Placed,1
1365,2025-04-24T07:59:54,Clicked Email,0
480,2025-02-13T06:24:19,Clicked Email,0
450,2025-04-26T18:46:15,Active on Site,0
2848,2025-02-10T22:36:37,SMS Sent,0
1397,2025-01-07T15:56:09,Blotout Viewed Product Xyz,0
2067,2025-04-15T18:01:20,Viewed Product XYZ   ,0
2975,2025-02-22T04:43:41,Black Crow Identified,0
637,2025-03-10T19:23:15,Viewed Product XYZ   ,0
2214,2025-04-28T06:35:28,Blotout Viewed Product Xyz,0
313,2025-03-08T08:06:31,SMS Sent,0
2864,2025-04-16T01:27:37,SMS Delivered,0
1781,2025-02-25T04:10:39,Clicked Email,0
856,2025-02-15T01:29:44,Clicked email link,0
152,2025-04-21T20:53:51,Blotout Viewed Product Xyz,0
1589,2025-02-10T02:54:48,SMS Delivered,0
1766,2025-03-08T02:56:29,Viewed Product XYZ   ,0
2039,2025-02-09T12:01:16,Clicked Email,0
179,2025-04-07T05:42:22,Clicked Email,0
2373,2025-02-02T01:20:15,Email Open,0
2500,2025-01-28T09:52:59,SMS Delivered,0
1770,2025-04-29T00:11:18,Viewed Product.,0
1110,2025-02-23T10:31:12,Order Placed,1
317,2025-02-09T02:42:55,Active on Site,0
1339,2025-01-27T14:51:39,Viewed Product XYZ   ,0
2899,2025-03-13T23:51:34,Placed Order,1
930,2025-01-31T00:15:06,Placed Order,1
2126,2025-02-11T21:24:08,SMS Delivered,0
951,2025-04-09T02:02:03,Email Open,0
1656,2025-03-21T03:10:06,Black Crow Identified,0
1803,2025-04-17T09:29:27,Clicked Email,0
85,2025-02-15T05:24:00,Octane: Quiz Completed: Find The Perfect Eye Shadow   .,0
2485,2025-03-28T19:14:06,Order Placed,1
2895,2025-01-03T23:51:13,Viewed Product XYZ   ,0
2853,2025-03-09T22:46:40,Clicked Email,0
1911,2025-01-18T18:54:53,Viewed Product XYZ   ,0
1864,2025-03-13T04:23:00,SMS Delivered,0
383,2025-01-30T02:53:25,Order Placed,1
2211,2025-01-08T17:27:03,Email Open,0
1364,2025-03-19T18:25:00,SMS Sent,0
150,2025-02-17T13:40:01,Viewed Product.,0
1265,2025-04-12T18:58:35,Placed Order,1
1459,2025-03-08T08:16:05,Blotout Viewed Product Xyz,0
99,2025-01-27T00:31:12,Octane: Quiz Completed: Find The Perfect Eye Shadow   .,0
2726,2025-02-11T06:41:29,Viewed Product XYZ   ,0
2588,2025-04-03T12:05:33,Order Placed,1
607,2025-01-08T16:52:50,Clicked Email,0
1640,2025-03-31T15:53:53,Placed Order,1
843,2025-02-09T15:21:14,Placed Order,1
218,2025-02-12T14:57:13,Opened Email,0
2917,2025-01-26T09:10:23,Blotout Viewed Product Xyz,0
136,2025-03-20T04:32:41,Viewed Product XYZ   ,0
2441,2025-04-27T05:25:53,Opened Email,0
1299,2025-03-13T15:48:14,Black Crow Identified,0
1896,2025-01-22T14:52:25,Opened Email,0
896,2025-04-13T04:16:52,Black Crow Identified,0
583,2025-04-14T23:30:09,Clicked email link,0
840,2025-01-21T08:21:15,Clicked email to unsubscribe,0
58,2025-04-27T22:18:15,Clicked Email,0
1087,2025-03-26T00:17:55,Opened Email,0
785,2025-02-12T23:49:02,SMS Delivered,0
1924,2025-04-27T00:35:57,Active on Site,0
1389,2025-04-14T04:29:15,Active on Site,0
2876,2025-02-18T03:00:15,Viewed Product XYZ   ,0
1369,2025-01-26T00:59:22,Clicked email to unsubscribe,0
2489,2025-01-21T13:37:40,Octane: Quiz Completed: Find The Perfect Eye Shadow   .,0
2486,2025-01-08T18:03:05,Placed Order,1
2132,2025-02-05T13:02:19,Clicked email link,0
1992,2025-01-09T03:19:14,SMS Sent,1
2657,2025-03-06T18:48:18,SMS Sent,0
1436,2025-02-15T06:07:42,Black Crow Identified,0
1502,2025-03-20T04:44:11,Placed Order,1
1546,2025-03-27T15:27:09,Black Crow Identified,0
238,2025-01-23T06:34:05,Clicked email to unsubscribe,0
1313,2025-02-05T23:53:55,Unsubscribed,0
356,2025-01-25T21:23:32,Opened Email,0
1917,2025-03-04T09:28:00,Clicked Email,0
2127,2025-04-14T12:36:59,Clicked email link,0
2145,2025-02-27T07:41:43,Email Open,1
362,2025-01-09T01:57:07,Viewed Product XYZ   ,0
1465,2025-03-29T05:34:25,Viewed Product.,0
2246,2025-02-05T08:45:22,Placed Order,1
1698,2025-03-28T14:38:52,Active on Site,0
1160,2025-03-05T08:59:44,SMS Delivered,0
1152,2025-03-28T01:53:04,Order Placed,1
1806,2025-04-18T23:33:16,SMS Sent,0
1483,2025-04-15T15:59:27,Viewed Product XYZ   ,0
2930,2025-02-20T06:48:43,Opened Email,0
1823,2025-03-02T10:26:57,Placed Order,1
1116,2025-03-22T11:39:18,Blotout Viewed Product Xyz,0
1501,2025-04-15T18:29:27,Email Open,1
2086,2025-03-01T23:45:29,Email Open,1
505,2025-04-20T05:04:56,SMS Delivered,0
2398,2025-04-30T19:33:32,Email Open,0
2217,2025-01-09T11:35:37,Unsubscribed,0
359,2025-03-05T20:04:15,Email Open,1
2829,2025-04-05T04:41:35,Blotout Viewed Product Xyz,0
1139,2025-04-29T03:32:54,Blotout Viewed Product Xyz,1
2354,2025-04-29T01:34:15,Viewed Product XYZ   ,0
2642,2025-04-21T10:44:19,Blotout Viewed Product Xyz,0
2325,2025-01-26T01:36:59,Active on Site,0
527,2025-03-25T04:59:21,Clicked Email,0
2901,2025-02-24T20:28:19,Active on Site,0
17,2025-03-19T13:12:50,Opened Email,0
2028,2025-02-19T00:49:43,Opened Email,0
2029,2025-01-17T23:07:49,Unsubscribed,0
297,2025-03-25T04:51:58,Unsubscribed,0
2424,2025-04-04T17:34:42,Clicked Email,0
11,2025-02-17T18:22:21,Order Placed,1
1154,2025-03-01T13:29:07,SMS Delivered,0
714,2025-02-08T04:12:46,Active on Site,0
605,2025-03-05T16:31:48,Blotout Viewed Product Xyz,0
1813,2025-02-03T22:24:17,Black Crow Identified,0
2268,2025-01-11T21:04:03,Black Crow Identified,0
2329,2025-01-17T17:43:58,Black Crow Identified,0
2324,2025-01-22T21:03:25,SMS Delivered,0
2896,2025-04-12T22:24:02,Opened Email,1
1057,2025-02-02T09:54:22,Active on Site,0
2398,2025-02-13T10:29:11,Unsubscribed,0
1427,2025-04-13T03:12:08,Black Crow Identified,0
2065,2025-02-15T16:46:22,Unsubscribed,0
448,2025-04-25T05:00:36,Viewed Product XYZ   ,0
677,2025-04-08T22:52:00,Order Placed,1
1271,2025-03-03T23:27:43,Black Crow Identified,0
1991,2025-03-23T09:04:52,SMS Sent,0
308,2025-02-08T15:39:05,Order Placed,1
2245,2025-04-07T00:19:55,Viewed Product.,0
838,2025-04-12T15:43:30,Clicked Email,0
1205,2025-04-19T18:31:14,Unsubscribed,0
1152,2025-02-10T01:03:40,Opened Email,0
528,2025-04-26T19:39:40,Clicked email to unsubscribe,0
1880,2025-02-03T06:23:36,Black Crow Identified,0
62,2025-01-06T09:38:53,SMS Sent,0
1237,2025-03-15T09:29:49,Clicked email link,0
523,2025-01-23T15:12:14,Order Placed,1
2879,2025-02-15T13:15:43,SMS Delivered,0
1798,2025-01-16T22:38:14,Octane: Quiz Completed: Find The Perfect Eye Shadow   .,0
423,2025-04-20T13:14:06,Black Crow Identified,0
2771,2025-03-28T10:15:18,Placed Order,1
1951,2025-04-22T17:46:23,Black Crow Identified,0
1978,2025-01-16T15:59:46,Octane: Quiz Completed: Find The Perfect Eye Shadow   .,0
437,2025-04-28T23:59:54,Active on Site,0
2609,2025-03-06T13:14:55,Active on Site,0
1785,2025-04-06T11:35:58,Active on Site,0
2604,2025-04-01T11:29:36,Clicked email link,0
2783,2025-04-29T18:55:38,Clicked email link,0
326,2025-03-31T10:47:31,Viewed Product XYZ   ,0
1451,2025-04-20T16:06:59,Black Crow Identified,0
1869,2025-02-14T10:20:31,Octane: Quiz Completed: Find The Perfect Eye Shadow   .,0
847,2025-03-23T19:38:25,Black Crow Identified,0
1795,2025-03-13T22:02:37,Placed Order,1
2813,2025-03-17T08:16:42,Order Placed,1
2724,2025-01-03T09:49:47,SMS Sent,0
106,2025-01-08T15:39:06,Opened Email,0
251,2025-04-23T00:18:27,Black Crow Identified,0
1258,2025-02-21T04:54:15,Order Placed,1
598,2025-03-26T22:45:27,Opened Email,0
194,2025-04-19T00:20:05,Blotout Viewed Product Xyz,0
2553,2025-03-30T22:13:17,Clicked Email,0
1717,2025-02-27T12:54:47,Viewed Product.,0
521,2025-04-14T00:58:05,Black Crow Identified,0
297,2025-01-18T18:46:17,Blotout Viewed Product Xyz,0
1986,2025-03-08T10:31:21,SMS Sent,0
1012,2025-03-23T01:13:40,Opened Email,0
2388,2025-01-03T09:26:28,Viewed Product XYZ   ,0
2002,2025-04-17T15:28:45,Active on Site,0
1821,2025-04-11T16:30:42,Opened Email,0
2193,2025-04-28T01:17:55,Blotout Viewed Product Xyz,0
237,2025-01-28T22:18:41,Viewed Product XYZ   ,0
1016,2025-03-08T18:46:02,SMS Sent,0
3000,2025-04-10T23:20:31,Clicked Email,0
1563,2025-03-05T06:40:29,Active on Site,0
951,2025-01-03T05:33:41,Placed Order,1
1698,2025-01-14T06:05:56,Email Open,0
253,2025-01-16T06:50:42,SMS Sent,0
1349,2025-01-02T18:00:05,SMS Sent,0
328,2025-03-18T22:05:54,SMS Sent,0
2864,2025-04-11T16:59:12,SMS Sent,0
1647,2025-01-07T01:13:05,Viewed Product.,0
59,2025-03-10T11:36:10,Active on Site,0
2315,2025-02-16T08:28:15,Order Placed,1
437,2025-03-24T15:10:55,Clicked Email,0
2484,2025-04-18T22:05:38,Opened Email,0
1666,2025-02-14T12:27:56,Blotout Viewed Product Xyz,0
655,2025-02-08T21:29:15,Blotout Viewed Product Xyz,0
2010,2025-04-18T16:49:03,Octane: Quiz Completed: Find The Perfect Eye Shadow   .,0
627,2025-03-16T15:45:34,Email Open,0
2012,2025-01-06T09:27:26,Clicked email to unsubscribe,0
1761,2025-04-03T15:59:47,Viewed Product.,0
2351,2025-02-08T08:30:22,Email Open,0
982,2025-02-27T03:29:30,Placed Order,1
1796,2025-04-23T18:08:13,Blotout Viewed Product Xyz,0
2107,2025-03-14T18:05:43,Placed Order,1
866,2025-03-12T04:44:35,Blotout Viewed Product Xyz,0
2805,2025-04-10T22:53:16,Email Open,1
2783,2025-02-26T16:02:10,Viewed Product XYZ   ,0
686,2025-01-21T12:07:14,Opened Email,1
2402,2025-04-14T04:01:07,Order Placed,1
1661,2025-02-14T18:59:40,Clicked email to unsubscribe,0
2454,2025-02-08T11:51:31,Unsubscribed,0
1731,2025-04-20T18:48:40,SMS Sent,0
2156,2025-02-16T14:15:10,Order Placed,1
1220,2025-04-16T14:09:56,Viewed Product XYZ   ,1
900,2025-04-10T10:14:38,Viewed Product XYZ   ,0
907,2025-02-02T17:32:55,Viewed Product XYZ   ,0
2561,2025-03-13T11:03:53,Opened Email,0
2114,2025-03-04T14:58:22,Black Crow Identified,0
296,2025-04-19T09:27:48,SMS Delivered,0
2503,2025-03-09T15:56:24,Blotout Viewed Product Xyz,0
392,2025-01-05T23:26:28,Placed Order,1
1050,2025-03-08T17:53:58,Viewed Product.,0
1607,2025-02-14T17:13:55,Black Crow Identified,0
554,2025-03-21T03:17:35,Clicked email to unsubscribe,0
340,2025-02-01T12:02:36,Unsubscribed,0
2207,2025-04-03T02:07:09,Opened Email,0
354,2025-02-14T14:28:09,Order Placed,1
501,2025-02-14T15:08:32,Order Placed,1
376,2025-01-27T13:26:07,Active on Site,0
1194,2025-03-24T05:41:43,Viewed Product.,0
2603,2025-04-05T03:18:26,Clicked email link,0
484,2025-01-31T19:56:33,Placed Order,1
744,2025-04-16T22:15:19,Clicked email link,0
404,2025-03-23T21:48:30,SMS Sent,0
1677,2025-01-27T06:46:12,Placed Order,1
2604,2025-01-20T04:41:40,SMS Delivered,0
606,2025-04-11T06:56:56,Placed Order,1
222,2025-04-06T23:11:57,Placed Order,1
1474,2025-03-31T18:27:05,Clicked Email,0
1304,2025-02-02T16:31:50,Email Open,0
1868,2025-02-19T18:55:06,Blotout Viewed Product Xyz,0
2009,2025-02-17T01:18:51,Black Crow Identified,0
2850,2025-03-30T22:54:31,Unsubscribed,0
164,2025-03-11T10:42:28,Clicked Email,0
773,2025-01-06T21:08:06,SMS Delivered,0
2124,2025-04-14T14:10:33,Viewed Product.,0
2851,2025-02-06T23:54:35,Placed Order,1
970,2025-01-07T10:06:34,Clicked Email,0
2145,2025-03-28T04:41:28,Blotout Viewed Product Xyz,0
2273,2025-02-13T06:21:13,Octane: Quiz Completed: Find The Perfect Eye Shadow   .,0
57,2025-01-29T02:54:11,Viewed Product.,0
1676,2025-02-11T09:14:37,SMS Delivered,0
1902,2025-04-10T07:04:58,Email Open,0
492,2025-04-29T22:20:40,Opened Email,0
387,2025-02-09T22:42:21,Opened Email,0
2562,2025-03-15T04:16:25,Blotout Viewed Product Xyz,0
2556,2025-03-30T13:37:50,Clicked Email,0
756,2025-03-23T05:00:51,Viewed Product XYZ   ,0
650,2025-03-21T06:40:52,Order Placed,1
505,2025-01-12T17:58:22,Clicked email to unsubscribe,0
2136,2025-01-12T13:52:40,Unsubscribed,0
2028,2025-03-12T02:00:26,Placed Order,1
2627,2025-01-31T10:57:31,Clicked email to unsubscribe,0
1080,2025-04-25T02:46:00,Octane: Quiz Completed: Find The Perfect Eye Shadow   .,0
285,2025-03-11T15:24:35,SMS Sent,1
921,2025-01-09T04:36:18,Viewed Product XYZ   ,0
1813,2025-04-27T10:53:05,Clicked Email,0
2775,2025-03-14T15:29:40,Blotout Viewed Product Xyz,0
2836,2025-01-03T05:57:43,SMS Sent,1
2900,2025-02-19T15:51:16,SMS Sent,0
1628,2025-03-18T01:14:11,Viewed Product.,0
1057,2025-03-17T05:38:44,Unsubscribed,0
1315,2025-02-04T19:40:11,Black Crow Identified,0
591,2025-03-06T06:09:31,Black Crow Identified,0
2228,2025-02-09T14:19:19,Clicked Email,0
745,2025-03-14T20:57:25,Viewed Product XYZ   ,0
1037,2025-04-09T12:47:17,Placed Order,1
965,2025-01-08T09:06:05,Black Crow Identified,0
2937,2025-01-29T00:28:45,Order Placed,1
2118,2025-02-11T15:53:42,SMS Delivered,0
876,2025-01-17T08:58:57,Clicked Email,1
2718,2025-04-20T20:38:15,Octane: Quiz Completed: Find The Perfect Eye Shadow   .,0
2394,2025-02-09T19:40:07,Viewed Product.,1
738,2025-04-02T14:11:53,Placed Order,1
1351,2025-03-11T02:54:44,Viewed Product XYZ   ,0
2717,2025-03-27T23:11:58,Octane: Quiz Completed: Find The Perfect Eye Shadow   .,0
537,2025-03-13T10:19:59,Active on Site,0
474,2025-03-25T23:57:30,Active on Site,0
1585,2025-02-13T02:27:11,Viewed Product XYZ   ,0
544,2025-03-09T10:05:20,Active on Site,0
2999,2025-01-16T23:34:24,Active on Site,0
2074,2025-03-24T02:00:29,Order Placed,1
2016,2025-01-18T08:37:24,Opened Email,0
2513,2025-03-11T18:58:49,SMS Delivered,0
738,2025-01-03T04:46:28,Clicked Email,0
967,2025-02-23T01:20:26,Clicked email link,0
2755,2025-02-20T18:10:48,Placed Order,1
2987,2025-03-20T08:33:30,Viewed Product XYZ   ,0
973,2025-02-04T06:15:23,Clicked email to unsubscribe,0
1215,2025-02-14T13:58:15,Viewed Product XYZ   ,0
1612,2025-02-14T22:08:21,Order Placed,1
2311,2025-03-03T12:41:11,Clicked email link,0
2117,2025-04-04T18:18:40,Viewed Product XYZ   ,0
2756,2025-04-16T20:52:31,Clicked email to unsubscribe,0
601,2025-04-27T19:11:25,Blotout Viewed Product Xyz,0
1527,2025-04-02T09:03:05,Order Placed,1
313,2025-03-14T05:28:54,Email Open,0
960,2025-04-04T22:12:05,Viewed Product.,0
954,2025-03-10T10:18:29,SMS Sent,0
297,2025-01-10T04:23:25,SMS Sent,0
1230,2025-04-04T16:36:53,Opened Email,0
461,2025-04-09T15:01:28,Clicked email link,0
1112,2025-01-07T10:48:02,Viewed Product.,0
2271,2025-03-27T12:02:16,Unsubscribed,0
1299,2025-01-22T19:10:54,Email Open,0
1103,2025-02-26T07:23:43,Black Crow Identified,0
2019,2025-03-24T04:51:09,Viewed Product.,1
2239,2025-02-05T21:31:31,Clicked email link,0
2929,2025-03-22T11:31:19,Opened Email,0
1326,2025-02-09T07:18:40,Active on Site,0
2306,2025-03-25T22:46:09,Opened Email,0
1763,2025-02-11T18:38:30,Black Crow Identified,0
1891,2025-04-06T11:31:53,Active on Site,0
402,2025-04-01T05:57:42,SMS Delivered,0
2742,2025-04-09T13:08:07,Clicked email to unsubscribe,0
2004,2025-01-03T21:36:53,Black Crow Identified,0
1518,2025-04-03T03:54:03,Placed Order,1
2133,2025-01-11T18:11:27,Opened Email,0
2137,2025-02-02T20:36:19,SMS Sent,0
288,2025-03-23T11:00:58,Clicked Email,0
2611,2025-02-26T04:19:08,Order Placed,1
264,2025-03-06T05:14:44,Black Crow Identified,0
1831,2025-03-02T18:38:16,Black Crow Identified,1
849,2025-03-24T10:00:17,Blotout Viewed Product Xyz,0
129,2025-04-24T04:11:39,Unsubscribed,0
1050,2025-04-10T11:08:53,Placed Order,1
2506,2025-02-10T11:03:55,Viewed Product.,0
2819,2025-01-17T00:21:40,Clicked Email,0
2598,2025-02-14T19:15:51,Active on Site,0
2107,2025-01-15T18:09:27,Placed Order,1
539,2025-04-20T22:44:50,Viewed Product XYZ   ,0
2135,2025-02-01T11:20:22,Viewed Product XYZ   ,0
2783,2025-03-15T16:46:34,Clicked Email,0
2837,2025-03-06T15:34:49,Clicked email link,0
786,2025-03-03T21:53:53,Order Placed,1
821,2025-02-17T09:55:34,Clicked email to unsubscribe,0
1416,2025-02-04T17:26:34,Opened Email,0
1470,2025-01-17T16:52:08,Active on Site,0
1731,2025-01-14T19:05:35,Clicked Email,0
2325,2025-02-17T18:23:32,Clicked Email,0
2260,2025-01-14T05:00:57,Clicked email to unsubscribe,0
2514,2025-02-21T21:18:57,Clicked Email,0
2307,2025-01-10T08:48:59,Black Crow Identified,0
849,2025-04-24T11:54:14,Octane: Quiz Completed: Find The Perfect Eye Shadow   .,0
2944,2025-04-05T20:33:28,Viewed Product.,0
1145,2025-02-26T20:33:36,Black Crow Identified,0
2053,2025-01-21T22:05:10,Placed Order,1
698,2025-04-01T12:13:03,Opened Email,0
1428,2025-02-04T02:13:57,Active on Site,0
551,2025-04-04T13:59:42,Octane: Quiz Completed: Find The Perfect Eye Shadow   .,0
1887,2025-02-16T04:58:01,Blotout Viewed Product Xyz,0
900,2025-02-11T12:51:26,Active on Site,0
1821,2025-03-09T20:46:40,Clicked email link,0
79,2025-02-03T11:59:18,Opened Email,0
863,2025-01-08T21:26:01,Octane: Quiz Completed: Find The Perfect Eye Shadow   .,0
2370,2025-02-22T17:03:17,Clicked email link,0
1907,2025-04-03T22:23:25,SMS Delivered,0
507,2025-03-04T06:53:05,Clicked email link,0
1168,2025-01-11T18:34:12,Viewed Product.,0
550,2025-03-02T12:27:30,Active on Site,0
181,2025-01-26T12:31:04,Order Placed,1
2704,2025-03-16T20:55:40,Viewed Product.,0
697,2025-04-20T04:39:22,Order Placed,1
2802,2025-03-13T20:04:33,Order Placed,1
765,2025-01-10T01:49:16,Opened Email,0
2841,2025-02-15T20:35:43,Active on Site,0
849,2025-03-26T23:55:54,Black Crow Identified,0
405,2025-04-16T05:36:35,Black Crow Identified,0
116,2025-04-11T22:37:26,Blotout Viewed Product Xyz,0
438,2025-04-10T02:13:05,Viewed Product.,0
2468,2025-03-11T00:59:08,Clicked email to unsubscribe,0
1895,2025-01-10T08:31:04,Clicked email to unsubscribe,0
427,2025-03-17T16:53:06,Email Open,0
1259,2025-04-11T16:55:05,Order Placed,1
2904,2025-01-22T07:31:51,SMS Sent,0
1776,2025-02-06T19:03:04,Active on Site,0
2456,2025-04-14T14:17:05,SMS Delivered,0
18,2025-03-11T09:24:34,Email Open,0
926,2025-04-21T19:07:51,Active on Site,0
733,2025-03-14T22:56:43,Viewed Product.,0
2030,2025-04-24T20:29:32,SMS Delivered,0
2875,2025-03-31T21:57:14,Black Crow Identified,0
132,2025-01-30T05:47:30,Viewed Product.,0
415,2025-02-12T05:22:16,SMS Delivered,0
1737,2025-01-06T08:13:45,Viewed Product XYZ   ,0
2832,2025-01-01T18:11:12,SMS Sent,0
2213,2025-01-29T03:26:19,Viewed Product.,0
2104,2025-01-07T10:52:24,Viewed Product XYZ   ,0
2273,2025-03-25T03:37:36,Clicked email link,0
1080,2025-02-03T15:40:28,Email Open,0
2605,2025-01-24T10:00:54,Viewed Product.,0
1997,2025-02-06T23:49:28,Octane: Quiz Completed: Find The Perfect Eye Shadow   .,0
2109,2025-02-02T04:18:28,SMS Sent,0
1307,2025-04-07T15:52:22,Opened Email,1
1415,2025-01-12T19:20:46,SMS Delivered,0
768,2025-03-14T17:37:14,Octane: Quiz Completed: Find The Perfect Eye Shadow   .,0
490,2025-02-02T05:54:06,Clicked email to unsubscribe,0
2705,2025-01-03T18:57:00,Unsubscribed,0
2385,2025-04-17T13:59:50,Blotout Viewed Product Xyz,0
156,2025-02-02T09:46:29,Viewed Product XYZ   ,0
893,2025-01-20T03:57:39,Order Placed,1
347,2025-03-11T19:02:58,Blotout Viewed Product Xyz,0
1509,2025-03-10T13:56:23,Blotout Viewed Product Xyz,0
2667,2025-03-03T00:35:05,Black Crow Identified,1
2171,2025-03-09T10:37:30,Active on Site,0
684,2025-01-20T03:55:22,Viewed Product XYZ   ,0
1856,2025-01-12T16:50:36,Placed Order,1
2620,2025-02-25T16:39:00,Email Open,0
2987,2025-01-02T03:39:54,Clicked email link,0
339,2025-04-11T02:32:04,Order Placed,1
1141,2025-04-20T00:08:25,Viewed Product.,0
889,2025-01-20T17:15:53,Black Crow Identified,0
151,2025-04-22T06:16:33,Clicked Email,0
2176,2025-01-21T19:00:22,SMS Delivered,0
572,2025-03-28T16:34:39,Opened Email,0
334,2025-03-26T16:37:26,Octane: Quiz Completed: Find The Perfect Eye Shadow   .,0
1944,2025-01-09T07:02:30,Order Placed,1
1545,2025-03-25T02:15:03,Black Crow Identified,0
221,2025-04-16T11:08:50,Clicked email link,0
2687,2025-03-06T15:57:06,Unsubscribed,0
878,2025-03-17T10:07:24,Active on Site,0
1386,2025-04-10T15:41:57,Blotout Viewed Product Xyz,0
1834,2025-04-26T16:01:42,Octane: Quiz Completed: Find The Perfect Eye Shadow   .,0
995,2025-01-16T05:07:25,SMS Sent,0
2333,2025-04-23T15:40:34,Viewed Product.,1
1854,2025-01-21T19:51:30,Black Crow Identified,0
1948,2025-03-25T23:11:38,Viewed Product.,0
915,2025-02-26T18:41:49,Unsubscribed,0
983,2025-01-05T00:32:21,Opened Email,0
2471,2025-04-24T16:13:58,Email Open,0
2520,2025-03-11T09:53:41,Email Open,0
1861,2025-03-28T21:31:08,Viewed Product.,0
2795,2025-03-08T10:42:17,SMS Sent,0
1002,2025-02-12T00:20:28,Active on Site,0
2630,2025-01-30T08:45:39,Black Crow Identified,0
1810,2025-04-23T20:10:22,Blotout Viewed Product Xyz,0
2682,2025-02-20T23:17:14,Email Open,0
162,2025-01-25T18:30:29,Viewed Product XYZ   ,1
102,2025-03-18T20:22:01,Clicked email to unsubscribe,0
632,2025-01-06T22:43:36,Order Placed,1
2357,2025-03-20T15:17:27,Blotout Viewed Product Xyz,0
1561,2025-03-24T18:12:53,Order Placed,1
196,2025-03-09T04:22:30,Clicked email link,0
2687,2025-03-02T19:12:01,Order Placed,1
651,2025-01-28T17:28:21,Clicked email to unsubscribe,0
2214,2025-02-13T15:06:05,SMS Delivered,0
2766,2025-03-01T14:16:53,Active on Site,0
1381,2025-03-16T17:44:54,Clicked email link,0
78,2025-01-21T22:21:14,Clicked email link,0
278,2025-01-09T22:06:30,Placed Order,1
2757,2025-04-15T07:19:32,Clicked Email,0
889,2025-04-20T23:02:35,Clicked Email,0
2935,2025-01-15T09:07:06,Opened Email,0
721,2025-04-17T18:41:38,SMS Delivered,0
834,2025-01-31T11:04:06,SMS Delivered,0
725,2025-01-18T23:53:22,Viewed Product.,0
2709,2025-04-18T02:21:17,Opened Email,0
62,2025-03-23T09:31:02,Opened Email,0
317,2025-02-19T18:32:43,Clicked Email,0
1337,2025-03-26T11:46:58,Email Open,0
2234,2025-01-15T03:20:03,Opened Email,0
1117,2025-01-10T10:06:23,Clicked email link,0
1533,2025-04-14T14:37:51,Blotout Viewed Product Xyz,0
518,2025-04-20T21:25:08,Active on Site,0
2007,2025-04-08T01:52:04,SMS Delivered,1
311,2025-01-11T23:25:38,Active on Site,0
378,2025-04-10T10:27:39,Clicked Email,0
1981,2025-03-08T17:14:18,Active on Site,0
2987,2025-04-24T02:12:56,Black Crow Identified,0
1671,2025-04-17T08:27:58,Active on Site,0
1060,2025-02-25T05:21:59,Opened Email,1
2390,2025-01-24T08:05:11,Clicked Email,0
2649,2025-01-06T04:01:53,Viewed Product.,0
2156,2025-02-01T14:34:26,Clicked Email,0
2533,2025-01-21T20:13:54,Octane: Quiz Completed: Find The Perfect Eye Shadow   .,0
2510,2025-01-28T02:38:03,Placed Order,1
2239,2025-02-20T16:52:13,Clicked email link,0
297,2025-04-14T09:09:33,Black Crow Identified,0
1978,2025-01-23T04:40:28,Viewed Product.,0
2818,2025-01-19T12:53:08,Viewed Product.,0
894,2025-03-06T23:37:33,Unsubscribed,0
624,2025-01-26T14:01:08,Black Crow Identified,0
2868,2025-03-26T06:35:49,Order Placed,1
178,2025-02-17T20:34:05,Viewed Product XYZ   ,0
646,2025-04-05T09:12:47,Blotout Viewed Product Xyz,0
377,2025-03-09T20:42:51,Placed Order,1
869,2025-03-03T21:01:08,Viewed Product XYZ   ,0
363,2025-01-06T02:24:53,Active on Site,0
56,2025-03-07T21:21:28,Black Crow Identified,0
1260,2025-03-25T02:03:12,Blotout Viewed Product Xyz,0
1514,2025-02-03T21:56:06,Active on Site,0
2065,2025-01-08T13:47:13,Blotout Viewed Product Xyz,0
86,2025-01-08T07:53:56,Active on Site,0
1253,2025-02-03T17:22:28,Placed Order,1
2883,2025-03-07T01:05:12,Email Open,0
672,2025-04-26T08:37:34,Email Open,0
294,2025-02-05T14:31:30,Black Crow Identified,0
982,2025-04-12T20:57:23,Placed Order,1
1681,2025-02-19T15:43:25,Active on Site,0
2342,2025-03-27T01:31:45,Order Placed,1
8,2025-04-18T23:11:40,Black Crow Identified,0
513,2025-02-28T15:27:10,Email Open,0
2837,2025-03-24T04:42:19,Clicked email link,0
2958,2025-04-21T15:49:13,Email Open,0
1110,2025-01-30T08:09:47,Black Crow Identified,0
2092,2025-03-21T01:21:44,Active on Site,0
130,2025-04-12T19:55:16,Clicked email to unsubscribe,0
2886,2025-03-22T07:23:07,SMS Delivered,0
865,2025-01-03T13:31:08,Blotout Viewed Product Xyz,0
2421,2025-02-11T05:01:57,Opened Email,0
349,2025-03-06T19:47:13,Unsubscribed,1
920,2025-01-22T00:01:05,Active on Site,0
1193,2025-02-04T05:59:00,Unsubscribed,0
57,2025-03-30T01:25:22,Octane: Quiz Completed: Find The Perfect Eye Shadow   .,0
754,2025-03-22T06:25:41,Octane: Quiz Completed: Find The Perfect Eye Shadow   .,0
2859,2025-02-01T01:04:51,Octane: Quiz Completed: Find The Perfect Eye Shadow   .,0
749,2025-01-04T17:44:24,Opened Email,0
1738,2025-03-12T00:49:20,Unsubscribed,0
1469,2025-03-28T01:13:53,Blotout Viewed Product Xyz,0
1107,2025-02-17T06:46:20,Black Crow Identified,0
162,2025-01-20T16:05:42,Black Crow Identified,0
335,2025-01-01T22:57:31,Order Placed,1
1786,2025-01-27T00:02:06,Order Placed,1
2952,2025-01-12T02:27:21,Clicked Email,0
2269,2025-02-03T19:59:09,SMS Delivered,0
946,2025-04-22T15:30:49,Blotout Viewed Product Xyz,0
1963,2025-04-22T19:08:56,Clicked Email,0
1547,2025-04-15T15:49:53,Blotout Viewed Product Xyz,0
385,2025-02-16T19:38:53,Order Placed,1
1881,2025-04-21T17:33:43,Viewed Product.,0
1956,2025-01-25T22:14:46,Octane: Quiz Completed: Find The Perfect Eye Shadow   .,0
1811,2025-02-13T15:47:04,Viewed Product.,0
2490,2025-01-10T05:52:47,Octane: Quiz Completed: Find The Perfect Eye Shadow   .,0
731,2025-03-04T20:15:25,Unsubscribed,0
2281,2025-04-26T21:33:48,Active on Site,0
707,2025-04-09T15:45:21,Octane: Quiz Completed: Find The Perfect Eye Shadow   .,0
2666,2025-04-16T12:26:13,Blotout Viewed Product Xyz,0
1467,2025-01-02T23:47:19,Unsubscribed,0
1336,2025-02-10T17:15:57,Clicked email to unsubscribe,0
317,2025-03-23T19:41:10,SMS Sent,0
1098,2025-01-10T20:18:27,Viewed Product XYZ   ,0
1123,2025-02-18T15:34:52,Octane: Quiz Completed: Find The Perfect Eye Shadow   .,0
2125,2025-04-14T06:08:40,Black Crow Identified,0
1051,2025-03-05T14:31:40,Active on Site,0
2398,2025-01-06T09:32:17,Clicked Email,0
2377,2025-03-05T02:46:11,Unsubscribed,0
553,2025-01-31T23:55:55,SMS Sent,0
2039,2025-01-27T09:45:45,Clicked email link,0
2901,2025-02-20T15:06:37,Black Crow Identified,0
516,2025-03-04T16:15:05,Opened Email,0
2803,2025-01-18T10:08:07,Unsubscribed,0
1130,2025-01-14T17:48:53,Clicked Email,0
1862,2025-03-20T14:11:42,Black Crow Identified,0
1292,2025-03-07T12:34:50,Unsubscribed,0
2194,2025-04-02T14:06:19,Clicked Email,0
2274,2025-03-19T22:09:26,Order Placed,1
1963,2025-01-16T02:11:48,Opened Email,0
2573,2025-01-31T18:49:18,Unsubscribed,0
62,2025-02-21T15:54:46,Order Placed,1
2990,2025-04-16T04:59:43,SMS Sent,0
2739,2025-04-27T20:16:19,Opened Email,0
1090,2025-02-17T23:11:02,Order Placed,1
780,2025-04-15T00:44:54,Clicked email link,0
2310,2025-04-11T10:03:40,SMS Sent,0
1840,2025-03-13T09:38:11,SMS Sent,0
1296,2025-02-22T03:21:00,Order Placed,1
1041,2025-03-27T20:41:58,Order Placed,1
2036,2025-01-14T12:53:31,Octane: Quiz Completed: Find The Perfect Eye Shadow   .,0
2579,2025-03-09T02:08:37,Viewed Product XYZ   ,0
895,2025-03-02T16:58:01,Black Crow Identified,0
378,2025-01-20T08:34:57,SMS Sent,0
2748,2025-01-15T14:29:00,Order Placed,1
2366,2025-01-27T06:18:16,Octane: Quiz Completed: Find The Perfect Eye Shadow   .,1
1402,2025-03-07T23:23:46,Viewed Product XYZ   ,0
2669,2025-03-09T07:08:56,Octane: Quiz Completed: Find The Perfect Eye Shadow   .,0
411,2025-02-07T02:20:44,Octane: Quiz Completed: Find The Perfect Eye Shadow   .,1
2523,2025-02-16T05:53:27,SMS Delivered,0
705,2025-04-22T01:38:01,Active on Site,0
2618,2025-03-21T22:53:31,Clicked Email,0
2129,2025-04-26T11:28:31,Placed Order,1
1697,2025-04-26T02:23:41,Unsubscribed,1
183,2025-01-01T09:04:36,Unsubscribed,0
1233,2025-03-19T03:36:37,Opened Email,0
1579,2025-01-02T05:56:26,Unsubscribed,0
2342,2025-03-16T08:13:52,SMS Delivered,0
917,2025-01-30T19:27:13,Clicked email to unsubscribe,0
510,2025-03-23T07:54:43,Clicked email to unsubscribe,0
1638,2025-03-16T01:47:41,SMS Delivered,0
1154,2025-02-27T15:57:45,Order Placed,1
1242,2025-01-09T22:33:05,Viewed Product XYZ   ,0
1782,2025-01-03T22:12:35,Clicked email to unsubscribe,0
1541,2025-03-31T03:28:26,SMS Delivered,0
1303,2025-02-27T19:23:50,Order Placed,1
2278,2025-04-18T13:33:43,Unsubscribed,0
1360,2025-02-17T11:09:27,Black Crow Identified,0
143,2025-03-17T21:41:04,Viewed Product.,0
1284,2025-01-24T15:52:25,Active on Site,0
862,2025-01-17T06:33:32,Clicked email to unsubscribe,0
1629,2025-03-09T20:01:46,Email Open,0
1737,2025-02-28T00:27:16,SMS Delivered,0
2205,2025-02-24T15:11:43,Active on Site,0
1772,2025-03-07T09:22:26,Clicked email to unsubscribe,0
646,2025-04-26T23:26:00,Viewed Product.,0
3000,2025-01-30T09:33:01,Blotout Viewed Product Xyz,0
2516,2025-04-25T11:04:39,Active on Site,0
582,2025-04-14T23:34:22,Viewed Product.,0
225,2025-02-09T13:07:39,Viewed Product XYZ   ,0
2427,2025-02-28T17:06:25,Clicked email link,0
2046,2025-01-12T22:44:46,Active on Site,0
604,2025-03-06T22:47:54,Viewed Product XYZ   ,0
741,2025-02-03T05:28:07,Viewed Product.,0
1938,2025-02-17T16:04:49,Clicked Email,0
1669,2025-01-02T09:26:25,Order Placed,1
2049,2025-04-17T10:25:51,SMS Sent,0
512,2025-02-04T00:22:14,Email Open,0
1105,2025-04-03T10:34:05,Viewed Product XYZ   ,0
1094,2025-04-08T20:30:54,Placed Order,1
1255,2025-03-10T01:42:38,SMS Delivered,0
356,2025-01-02T17:27:37,Clicked Email,0
1744,2025-02-16T23:39:00,SMS Delivered,1
735,2025-02-03T15:51:53,Placed Order,1
570,2025-03-28T15:50:24,Clicked Email,0
250,2025-02-06T07:20:39,SMS Sent,0
1657,2025-02-28T20:36:18,Placed Order,1
1132,2025-02-16T05:56:59,Placed Order,1
953,2025-04-18T04:37:47,Viewed Product XYZ   ,0
936,2025-03-19T07:05:58,Placed Order,1
946,2025-02-09T07:01:43,Viewed Product XYZ   ,0
618,2025-04-07T17:27:21,Black Crow Identified,0
657,2025-03-01T23:46:52,Viewed Product.,0
2249,2025-02-13T12:54:59,Unsubscribed,0
1168,2025-04-03T04:36:04,Email Open,0
2465,2025-03-02T02:16:37,Opened Email,0
30,2025-04-27T03:20:31,Viewed Product.,0
270,2025-04-17T10:13:57,Black Crow Identified,0
705,2025-01-24T03:16:48,Viewed Product.,0
237,2025-01-23T01:16:57,Viewed Product XYZ   ,0
908,2025-02-07T09:33:08,Clicked email link,0
1515,2025-01-07T18:28:49,Opened Email,0
1445,2025-04-25T07:34:27,SMS Delivered,0
633,2025-03-05T01:05:15,Opened Email,0
2856,2025-04-23T14:36:46,Email Open,0
2184,2025-04-04T22:32:10,Active on Site,0
2012,2025-01-12T13:58:39,Unsubscribed,0
1483,2025-03-13T19:38:53,Viewed Product XYZ   ,0
1213,2025-04-16T20:37:03,Email Open,0
402,2025-03-08T15:11:29,Octane: Quiz Completed: Find The Perfect Eye Shadow   .,0
2750,2025-02-26T13:11:24,Opened Email,0
755,2025-02-04T02:31:26,Clicked email to unsubscribe,0
1084,2025-02-17T05:58:15,Email Open,0
588,2025-01-10T15:52:17,Placed Order,1
2629,2025-03-04T02:20:33,Opened Email,0
2352,2025-04-06T01:54:14,Octane: Quiz Completed: Find The Perfect Eye Shadow   .,0
2803,2025-03-28T20:58:26,Clicked email link,0
973,2025-01-20T18:37:21,SMS Delivered,0
1690,2025-04-23T10:16:37,SMS Delivered,0
517,2025-01-06T08:40:33,Blotout Viewed Product Xyz,0
2638,2025-03-20T18:01:26,Blotout Viewed Product Xyz,0
1238,2025-03-27T01:38:02,Active on Site,0
2570,2025-01-25T10:04:42,Email Open,0
780,2025-01-15T03:31:57,Clicked Email,0
1855,2025-01-26T21:47:40,SMS Delivered,0
2335,2025-04-17T06:22:05,Blotout Viewed Product Xyz,0
2889,2025-01-16T18:21:41,Email Open,0
769,2025-03-21T04:58:18,Black Crow Identified,0
698,2025-04-11T18:02:41,Black Crow Identified,0
79,2025-03-31T08:27:40,Viewed Product.,0
2585,2025-01-25T09:33:26,Email Open,0
726,2025-02-03T04:49:14,Order Placed,1
348,2025-01-19T05:43:13,Clicked Email,0
124,2025-02-25T18:42:06,Unsubscribed,0
1791,2025-02-14T15:46:05,Email Open,0
2822,2025-01-19T11:21:57,Viewed Product.,0
529,2025-01-19T21:36:58,SMS Sent,0
1351,2025-01-14T08:21:21,Opened Email,0
214,2025-02-19T10:56:05,SMS Sent,0
652,2025-03-07T09:32:10,Clicked Email,0
1940,2025-02-07T08:13:21,Viewed Product.,0
1153,2025-03-20T13:55:42,Unsubscribed,0
1619,2025-04-13T20:16:23,Clicked email link,0
803,2025-04-29T07:56:43,Octane: Quiz Completed: Find The Perfect Eye Shadow   .,0
786,2025-04-25T00:30:06,Viewed Product.,0
805,2025-02-15T23:38:55,Blotout Viewed Product Xyz,0
2976,2025-03-30T16:44:05,Octane: Quiz Completed: Find The Perfect Eye Shadow   .,0
1136,2025-03-28T04:32:31,Clicked email to unsubscribe,0
146,2025-04-27T23:57:19,SMS Delivered,0
772,2025-01-13T18:51:21,Unsubscribed,0
1936,2025-01-17T02:25:10,SMS Delivered,0
2579,2025-03-23T00:14:33,SMS Delivered,0
2608,2025-03-17T10:03:15,Unsubscribed,0
563,2025-01-29T04:57:36,Black Crow Identified,0
168,2025-02-04T05:58:13,Octane: Quiz Completed: Find The Perfect Eye Shadow   .,0
2303,2025-04-05T09:42:01,Clicked email to unsubscribe,0
2589,2025-01-16T18:00:40,Clicked Email,0
800,2025-02-04T08:12:54,Opened Email,0
2966,2025-01-20T12:59:30,Viewed Product XYZ   ,0
583,2025-04-12T14:30:03,Opened Email,0
411,2025-01-10T17:44:12,Clicked email link,0
125,2025-02-15T22:06:34,Black Crow Identified,0
1518,2025-02-09T19:28:55,Active on Site,0
2417,2025-01-19T01:22:09,Placed Order,1
2449,2025-02-19T04:40:17,Email Open,0
2520,2025-04-25T16:08:38,Viewed Product.,0
2559,2025-03-18T07:28:09,Black Crow Identified,0
311,2025-03-25T01:16:32,Octane: Quiz Completed: Find The Perfect Eye Shadow   .,0
2479,2025-03-21T18:06:41,Active on Site,0
2881,2025-02-01T01:19:24,Blotout Viewed Product Xyz,0
809,2025-01-25T16:02:21,Active on Site,0
504,2025-03-26T23:51:50,Clicked Email,0
2898,2025-01-17T19:41:56,Octane: Quiz Completed: Find The Perfect Eye Shadow   .,0
1995,2025-01-10T11:55:36,Placed Order,1
991,2025-03-29T09:22:16,Black Crow Identified,0
2170,2025-03-28T04:53:24,Email Open,0
1379,2025-01-27T16:39:38,Clicked email link,0
1149,2025-03-07T15:03:42,Black Crow Identified,0
723,2025-04-25T07:05:41,SMS Sent,0
1585,2025-04-16T12:26:21,Opened Email,0
66,2025-02-11T17:25:51,Active on Site,0
780,2025-04-06T21:31:57,SMS Delivered,0
2093,2025-03-10T15:07:37,Active on Site,0
196,2025-02-16T18:24:17,Clicked email to unsubscribe,0
990,2025-02-06T15:09:40,Clicked Email,0
226,2025-04-09T07:39:50,Blotout Viewed Product Xyz,0
1851,2025-03-15T14:08:14,Clicked Email,0
1750,2025-02-16T14:30:05,Placed Order,1
1474,2025-04-28T12:36:50,Viewed Product XYZ   ,0
944,2025-03-19T17:19:50,Active on Site,0
1749,2025-02-05T11:41:26,Active on Site,0
2191,2025-03-09T05:01:30,Black Crow Identified,0
1500,2025-02-23T09:11:35,Viewed Product.,0
1074,2025-04-17T17:28:51,SMS Delivered,0
1415,2025-04-01T18:11:13,Opened Email,0
605,2025-03-13T19:58:49,Clicked Email,0
1152,2025-01-11T17:51:18,Unsubscribed,0
2918,2025-04-27T01:43:06,Viewed Product.,0
2892,2025-01-17T03:07:28,Placed Order,1
2445,2025-03-19T14:06:09,Clicked Email,0
104,2025-04-13T13:37:56,Viewed Product XYZ   ,0
1794,2025-03-26T07:31:21,Octane: Quiz Completed: Find The Perfect Eye Shadow   .,0
208,2025-01-08T13:32:54,Viewed Product.,1
2864,2025-03-27T10:17:47,SMS Sent,0
719,2025-03-12T01:43:18,Clicked Email,0
35,2025-01-22T05:59:06,Blotout Viewed Product Xyz,0
2672,2025-02-04T02:50:33,Opened Email,1
80,2025-04-11T00:17:55,Email Open,0
1558,2025-03-19T21:57:39,SMS Sent,1
2548,2025-02-26T09:10:58,Active on Site,0
1429,2025-04-02T02:29:47,Unsubscribed,0
2747,2025-03-17T04:50:33,SMS Sent,0
1161,2025-03-30T15:04:04,Clicked email to unsubscribe,0
2163,2025-02-02T06:44:20,Viewed Product.,0
1972,2025-01-19T04:49:22,Viewed Product XYZ   ,0
2546,2025-01-25T19:54:02,Email Open,0
1387,2025-01-07T14:28:34,Placed Order,1
2130,2025-02-23T01:01:16,Clicked email link,0
827,2025-01-19T04:00:53,Email Open,0
242,2025-02-25T12:40:53,Clicked email link,0
2398,2025-02-26T15:00:48,Unsubscribed,0
2182,2025-01-28T06:45:29,Viewed Product.,0
1092,2025-01-19T03:20:35,Blotout Viewed Product Xyz,0
1277,2025-04-23T08:32:20,Order Placed,1
2621,2025-04-13T14:18:30,SMS Delivered,0
2148,2025-01-07T05:44:37,SMS Sent,0
2396,2025-03-26T08:58:04,Clicked email link,0
365,2025-04-27T20:24:50,Viewed Product.,0
2599,2025-02-19T13:14:59,Unsubscribed,0
2088,2025-01-21T05:56:13,Active on Site,0
2022,2025-01-21T22:31:15,Email Open,0
2666,2025-04-06T05:28:08,Placed Order,1
580,2025-03-14T17:44:20,Black Crow Identified,0
2585,2025-04-13T09:35:05,Octane: Quiz Completed: Find The Perfect Eye Shadow   .,1
1921,2025-04-02T09:11:33,Clicked email to unsubscribe,0
989,2025-01-20T22:34:53,Clicked Email,0
2294,2025-02-10T05:05:06,Blotout Viewed Product Xyz,0
632,2025-01-02T21:42:47,Placed Order,1
309,2025-03-07T07:01:11,Opened Email,1
2186,2025-01-24T04:58:15,Black Crow Identified,0
2706,2025-03-11T18:42:33,SMS Sent,0
1394,2025-04-26T17:28:19,SMS Delivered,0
2252,2025-03-17T10:16:31,Clicked email to unsubscribe,0
2714,2025-04-21T07:57:17,Clicked Email,0
1669,2025-04-13T18:27:54,SMS Delivered,0
2617,2025-04-27T13:32:03,SMS Sent,0
1698,2025-01-01T19:23:22,Clicked Email,0
2592,2025-01-11T16:55:07,Viewed Product XYZ   ,0
2703,2025-03-14T07:52:25,Clicked email to unsubscribe,0
175,2025-04-21T18:29:09,Email Open,0
2504,2025-02-14T08:33:41,Clicked email to unsubscribe,0
1957,2025-04-13T17:26:54,Black Crow Identified,1
1677,2025-04-21T22:14:22,Clicked Email,0
136,2025-03-17T17:38:05,Order Placed,1
2038,2025-01-09T03:31:03,Active on Site,0
294,2025-02-27T12:06:09,SMS Delivered,0
2864,2025-03-28T10:59:29,Clicked email to unsubscribe,0
2566,2025-02-05T20:05:58,Blotout Viewed Product Xyz,0
1091,2025-01-07T09:56:40,SMS Delivered,0
689,2025-02-28T05:55:31,Placed Order,1
2414,2025-04-13T19:29:27,Viewed Product.,0
619,2025-02-14T12:20:40,Placed Order,1
1854,2025-03-01T04:43:37,Order Placed,1
462,2025-02-11T17:40:49,Email Open,0
484,2025-03-21T08:31:33,Unsubscribed,0
2849,2025-04-04T07:17:17,Blotout Viewed Product Xyz,0
1797,2025-04-27T06:39:14,Clicked email to unsubscribe,0
583,2025-02-05T13:16:13,Black Crow Identified,1
2885,2025-03-22T01:05:40,Blotout Viewed Product Xyz,0
317,2025-04-24T12:02:23,Opened Email,0
987,2025-03-20T16:17:01,Clicked email to unsubscribe,0
1722,2025-03-10T14:31:46,Clicked email to unsubscribe,0
1621,2025-01-18T07:57:01,Unsubscribed,0
1404,2025-04-29T14:55:15,Black Crow Identified,0
2243,2025-02-18T06:18:04,Clicked Email,0
126,2025-04-09T06:18:49,Opened Email,0
1346,2025-04-04T23:33:43,Clicked email to unsubscribe,0
171,2025-02-23T16:21:54,Placed Order,1
148,2025-01-04T01:21:57,Opened Email,0
489,2025-02-25T16:41:20,SMS Sent,0
2277,2025-02-23T03:34:31,SMS Delivered,0
1060,2025-02-22T00:32:38,Clicked Email,0
1558,2025-01-02T14:34:05,Black Crow Identified,0
901,2025-02-06T04:00:39,SMS Sent,0
2864,2025-02-16T18:12:25,Clicked Email,0
1227,2025-01-23T14:56:17,Active on Site,0
2508,2025-04-02T10:59:08,Clicked Email,0
2920,2025-04-22T15:37:44,Placed Order,1
2205,2025-01-18T12:14:30,Viewed Product XYZ   ,0
2696,2025-01-11T13:19:00,Blotout Viewed Product Xyz,0
1613,2025-02-11T23:58:39,Black Crow Identified,0
511,2025-01-12T18:32:17,Clicked email link,0
476,2025-04-28T08:11:01,Opened Email,0
2670,2025-04-08T12:13:58,Octane: Quiz Completed: Find The Perfect Eye Shadow   .,0
1711,2025-03-12T14:32:51,Viewed Product XYZ   ,0
51,2025-04-05T07:04:14,Clicked Email,0
2390,2025-03-30T16:49:58,Viewed Product XYZ   ,0
1524,2025-04-13T13:27:03,Black Crow Identified,0
27,2025-01-26T18:52:22,Viewed Product XYZ   ,0
2396,2025-03-02T10:44:34,Placed Order,1
1225,2025-03-09T15:26:41,SMS Delivered,0
1796,2025-02-01T16:51:57,Clicked email to unsubscribe,0
1431,2025-02-28T01:08:20,Blotout Viewed Product Xyz,0
988,2025-03-04T15:19:55,Clicked email link,0
935,2025-02-06T14:59:42,Viewed Product XYZ   ,0
126,2025-04-10T11:47:07,Blotout Viewed Product Xyz,0
684,2025-03-16T05:58:11,Blotout Viewed Product Xyz,0
1139,2025-01-17T09:02:27,Email Open,0
2008,2025-04-06T19:49:16,Opened Email,0
1946,2025-01-12T20:55:39,Placed Order,1
2567,2025-02-18T06:17:24,SMS Sent,0
759,2025-03-28T17:27:48,Clicked email link,0
1015,2025-04-30T07:09:42,Opened Email,0
1522,2025-01-25T03:48:35,Unsubscribed,1
2513,2025-01-12T22:12:52,Order Placed,1
224,2025-01-17T15:21:06,SMS Sent,0
1954,2025-03-17T19:56:58,Clicked email link,0
520,2025-01-16T18:13:28,Unsubscribed,0
2227,2025-03-17T21:56:12,Email Open,0
355,2025-03-08T07:38:41,Opened Email,0
1884,2025-02-04T15:27:20,Viewed Product XYZ   ,0
1171,2025-02-22T09:04:57,Clicked Email,0
2664,2025-03-15T01:30:41,Clicked email to unsubscribe,0
1451,2025-03-20T21:46:57,Email Open,0
2930,2025-01-04T16:09:59,Blotout Viewed Product Xyz,0
2010,2025-03-04T03:45:11,Octane: Quiz Completed: Find The Perfect Eye Shadow   .,0
1544,2025-02-18T08:58:24,Blotout Viewed Product Xyz,1
1904,2025-01-01T01:05:03,Clicked email to unsubscribe,0
2382,2025-02-20T13:44:12,Order Placed,1
308,2025-01-30T18:03:09,SMS Sent,0
1643,2025-01-27T05:40:32,Clicked email link,0
1949,2025-01-19T03:02:49,Clicked email link,0
700,2025-02-28T09:59:14,Order Placed,1
2238,2025-01-23T06:10:58,Placed Order,1
2530,2025-02-02T06:02:18,Clicked email link,0
2907,2025-04-06T19:45:13,Octane: Quiz Completed: Find The Perfect Eye Shadow   .,0
2557,2025-02-05T05:26:24,Order Placed,1
66,2025-04-08T15:19:37,Octane: Quiz Completed: Find The Perfect Eye Shadow   .,0
632,2025-02-26T04:46:12,Blotout Viewed Product Xyz,1
2341,2025-04-24T09:42:58,Order Placed,1
497,2025-04-12T19:06:05,Clicked email link,0
253,2025-02-05T12:38:31,Unsubscribed,0
2297,2025-02-01T22:04:13,Blotout Viewed Product Xyz,0
2880,2025-03-24T07:23:39,Order Placed,1
1532,2025-03-18T09:49:23,Blotout Viewed Product Xyz,0
1794,2025-01-27T01:49:22,Email Open,0
1486,2025-02-18T00:09:38,Opened Email,0
397,2025-03-09T16:17:13,Unsubscribed,0
1308,2025-03-30T09:30:01,Octane: Quiz Completed: Find The Perfect Eye Shadow   .,0
1249,2025-02-06T05:39:30,Opened Email,0
272,2025-02-12T05:01:38,SMS Sent,1
645,2025-03-22T20:26:54,Viewed Product XYZ   ,0
2503,2025-03-01T06:57:30,Blotout Viewed Product Xyz,0
1174,2025-04-10T12:19:14,Clicked email to unsubscribe,0
1334,2025-04-09T11:58:11,Placed Order,1
2706,2025-03-16T17:27:48,Black Crow Identified,0
2820,2025-02-19T15:05:46,Opened Email,0
1167,2025-02-12T21:46:22,Order Placed,1
2806,2025-01-16T13:20:16,Clicked email link,0
1058,2025-02-15T02:03:25,Clicked Email,0
2155,2025-03-11T06:06:16,Clicked Email,0
828,2025-04-18T16:16:24,SMS Sent,0
1543,2025-04-24T14:12:35,SMS Delivered,0
1661,2025-03-03T05:46:01,Email Open,0
1190,2025-01-16T17:01:44,SMS Delivered,0
1795,2025-04-09T04:30:36,SMS Delivered,0
1852,2025-03-04T22:03:44,Unsubscribed,0
2640,2025-02-19T10:38:21,SMS Sent,0
1736,2025-03-20T07:39:28,Email Open,0
551,2025-01-26T08:04:41,SMS Sent,0
268,2025-03-11T15:43:45,SMS Sent,0
1887,2025-02-06T05:16:53,Opened Email,0
885,2025-03-09T00:20:01,Octane: Quiz Completed: Find The Perfect Eye Shadow   .,0
1600,2025-01-02T17:09:10,SMS Delivered,0
560,2025-02-10T03:44:16,Clicked email to unsubscribe,0
810,2025-04-07T03:01:20,Email Open,0
2698,2025-03-09T10:21:51,Clicked email to unsubscribe,1
2847,2025-03-22T12:39:02,Order Placed,1
107,2025-01-26T18:13:13,SMS Sent,0
2126,2025-03-19T05:18:26,Clicked email to unsubscribe,0
1980,2025-02-12T17:08:33,Clicked email link,0
2025,2025-01-26T10:06:34,Active on Site,0
1150,2025-01-19T17:56:54,Clicked Email,0
1409,2025-03-09T02:33:09,Viewed Product XYZ   ,0
1443,2025-02-04T07:10:31,Octane: Quiz Completed: Find The Perfect Eye Shadow   .,0
1616,2025-03-13T11:53:56,Black Crow Identified,0
1035,2025-04-30T16:21:33,Opened Email,0
1848,2025-03-07T17:25:26,SMS Delivered,0
870,2025-04-27T11:59:04,Email Open,0
1766,2025-01-05T07:50:08,Viewed Product XYZ   ,0
1251,2025-04-17T02:45:07,SMS Delivered,0
2813,2025-03-16T05:15:59,Clicked email link,0
2207,2025-01-04T22:29:52,Clicked Email,0
1048,2025-03-04T15:23:15,Blotout Viewed Product Xyz,0
1307,2025-01-18T11:27:22,Black Crow Identified,0
2332,2025-04-09T21:01:21,Viewed Product XYZ   ,0
17,2025-01-30T16:48:28,Opened Email,1
678,2025-03-25T16:45:37,Placed Order,1
1156,2025-01-16T09:13:14,Placed Order,1
1292,2025-01-22T03:58:13,Octane: Quiz Completed: Find The Perfect Eye Shadow   .,0
1932,2025-02-26T06:53:46,Placed Order,1
1334,2025-01-27T17:15:57,Email Open,0
2862,2025-01-03T07:36:50,Unsubscribed,0
725,2025-04-14T11:37:44,Viewed Product XYZ   ,0
198,2025-04-10T02:06:22,SMS Sent,0
2414,2025-01-15T21:56:56,Order Placed,1
508,2025-03-02T05:55:07,Blotout Viewed Product Xyz,1
1830,2025-03-30T07:48:50,Viewed Product.,0
2205,2025-04-14T19:43:01,Clicked Email,0
933,2025-04-13T22:47:09,Black Crow Identified,0
2675,2025-02-27T22:34:38,Clicked email link,0
737,2025-02-24T18:20:48,SMS Sent,0
2484,2025-01-23T16:33:54,Octane: Quiz Completed: Find The Perfect Eye Shadow   .,0
2731,2025-02-07T12:09:18,Order Placed,1
694,2025-01-31T01:11:02,Clicked Email,0
1541,2025-04-14T23:25:10,Unsubscribed,0
714,2025-01-20T04:10:57,Order Placed,1
1085,2025-04-30T01:21:23,Octane: Quiz Completed: Find The Perfect Eye Shadow   .,0
1508,2025-01-16T14:33:46,Blotout Viewed Product Xyz,0
2569,2025-04-07T05:35:13,Clicked Email,0
2291,2025-01-13T11:10:17,Octane: Quiz Completed: Find The Perfect Eye Shadow   .,0
2840,2025-01-25T06:50:43,SMS Delivered,0
1843,2025-04-18T23:48:58,Placed Order,1
1092,2025-03-18T13:53:59,Email Open,0
2407,2025-02-22T10:52:59,Active on Site,0
2876,2025-02-24T21:03:22,SMS Delivered,0
423,2025-02-04T20:04:07,Clicked email link,0
2587,2025-01-28T03:49:53,Unsubscribed,0
2847,2025-02-06T20:58:35,Active on Site,0
1736,2025-04-13T07:51:12,Clicked Email,0
386,2025-02-13T08:54:18,Clicked email link,1
983,2025-01-17T14:34:35,Opened Email,0
933,2025-03-10T21:07:35,SMS Sent,0
199,2025-04-26T17:10:10,Email Open,0
947,2025-03-07T18:46:41,Blotout Viewed Product Xyz,0
1205,2025-01-28T14:38:00,SMS Delivered,1
830,2025-03-02T04:16:53,Placed Order,1
1179,2025-04-03T05:02:22,Viewed Product XYZ   ,0
1355,2025-02-06T17:40:20,Black Crow Identified,0
2086,2025-02-20T19:05:20,Black Crow Identified,0
1769,2025-03-02T19:22:18,Order Placed,1
1317,2025-01-17T11:44:43,Placed Order,1
129,2025-03-06T23:31:51,Unsubscribed,0
2838,2025-04-04T17:25:09,Black Crow Identified,0
2340,2025-02-05T14:36:56,Order Placed,1
1777,2025-04-16T00:18:19,Blotout Viewed Product Xyz,0
2598,2025-03-15T06:30:17,Octane: Quiz Completed: Find The Perfect Eye Shadow   .,0
794,2025-01-18T00:35:14,Clicked Email,0
1463,2025-03-04T07:36:17,SMS Sent,1
2690,2025-01-02T05:00:57,Black Crow Identified,0
648,2025-03-15T15:18:58,Order Placed,1
1943,2025-01-23T16:55:07,Opened Email,0
1736,2025-02-03T02:04:15,Active on Site,0
947,2025-04-28T07:06:34,Viewed Product XYZ   ,0
1269,2025-04-26T14:01:34,Viewed Product.,0
1788,2025-03-18T09:47:53,Octane: Quiz Completed: Find The Perfect Eye Shadow   .,0
2262,2025-01-06T20:31:51,Opened Email,0
1923,2025-02-10T16:32:01,Opened Email,0
1866,2025-03-22T13:07:48,SMS Delivered,0
427,2025-01-21T04:21:01,Unsubscribed,0
2161,2025-02-03T16:12:22,SMS Delivered,0
2428,2025-04-04T12:20:27,Unsubscribed,0
1364,2025-04-22T15:07:47,Placed Order,1
1242,2025-02-10T04:37:27,SMS Sent,0
342,2025-02-23T19:15:40,SMS Delivered,0
866,2025-02-12T14:45:46,Opened Email,0
1652,2025-04-09T13:07:52,Order Placed,1
2570,2025-04-25T11:03:07,Opened Email,0
466,2025-03-15T10:21:56,Unsubscribed,0
2052,2025-04-02T12:44:54,Clicked Email,0
1253,2025-02-07T19:21:55,SMS Delivered,0
2977,2025-03-26T21:01:55,Order Placed,1
353,2025-01-30T15:17:51,Clicked email link,0
608,2025-03-03T14:39:21,Email Open,0
2290,2025-04-12T11:42:41,Octane: Quiz Completed: Find The Perfect Eye Shadow   .,0
1477,2025-02-22T16:50:35,Order Placed,1
836,2025-01-09T20:01:43,Active on Site,0
2656,2025-02-27T13:42:54,SMS Delivered,0
2224,2025-02-16T22:10:24,Unsubscribed,0
249,2025-02-24T20:44:42,Order Placed,1
2400,2025-04-23T12:27:22,Unsubscribed,0
674,2025-04-11T19:48:16,Clicked email to unsubscribe,0
2882,2025-04-19T21:23:43,Unsubscribed,0
893,2025-01-23T10:08:02,Viewed Product.,0
1301,2025-04-07T09:58:29,SMS Sent,0
2628,2025-01-21T22:38:08,Clicked email to unsubscribe,0
2514,2025-01-14T12:33:15,Order Placed,1
806,2025-02-26T16:38:15,Clicked email link,0
729,2025-04-27T15:49:58,Clicked email to unsubscribe,0
2266,2025-01-29T10:30:38,Clicked Email,0
1588,2025-02-17T11:05:06,Clicked Email,0
736,2025-01-23T03:47:17,Email Open,0
1292,2025-03-18T07:19:09,Order Placed,1
2752,2025-03-21T00:08:53,Opened Email,0
1681,2025-03-21T15:29:14,SMS Sent,0
1434,2025-02-26T05:48:19,Opened Email,0
1664,2025-04-20T00:33:57,Unsubscribed,0
1445,2025-03-20T13:03:39,Opened Email,0
2064,2025-03-23T04:41:54,Order Placed,1
370,2025-03-08T07:33:05,Email Open,0
444,2025-03-03T22:36:59,Active on Site,0
1764,2025-02-08T09:59:06,Viewed Product.,0
2864,2025-02-12T15:23:02,Placed Order,1
970,2025-01-15T01:49:16,Opened Email,0
2520,2025-03-10T22:12:56,Viewed Product XYZ   ,0
564,2025-01-05T05:16:35,Placed Order,1
2210,2025-02-17T07:16:07,Clicked email link,0
2234,2025-03-07T18:49:17,Blotout Viewed Product Xyz,0
2544,2025-04-28T13:34:44,Clicked Email,1
859,2025-02-22T12:05:13,Active on Site,0
2645,2025-01-24T21:48:22,SMS Delivered,0
1954,2025-02-11T15:07:50,Clicked Email,0
1124,2025-01-15T06:16:29,SMS Sent,0
2164,2025-01-10T00:29:27,SMS Sent,1
2550,2025-01-09T03:40:28,SMS Delivered,0
1106,2025-01-15T18:46:00,Opened Email,0
468,2025-04-16T06:09:06,SMS Sent,0
1817,2025-04-07T06:18:37,Placed Order,1
1025,2025-01-24T04:38:31,Viewed Product.,0
1308,2025-01-19T12:14:18,Viewed Product XYZ   ,0
4,2025-03-02T13:52:20,Email Open,0
1494,2025-04-26T11:11:00,Email Open,0
1565,2025-01-06T07:54:11,Clicked Email,0
848,2025-01-03T06:01:10,Clicked email link,0
2976,2025-02-16T16:27:21,Opened Email,0
57,2025-04-17T21:43:10,SMS Sent,0
167,2025-04-30T17:02:32,Clicked email to unsubscribe,0
116,2025-04-10T11:42:57,Viewed Product.,0
1914,2025-04-11T11:37:09,Opened Email,0
881,2025-02-14T13:47:20,Active on Site,0
1622,2025-01-15T16:33:05,Clicked email to unsubscribe,0
701,2025-03-03T05:16:43,Unsubscribed,0
667,2025-03-12T01:36:17,SMS Delivered,0
2166,2025-03-20T22:12:00,Email Open,0
14,2025-02-14T04:28:19,Placed Order,1
2746,2025-02-02T08:25:46,Black Crow Identified,0
2126,2025-04-07T21:30:27,Octane: Quiz Completed: Find The Perfect Eye Shadow   .,0
1309,2025-04-13T17:46:07,Clicked Email,0
1830,2025-02-16T16:39:00,Clicked Email,1
338,2025-02-04T15:37:50,Blotout Viewed Product Xyz,0
2197,2025-02-26T19:45:52,Active on Site,0
1563,2025-03-07T01:20:22,Unsubscribed,0
126,2025-01-21T10:41:01,Blotout Viewed Product Xyz,0
1010,2025-04-29T07:23:00,Clicked email to unsubscribe,0
2609,2025-04-25T01:03:05,SMS Delivered,0
2611,2025-04-23T06:02:12,Placed Order,1
573,2025-04-25T21:09:43,Clicked Email,0
749,2025-01-01T10:25:20,Order Placed,1
2928,2025-02-27T10:14:08,Clicked email link,0
1117,2025-02-02T11:01:45,SMS Delivered,0
461,2025-04-18T13:10:12,Email Open,0
1819,2025-01-05T21:05:22,Viewed Product.,0
2082,2025-04-20T18:31:31,Octane: Quiz Completed: Find The Perfect Eye Shadow   .,0
644,2025-03-03T17:31:44,Opened Email,0
105,2025-03-20T01:17:14,Placed Order,1
2538,2025-03-12T23:02:56,Viewed Product.,1
2152,2025-01-16T01:41:56,Clicked email to unsubscribe,0
2,2025-03-20T02:40:56,SMS Sent,0
601,2025-04-24T09:55:14,SMS Delivered,0
2969,2025-03-03T10:48:51,Clicked Email,0
2699,2025-04-20T01:13:58,Unsubscribed,0
1615,2025-04-06T04:53:50,Clicked email link,0
887,2025-02-13T19:54:46,Clicked Email,0
757,2025-01-11T05:19:06,Clicked email link,1
1496,2025-04-15T05:31:26,Octane: Quiz Completed: Find The Perfect Eye Shadow   .,0
2760,2025-01-28T17:59:43,Active on Site,0
995,2025-04-24T07:17:45,Black Crow Identified,0
723,2025-01-16T11:52:48,Order Placed,1
567,2025-04-15T22:17:58,SMS Sent,0
207,2025-04-18T09:46:52,Active on Site,0
2309,2025-04-30T11:44:14,Unsubscribed,0
119,2025-04-14T15:25:06,Unsubscribed,0
2916,2025-01-20T03:15:53,SMS Delivered,0
1544,2025-04-06T17:26:45,Viewed Product.,0
421,2025-02-16T10:55:05,SMS Delivered,1
1156,2025-03-20T20:53:09,Unsubscribed,0
1886,2025-01-17T11:51:15,SMS Sent,0
951,2025-04-24T03:05:59,Clicked Email,0
532,2025-01-03T08:04:44,Viewed Product.,0
1095,2025-01-21T17:57:42,Order Placed,1
922,2025-02-10T12:12:08,Clicked email to unsubscribe,0
977,2025-03-31T22:26:00,Clicked email link,0
504,2025-01-05T12:05:20,Opened Email,0
976,2025-01-27T09:03:15,Clicked email link,0
680,2025-03-15T21:40:09,Clicked email to unsubscribe,0
2463,2025-02-23T11:38:45,Black Crow Identified,0
1681,2025-01-25T02:42:26,SMS Delivered,0
2060,2025-03-16T12:43:47,SMS Sent,0
531,2025-03-27T00:48:04,Clicked Email,0
1461,2025-02-07T09:07:16,Clicked email link,0
1654,2025-04-14T00:18:34,Email Open,0
2593,2025-02-12T15:48:10,Clicked email to unsubscribe,0
573,2025-03-29T19:19:38,Clicked email to unsubscribe,0
1666,2025-04-13T21:36:46,Email Open,0
2534,2025-04-26T03:17:02,Black Crow Identified,0
794,2025-03-14T07:33:25,Order Placed,1
387,2025-03-21T08:12:30,Octane: Quiz Completed: Find The Perfect Eye Shadow   .,0
2101,2025-04-04T19:48:23,Clicked Email,0
1780,2025-03-17T11:54:52,Order Placed,1
743,2025-03-10T13:54:19,Unsubscribed,0
1874,2025-04-14T07:05:30,Octane: Quiz Completed: Find The Perfect Eye Shadow   .,0
2133,2025-03-07T03:12:18,Clicked Email,0
2448,2025-02-06T12:15:48,Clicked Email,0
1218,2025-02-22T16:08:56,Active on Site,0
2525,2025-04-08T10:03:29,Clicked Email,0
870,2025-04-16T04:07:24,Blotout Viewed Product Xyz,0
454,2025-01-29T06:18:11,Viewed Product XYZ   ,0
496,2025-02-01T07:09:03,Email Open,0
2817,2025-04-03T10:44:18,Clicked email to unsubscribe,0
2476,2025-04-21T08:04:38,Clicked email link,0
2647,2025-03-20T17:12:40,Active on Site,1
118,2025-01-19T06:47:14,Active on Site,1
73,2025-03-15T19:47:14,Clicked email to unsubscribe,0
2742,2025-02-14T13:59:29,Viewed Product.,0
1102,2025-02-14T00:09:12,Viewed Product.,0
2461,2025-01-13T04:58:11,Blotout Viewed Product Xyz,0
771,2025-04-09T22:09:27,Order Placed,1
860,2025-01-19T01:17:52,Black Crow Identified,0
2955,2025-01-05T08:59:13,Viewed Product.,0
1645,2025-03-16T18:28:15,Blotout Viewed Product Xyz,0
2570,2025-01-04T06:15:02,Clicked email to unsubscribe,0
44,2025-02-11T15:33:32,Clicked email to unsubscribe,0
2539,2025-01-01T04:48:12,Placed Order,1
2982,2025-04-25T06:24:55,Black Crow Identified,0
2983,2025-04-21T11:02:28,Black Crow Identified,0
603,2025-03-17T05:28:04,Clicked email link,0
1614,2025-04-17T00:13:10,Active on Site,0
2267,2025-03-11T06:27:23,Placed Order,1
1104,2025-02-06T23:27:07,Clicked email link,0
2103,2025-01-16T14:52:52,Email Open,0
740,2025-01-09T04:12:34,Opened Email,0
2969,2025-03-01T11:48:52,Active on Site,0
2760,2025-03-16T18:27:33,Unsubscribed,0
2931,2025-03-20T14:17:08,Clicked email link,0
1225,2025-03-19T15:07:55,Viewed Product.,0
2472,2025-01-07T06:22:23,Opened Email,0
1248,2025-03-04T09:38:59,SMS Delivered,0
1787,2025-01-06T08:38:47,SMS Sent,0
830,2025-03-07T22:47:40,Clicked email link,0
1236,2025-04-20T02:28:02,Viewed Product.,0
1566,2025-01-13T02:14:40,SMS Delivered,0
2053,2025-01-20T17:32:55,SMS Delivered,0
2092,2025-02-27T17:54:45,Blotout Viewed Product Xyz,0
2294,2025-03-16T05:57:06,Viewed Product.,0
1140,2025-04-05T20:57:04,SMS Delivered,0
1622,2025-02-04T13:56:39,Viewed Product.,0
2982,2025-01-08T04:03:09,Order Placed,1
2800,2025-04-07T23:21:22,Clicked Email,0
1939,2025-03-22T22:02:22,Clicked email to unsubscribe,0
1460,2025-01-23T03:18:42,Black Crow Identified,0
1686,2025-01-01T14:16:58,Placed Order,1
1862,2025-01-26T02:39:31,Order Placed,1
976,2025-02-23T00:36:53,Opened Email,0
61,2025-03-09T14:25:31,Email Open,0
1202,2025-02-05T17:50:27,Clicked email to unsubscribe,0
276,2025-01-11T18:47:34,Active on Site,0
570,2025-02-07T16:31:28,Viewed Product XYZ   ,1
2015,2025-03-10T20:04:34,Placed Order,1
135,2025-01-02T19:03:23,Opened Email,0
1110,2025-04-19T00:54:11,Viewed Product.,0
449,2025-03-11T07:41:23,Clicked Email,0
1748,2025-01-29T20:05:49,Clicked email to unsubscribe,0
1563,2025-01-28T14:21:26,Viewed Product.,0
1722,2025-03-07T04:36:17,SMS Sent,0
2961,2025-02-24T21:01:34,Black Crow Identified,0
1703,2025-01-03T14:33:55,Clicked email link,0
1781,2025-04-29T15:08:50,Active on Site,0
2249,2025-02-26T01:48:39,Opened Email,0
2832,2025-03-01T03:50:10,Viewed Product.,0
742,2025-01-28T15:05:55,Octane: Quiz Completed: Find The Perfect Eye Shadow   .,0
2025,2025-04-28T09:14:03,Octane: Quiz Completed: Find The Perfect Eye Shadow   .,0
1981,2025-01-06T18:01:44,Opened Email,0
2875,2025-04-16T01:17:39,Blotout Viewed Product Xyz,0
1623,2025-02-21T12:59:23,Placed Order,1
239,2025-04-04T21:12:01,Clicked email link,0
2675,2025-04-29T13:47:36,Clicked email link,0
402,2025-02-18T13:19:54,Clicked Email,0
2603,2025-04-13T02:32:02,Clicked email link,0
1594,2025-03-27T20:34:53,Octane: Quiz Completed: Find The Perfect Eye Shadow   .,0
300,2025-04-10T16:44:37,Opened Email,0
2925,2025-03-04T12:14:15,Clicked email link,0
1058,2025-04-09T08:36:15,Viewed Product XYZ   ,0
381,2025-03-25T05:21:52,Octane: Quiz Completed: Find The Perfect Eye Shadow   .,0
77,2025-04-28T20:03:48,Black Crow Identified,0
2282,2025-03-26T02:47:17,SMS Sent,0
2979,2025-04-23T09:20:48,Clicked email to unsubscribe,0
2003,2025-02-15T06:57:00,Placed Order,1
176,2025-04-05T20:01:45,Clicked email link,1
651,2025-01-27T12:28:57,Clicked Email,0
1251,2025-04-20T04:27:15,Clicked email to unsubscribe,0
1278,2025-03-11T22:30:04,Blotout Viewed Product Xyz,0
2292,2025-02-28T12:32:25,Viewed Product.,0
417,2025-02-26T16:44:07,SMS Delivered,0
2473,2025-01-17T07:02:17,SMS Delivered,0
748,2025-04-22T06:45:14,Opened Email,0
2087,2025-02-22T06:28:01,Clicked email to unsubscribe,0
2752,2025-04-29T12:38:47,Octane: Quiz Completed: Find The Perfect Eye Shadow   .,0
481,2025-03-26T10:03:01,Order Placed,1
1935,2025-03-21T13:57:23,Blotout Viewed Product Xyz,0
1273,2025-01-19T12:42:17,Viewed Product.,0
2659,2025-02-01T04:48:03,Clicked email to unsubscribe,0
2923,2025-01-26T21:06:25,Viewed Product.,0
163,2025-01-15T14:23:43,Clicked email to unsubscribe,0
2312,2025-02-11T10:44:00,Black Crow Identified,0
2326,2025-01-09T01:20:19,Placed Order,1
837,2025-03-02T17:00:24,Order Placed,1
2289,2025-01-02T07:00:05,Blotout Viewed Product Xyz,0
546,2025-02-26T03:44:36,Viewed Product.,0
538,2025-02-12T20:07:55,Opened Email,0
2536,2025-02-17T17:23:53,Viewed Product.,0
66,2025-02-13T23:36:51,Email Open,0
672,2025-01-27T09:41:06,SMS Delivered,0
1183,2025-02-23T13:15:25,Viewed Product XYZ   ,0
517,2025-03-21T13:17:15,Email Open,0
1891,2025-03-29T12:26:48,Viewed Product.,0
2580,2025-04-15T22:06:03,Black Crow Identified,0
359,2025-04-07T00:33:48,Octane: Quiz Completed: Find The Perfect Eye Shadow   .,0
575,2025-01-04T20:21:47,Viewed Product.,0
2191,2025-03-10T03:15:19,SMS Delivered,0
2617,2025-01-22T07:54:30,Opened Email,0
2362,2025-02-01T17:20:42,Email Open,0
1130,2025-04-05T02:00:29,Placed Order,1
2198,2025-01-09T09:32:58,Clicked email link,0
2749,2025-03-04T16:34:43,Email Open,0
885,2025-03-13T10:45:04,Order Placed,1
2308,2025-02-16T17:48:01,Active on Site,0
1777,2025-04-27T15:23:05,Placed Order,1
1171,2025-04-19T21:09:17,Viewed Product.,1
259,2025-04-23T19:21:02,Active on Site,0
2480,2025-01-11T21:48:48,Clicked email link,0
2877,2025-02-21T23:31:28,Viewed Product XYZ   ,1
946,2025-02-05T12:04:30,Black Crow Identified,0
2806,2025-02-26T13:59:56,Viewed Product.,0
2533,2025-01-07T17:33:02,Clicked email link,0
1112,2025-04-22T20:31:50,SMS Sent,0
2943,2025-04-19T05:49:44,Clicked email link,0
2652,2025-03-02T13:51:31,Active on Site,0
2148,2025-01-14T02:43:14,Email Open,0
2529,2025-01-21T12:45:31,Clicked email to unsubscribe,0
610,2025-03-10T13:02:16,Clicked Email,0
662,2025-02-05T09:25:41,Viewed Product XYZ   ,0
2219,2025-01-17T20:44:34,Blotout Viewed Product Xyz,0
208,2025-03-30T07:25:26,Black Crow Identified,0
1125,2025-01-18T04:38:43,Placed Order,1
2307,2025-03-10T12:14:42,Placed Order,1
2903,2025-03-09T00:10:09,Email Open,0
2646,2025-01-18T02:52:45,Clicked email link,0
2990,2025-03-18T19:15:10,SMS Sent,0
589,2025-03-13T13:46:27,Viewed Product XYZ   ,0
1292,2025-01-12T01:16:08,Clicked Email,0
2396,2025-02-11T10:02:39,Clicked Email,0
241,2025-03-23T06:42:34,Clicked email link,0
2313,2025-01-18T10:07:10,Clicked Email,0
2278,2025-01-03T14:52:23,Clicked email to unsubscribe,0
993,2025-01-19T14:10:56,Order Placed,1
2342,2025-03-14T18:47:45,Clicked email link,0
1171,2025-02-02T18:02:16,Black Crow Identified,0
2254,2025-02-03T11:51:43,Order Placed,1
1285,2025-04-29T06:05:35,Clicked Email,0
1550,2025-04-04T16:50:00,Viewed Product.,0
2805,2025-01-24T07:20:47,Viewed Product.,0
1099,2025-01-13T08:54:07,Unsubscribed,0
2346,2025-03-02T07:57:00,Clicked Email,0
1044,2025-02-13T23:52:04,Viewed Product.,0
2421,2025-03-05T14:14:00,Clicked email link,0
381,2025-03-24T16:45:38,Placed Order,1
2775,2025-04-11T21:07:29,Email Open,0
484,2025-04-26T13:35:27,Clicked Email,0
2645,2025-02-24T17:36:04,Clicked email link,0
2262,2025-01-25T05:35:27,Clicked email to unsubscribe,0
1249,2025-01-31T06:37:39,Unsubscribed,0
1942,2025-01-06T23:55:46,Placed Order,1
2082,2025-02-02T09:57:41,Black Crow Identified,0
2360,2025-01-10T03:59:13,Placed Order,1
1291,2025-01-11T15:00:45,Order Placed,1
2277,2025-02-23T15:17:00,Clicked email to unsubscribe,0
2794,2025-01-13T09:41:57,Octane: Quiz Completed: Find The Perfect Eye Shadow   .,0
2865,2025-03-02T00:13:43,Clicked email link,0
2260,2025-03-05T01:50:20,Blotout Viewed Product Xyz,0
1270,2025-01-15T01:07:46,Placed Order,1
2886,2025-01-31T13:47:35,Opened Email,0
674,2025-01-15T15:37:20,SMS Delivered,1
2475,2025-04-17T03:23:13,SMS Delivered,0
1911,2025-04-01T06:22:39,Clicked email link,0
1944,2025-01-30T01:33:14,Clicked Email,0
155,2025-03-02T19:14:41,Clicked Email,0
2921,2025-01-15T20:27:53,Viewed Product.,0
2409,2025-02-19T08:08:11,Black Crow Identified,0
1464,2025-01-28T17:14:18,Unsubscribed,1
2695,2025-02-22T13:15:10,Unsubscribed,0
1915,2025-04-30T11:24:36,Email Open,0
1884,2025-02-06T19:00:44,Opened Email,0
728,2025-01-12T02:13:55,Order Placed,1
504,2025-03-18T20:14:54,Blotout Viewed Product Xyz,0
2179,2025-01-31T17:34:41,SMS Sent,1
2060,2025-03-31T22:35:29,Viewed Product.,0
2276,2025-01-08T18:42:42,Viewed Product.,0
1324,2025-03-31T11:11:28,SMS Delivered,0
2432,2025-02-06T21:12:39,Clicked email to unsubscribe,0
2320,2025-04-25T21:13:16,SMS Delivered,1
1863,2025-02-10T13:55:54,Blotout Viewed Product Xyz,0
257,2025-04-21T04:02:06,Email Open,1
1032,2025-02-01T02:15:16,Opened Email,0
2,2025-04-26T03:41:44,SMS Sent,0
653,2025-02-02T21:42:37,Unsubscribed,0
2104,2025-01-26T16:13:41,Clicked email link,0
373,2025-02-07T04:27:45,Active on Site,0
1052,2025-03-26T16:01:21,Viewed Product.,0
1872,2025-04-15T19:49:23,Blotout Viewed Product Xyz,0
2429,2025-01-15T23:21:11,Unsubscribed,0
2600,2025-03-18T09:47:16,SMS Delivered,0
1252,2025-02-19T01:08:15,Viewed Product XYZ   ,0
1982,2025-04-26T09:03:00,Order Placed,1
641,2025-02-25T21:57:26,Unsubscribed,0
816,2025-03-18T20:19:42,Viewed Product.,0
1893,2025-04-12T04:57:03,Email Open,0
2337,2025-02-15T09:53:00,SMS Sent,0
189,2025-03-29T15:11:06,Blotout Viewed Product Xyz,0
509,2025-03-09T07:38:27,Active on Site,0
2164,2025-04-26T17:09:16,Active on Site,0
173,2025-02-06T17:16:39,Email Open,0
930,2025-04-13T17:07:58,Active on Site,0
955,2025-01-20T04:14:46,SMS Delivered,0
14,2025-02-08T05:29:28,SMS Delivered,0
1766,2025-03-27T12:52:04,Clicked Email,0
1380,2025-01-12T21:22:51,Clicked email link,0
2632,2025-03-17T20:31:29,Blotout Viewed Product Xyz,0
798,2025-04-30T06:24:15,Blotout Viewed Product Xyz,0
302,2025-03-16T01:23:22,Active on Site,0
10,2025-04-13T01:00:20,Viewed Product.,0
1935,2025-01-09T14:41:34,Octane: Quiz Completed: Find The Perfect Eye Shadow   .,0
2926,2025-02-09T08:30:38,Black Crow Identified,0
2261,2025-04-14T16:47:53,Email Open,1
191,2025-04-26T05:22:30,Black Crow Identified,0
405,2025-03-01T05:31:36,Unsubscribed,0
2178,2025-02-07T04:11:40,Clicked email link,0
1116,2025-01-20T23:30:13,Blotout Viewed Product Xyz,0
2061,2025-02-23T14:21:54,Clicked Email,0
575,2025-04-04T10:50:11,Order Placed,1
979,2025-02-23T22:43:34,Placed Order,1
2448,2025-03-11T04:50:51,Placed Order,1
2981,2025-01-07T03:34:42,Clicked email link,0
1169,2025-04-29T15:56:14,Clicked email to unsubscribe,0
2126,2025-04-30T10:01:20,Viewed Product XYZ   ,0
2651,2025-02-26T06:07:59,Active on Site,0
1258,2025-01-07T01:35:26,Black Crow Identified,0
443,2025-04-13T08:42:14,SMS Delivered,0
1499,2025-04-19T09:10:43,Black Crow Identified,0
2056,2025-01-04T23:53:46,Clicked email to unsubscribe,0
1023,2025-01-03T05:17:55,Order Placed,1
562,2025-02-12T10:33:02,SMS Sent,0
392,2025-04-01T05:44:24,Opened Email,0
2217,2025-02-04T20:59:29,Email Open,0
1620,2025-01-05T23:22:47,Order Placed,1
2335,2025-04-11T02:07:08,Clicked Email,0
466,2025-03-08T13:24:17,Black Crow Identified,0
1467,2025-01-25T15:09:23,Email Open,0
1099,2025-01-13T22:48:09,Black Crow Identified,0
1303,2025-03-19T21:09:54,Viewed Product XYZ   ,0
129,2025-03-04T13:23:14,Active on Site,0
1084,2025-03-20T09:36:09,Viewed Product XYZ   ,0
2933,2025-04-09T16:15:13,Email Open,0
1214,2025-02-09T04:58:53,Clicked email to unsubscribe,0
1365,2025-01-24T16:35:32,Black Crow Identified,0
1407,2025-01-17T17:16:23,SMS Delivered,0
1179,2025-04-15T11:22:46,Blotout Viewed Product Xyz,0
1476,2025-03-07T18:54:23,Octane: Quiz Completed: Find The Perfect Eye Shadow   .,0
2219,2025-01-01T21:13:16,Clicked Email,0
650,2025-02-28T05:37:28,Viewed Product XYZ   ,0
146,2025-02-08T19:32:03,Black Crow Identified,0
2750,2025-02-25T15:06:48,Placed Order,1
446,2025-02-02T17:33:26,Black Crow Identified,0
2860,2025-02-21T00:50:52,Viewed Product.,0
1256,2025-04-07T11:53:44,Viewed Product.,0
1242,2025-01-04T10:17:36,Octane: Quiz Completed: Find The Perfect Eye Shadow   .,0
2445,2025-04-13T20:22:24,Active on Site,0
2727,2025-04-19T06:38:08,Placed Order,1
1395,2025-03-16T01:04:24,Order Placed,1
1299,2025-01-09T18:07:00,Viewed Product XYZ   ,0
2342,2025-01-31T16:41:06,Blotout Viewed Product Xyz,1
1141,2025-01-30T14:25:57,Unsubscribed,0
1107,2025-01-23T00:25:31,Octane: Quiz Completed: Find The Perfect Eye Shadow   .,0
1945,2025-04-02T11:16:49,Clicked email link,0
674,2025-01-14T15:31:13,Order Placed,1
1334,2025-03-17T21:33:06,Clicked Email,0
43,2025-02-10T11:02:09,Clicked Email,1
859,2025-03-30T02:26:59,Viewed Product.,0
1807,2025-04-10T22:19:22,Black Crow Identified,0
77,2025-03-04T17:01:34,Viewed Product XYZ   ,0
2087,2025-01-12T16:53:52,Clicked Email,1
2753,2025-01-24T16:17:27,Clicked Email,0
168,2025-01-20T11:49:15,Opened Email,0
1656,2025-04-08T16:22:45,Viewed Product.,0
2972,2025-04-14T18:25:12,Blotout Viewed Product Xyz,0
286,2025-01-05T22:15:34,Blotout Viewed Product Xyz,0
401,2025-02-02T08:13:42,Clicked email to unsubscribe,0
1744,2025-03-22T22:02:05,Opened Email,0
1169,2025-03-29T10:42:14,Unsubscribed,0
2312,2025-02-21T04:23:17,Clicked email link,0
1649,2025-04-04T07:32:56,Active on Site,0
695,2025-04-03T00:01:06,Viewed Product.,0
147,2025-02-26T11:49:07,Blotout Viewed Product Xyz,0
303,2025-01-13T15:08:09,Black Crow Identified,0
2161,2025-04-02T09:48:05,SMS Sent,0
2358,2025-02-24T20:03:59,Opened Email,0
2418,2025-01-17T07:23:19,SMS Sent,0
2067,2025-04-25T18:52:31,Viewed Product XYZ   ,0
2517,2025-03-31T10:06:28,SMS Sent,0
167,2025-01-17T03:38:21,Blotout Viewed Product Xyz,0
269,2025-04-22T19:50:58,Email Open,0
4,2025-03-16T08:37:55,Viewed Product XYZ   ,0
1214,2025-01-04T06:53:49,Viewed Product.,0
1628,2025-01-25T16:33:06,Placed Order,1
189,2025-03-28T06:33:16,SMS Sent,0
1676,2025-04-30T15:15:26,Opened Email,0
1215,2025-03-07T12:49:03,Blotout Viewed Product Xyz,0
148,2025-04-26T18:03:44,SMS Delivered,0
733,2025-01-03T11:08:51,Clicked email link,0
23,2025-03-07T13:48:58,SMS Sent,0
2948,2025-04-07T02:13:31,Clicked Email,0
147,2025-01-07T22:18:56,Unsubscribed,0
2152,2025-01-29T07:45:16,SMS Delivered,0
675,2025-01-15T13:30:08,Viewed Product.,0
1528,2025-01-10T17:39:20,SMS Delivered,0
423,2025-01-27T01:08:37,Clicked Email,0
2151,2025-04-01T07:01:19,Viewed Product.,0
2760,2025-01-10T12:30:12,Blotout Viewed Product Xyz,0
241,2025-03-07T21:53:16,Clicked email link,0
2782,2025-03-20T20:56:10,Viewed Product.,0
2038,2025-01-11T16:17:00,Order Placed,1
2953,2025-02-05T12:22:06,Blotout Viewed Product Xyz,0
1071,2025-03-11T04:38:27,Clicked Email,0
2428,2025-04-14T05:15:27,SMS Delivered,0
1029,2025-03-14T10:47:18,Clicked Email,0
2754,2025-03-09T23:22:48,Clicked Email,0
1741,2025-04-14T14:53:56,Viewed Product XYZ   ,0
141,2025-04-04T03:47:00,Opened Email,0
1888,2025-04-18T03:54:37,Blotout Viewed Product Xyz,0
1277,2025-04-29T03:41:33,Opened Email,0
1503,2025-03-01T10:54:39,Clicked Email,0
510,2025-03-10T03:05:41,Email Open,0
2825,2025-03-17T13:07:32,Octane: Quiz Completed: Find The Perfect Eye Shadow   .,0
717,2025-01-28T01:06:00,Placed Order,1
1218,2025-04-12T22:43:43,Order Placed,1
746,2025-03-08T18:48:51,Placed Order,1
1813,2025-04-08T11:29:31,Viewed Product.,0
2376,2025-01-01T20:48:39,Order Placed,1
1228,2025-04-08T10:10:08,Viewed Product.,0
1017,2025-04-17T20:47:41,Octane: Quiz Completed: Find The Perfect Eye Shadow   .,0
2928,2025-02-28T12:59:12,Order Placed,1
404,2025-01-23T10:27:15,Email Open,0
2573,2025-03-26T02:36:14,Octane: Quiz Completed: Find The Perfect Eye Shadow   .,0
744,2025-03-25T09:34:53,Octane: Quiz Completed: Find The Perfect Eye Shadow   .,1
374,2025-01-30T23:04:34,Active on Site,0
2224,2025-01-13T00:50:42,Viewed Product XYZ   ,0
654,2025-03-11T21:45:25,Viewed Product.,0
148,2025-03-12T00:54:55,Unsubscribed,0
2266,2025-04-10T18:31:17,Clicked Email,0
303,2025-04-27T13:42:19,Viewed Product.,1
2145,2025-04-25T17:08:13,Opened Email,0
95,2025-02-16T01:12:08,Clicked email to unsubscribe,0
9,2025-01-07T21:30:07,Viewed Product.,0
966,2025-01-14T13:06:00,Opened Email,0
1658,2025-04-18T22:58:40,Blotout Viewed Product Xyz,0
2993,2025-01-18T13:54:12,SMS Delivered,0
1435,2025-04-11T21:57:45,Clicked email to unsubscribe,0
1364,2025-04-13T15:46:08,Order Placed,1
2259,2025-04-26T01:34:09,Opened Email,0
571,2025-01-26T07:03:16,Active on Site,0
144,2025-01-27T17:06:15,Viewed Product.,0
2384,2025-04-08T04:59:02,Active on Site,0
1411,2025-01-05T19:39:25,Black Crow Identified,1
480,2025-03-17T20:19:01,Placed Order,1
414,2025-04-24T23:00:42,Email Open,0
2314,2025-02-20T10:38:42,SMS Sent,0
1039,2025-02-08T09:19:57,Blotout Viewed Product Xyz,0
1955,2025-03-04T12:53:20,Email Open,1
66,2025-01-31T10:04:00,Viewed Product.,0
2764,2025-02-24T20:39:54,Active on Site,0
259,2025-02-22T05:20:56,Clicked email link,0
38,2025-03-03T11:32:55,SMS Delivered,0
52,2025-04-28T09:22:52,Viewed Product XYZ   ,0
1840,2025-02-05T14:23:29,Active on Site,0
1903,2025-01-30T11:41:20,Active on Site,0
2172,2025-02-01T22:36:48,Unsubscribed,0
2598,2025-04-16T22:25:06,Viewed Product XYZ   ,0
1413,2025-04-29T17:50:51,SMS Delivered,0
175,2025-04-12T18:26:37,Viewed Product XYZ   ,0
1274,2025-04-27T09:41:53,Viewed Product XYZ   ,1
2507,2025-04-03T15:32:38,Blotout Viewed Product Xyz,1
2292,2025-03-01T11:30:34,Clicked email link,0
884,2025-04-23T03:09:17,Clicked email to unsubscribe,0
1274,2025-01-14T20:25:59,Order Placed,1
146,2025-02-24T14:35:06,Clicked email link,0
1490,2025-04-16T06:48:46,SMS Sent,0
383,2025-01-01T10:38:27,Blotout Viewed Product Xyz,0
781,2025-03-16T18:02:12,Black Crow Identified,0
1929,2025-04-26T02:38:01,Email Open,0
2102,2025-01-19T04:00:24,Clicked email to unsubscribe,0
2446,2025-04-12T21:02:56,Placed Order,1
424,2025-03-12T03:22:01,Order Placed,1
767,2025-01-04T09:50:51,Clicked email to unsubscribe,0
2160,2025-04-19T10:41:28,Active on Site,0
2469,2025-04-02T09:24:41,Octane: Quiz Completed: Find The Perfect Eye Shadow   .,0
1219,2025-02-03T03:53:40,SMS Sent,0
1351,2025-04-18T20:07:00,Viewed Product.,0
1681,2025-02-05T09:03:25,Clicked email link,0
2032,2025-03-22T06:04:04,Email Open,0
2554,2025-01-12T18:40:10,Unsubscribed,0
594,2025-04-29T08:55:33,Placed Order,1
723,2025-03-06T01:11:01,Active on Site,0
845,2025-02-03T15:38:48,Clicked email link,0
1946,2025-03-03T07:03:13,Opened Email,0
2430,2025-01-05T22:07:58,Clicked Email,0
561,2025-01-18T12:39:31,Clicked email link,0
2340,2025-04-15T17:01:19,Order Placed,1
486,2025-02-28T02:04:33,Viewed Product XYZ   ,0
1310,2025-03-18T01:43:18,Clicked Email,0
141,2025-03-05T18:03:02,Blotout Viewed Product Xyz,0
2830,2025-04-20T06:18:46,Clicked email link,0
686,2025-01-02T08:45:15,Viewed Product.,0
1742,2025-02-07T22:34:51,Clicked email link,0
678,2025-02-01T20:31:36,Blotout Viewed Product Xyz,0
824,2025-04-17T06:39:02,Email Open,0
1516,2025-03-21T20:42:09,Clicked email link,0
2170,2025-03-23T13:48:43,Viewed Product XYZ   ,0
1728,2025-01-15T02:08:40,Clicked Email,0
1598,2025-04-29T00:10:04,Viewed Product.,0
914,2025-03-29T12:42:45,Order Placed,1
51,2025-02-15T07:38:02,Placed Order,1
383,2025-02-27T00:59:09,Placed Order,1
2941,2025-03-18T23:37:46,Viewed Product.,0
1053,2025-03-14T21:32:16,Unsubscribed,0
59,2025-02-26T03:18:51,Black Crow Identified,0
810,2025-03-05T04:23:34,Opened Email,0
1479,2025-01-13T03:33:14,Clicked email link,0
748,2025-01-16T20:58:07,Viewed Product XYZ   ,0
1525,2025-04-28T07:39:38,Clicked Email,0
200,2025-04-21T05:53:24,Clicked Email,0
1285,2025-01-24T03:21:41,Octane: Quiz Completed: Find The Perfect Eye Shadow   .,0
2786,2025-02-20T05:42:50,SMS Sent,0
447,2025-04-01T08:02:53,Active on Site,0
1731,2025-03-20T16:21:30,Unsubscribed,1
1053,2025-04-13T14:58:36,SMS Sent,0
434,2025-01-18T02:19:30,Clicked email to unsubscribe,0
1130,2025-03-26T05:24:55,Email Open,0
1985,2025-02-05T01:28:40,Order Placed,1
1876,2025-02-22T13:50:56,Placed Order,1
2943,2025-02-04T12:46:23,Email Open,0
659,2025-01-29T10:39:03,SMS Sent,0
1905,2025-04-19T01:38:30,SMS Sent,0
2572,2025-02-07T09:54:25,Clicked Email,0
1465,2025-01-17T18:15:14,Viewed Product.,0
407,2025-02-08T04:07:09,Black Crow Identified,0
753,2025-04-20T13:27:49,Placed Order,1
2773,2025-04-15T02:20:16,Clicked Email,0
50,2025-01-28T10:41:02,SMS Sent,0
890,2025-04-27T22:23:25,Viewed Product XYZ   ,0
1692,2025-02-28T07:57:46,Order Placed,1
213,2025-01-25T10:03:36,SMS Sent,0
2666,2025-04-25T04:58:22,Octane: Quiz Completed: Find The Perfect Eye Shadow   .,0
2521,2025-02-20T08:38:04,Clicked email to unsubscribe,0
245,2025-04-10T08:33:51,SMS Delivered,0
2759,2025-01-11T11:37:27,Viewed Product XYZ   ,1
2563,2025-01-25T20:35:02,Octane: Quiz Completed: Find The Perfect Eye Shadow   .,0
2399,2025-02-19T14:06:18,Placed Order,1
246,2025-04-28T20:54:18,SMS Delivered,0
2225,2025-03-19T19:11:13,Octane: Quiz Completed: Find The Perfect Eye Shadow   .,0
1334,2025-01-04T18:35:09,Clicked email link,0
1402,2025-02-21T21:52:37,SMS Delivered,0
1033,2025-01-18T16:04:44,Viewed Product.,0
2159,2025-04-19T05:10:33,SMS Delivered,0
1978,2025-01-21T13:58:44,Octane: Quiz Completed: Find The Perfect Eye Shadow   .,0
438,2025-04-19T21:37:28,Opened Email,0
1236,2025-02-14T23:18:24,Opened Email,1
1339,2025-04-11T23:23:25,Clicked email to unsubscribe,0
1043,2025-04-17T10:48:36,Email Open,0
1089,2025-02-23T22:15:00,Blotout Viewed Product Xyz,0
1593,2025-02-08T11:25:37,Blotout Viewed Product Xyz,0
2368,2025-01-14T17:58:40,Octane: Quiz Completed: Find The Perfect Eye Shadow   .,0
1994,2025-04-27T20:14:09,Placed Order,1
1686,2025-02-16T02:06:13,Order Placed,1
2539,2025-04-24T11:27:44,Active on Site,0
2247,2025-03-28T19:03:57,Placed Order,1
2659,2025-03-26T22:45:41,Viewed Product.,0
2432,2025-01-27T07:34:16,Active on Site,0
1905,2025-04-12T21:37:40,Clicked email to unsubscribe,0
319,2025-01-16T18:41:02,Black Crow Identified,0
1728,2025-01-23T17:03:23,Clicked email link,1
2272,2025-02-26T22:23:47,Blotout Viewed Product Xyz,0
341,2025-04-01T13:45:37,Viewed Product.,0
2504,2025-04-05T13:16:38,Octane: Quiz Completed: Find The Perfect Eye Shadow   .,0
1409,2025-02-09T03:29:30,Active on Site,0
2159,2025-04-23T01:56:04,Black Crow Identified,0
1661,2025-01-16T11:40:59,Order Placed,1
477,2025-01-27T01:28:00,Clicked email link,0
2579,2025-04-16T18:10:38,Black Crow Identified,0
2566,2025-03-17T02:40:05,SMS Delivered,0
2599,2025-02-01T15:46:38,SMS Delivered,0
1329,2025-04-07T16:10:52,Viewed Product XYZ   ,0
695,2025-03-22T20:02:00,Black Crow Identified,0
1516,2025-03-01T09:00:17,Unsubscribed,0
2262,2025-03-03T13:25:22,Clicked email to unsubscribe,0
349,2025-01-10T16:13:07,SMS Delivered,0
114,2025-01-23T00:21:34,Black Crow Identified,0
1759,2025-01-30T13:02:15,Black Crow Identified,0
1597,2025-04-21T15:52:02,Clicked email link,0
2455,2025-02-24T13:15:58,Clicked email link,1
2162,2025-01-06T03:31:58,Clicked email to unsubscribe,0
248,2025-01-23T12:34:20,Black Crow Identified,0
1933,2025-02-22T20:46:48,Email Open,0
505,2025-02-21T21:03:26,SMS Delivered,0
99,2025-04-11T01:10:40,Clicked email link,0
706,2025-03-21T15:19:37,Clicked Email,0
520,2025-04-09T20:39:01,Clicked Email,0
1494,2025-01-09T20:57:55,Email Open,0
716,2025-02-21T03:19:57,Black Crow Identified,0
2263,2025-04-26T14:32:09,Order Placed,1
1336,2025-01-15T17:13:00,Octane: Quiz Completed: Find The Perfect Eye Shadow   .,0
2707,2025-04-08T07:25:57,Unsubscribed,0
206,2025-02-19T00:38:39,Clicked email to unsubscribe,0
2452,2025-03-18T13:57:01,Order Placed,1
679,2025-03-31T16:59:22,Order Placed,1
2254,2025-03-14T16:36:02,Blotout Viewed Product Xyz,0
1627,2025-04-15T23:54:22,Opened Email,0
1312,2025-02-02T21:49:42,Clicked email link,0
1291,2025-02-05T08:55:27,Clicked email to unsubscribe,0
1371,2025-02-02T11:12:08,Opened Email,0
2029,2025-04-09T02:43:45,Black Crow Identified,0
1852,2025-03-29T11:10:28,Viewed Product.,1
2746,2025-03-11T10:33:28,Black Crow Identified,0
740,2025-02-02T14:48:09,Email Open,0
2822,2025-04-25T03:19:19,Placed Order,1
1897,2025-01-05T15:55:53,Viewed Product XYZ   ,0
2306,2025-03-29T04:45:40,Clicked email link,0
2806,2025-02-09T15:20:35,Placed Order,1
2405,2025-03-10T17:08:06,Viewed Product.,0
1768,2025-01-10T15:45:18,Clicked Email,0
231,2025-02-01T22:10:45,Blotout Viewed Product Xyz,0
62,2025-04-21T07:21:52,Placed Order,1
923,2025-04-21T07:34:58,Black Crow Identified,0
1037,2025-01-16T18:22:23,Black Crow Identified,0
1110,2025-01-02T18:47:43,Placed Order,1
996,2025-03-11T20:44:31,Active on Site,0
2385,2025-04-05T05:16:36,Viewed Product XYZ   ,0
2712,2025-01-30T07:35:19,Clicked email link,0
1761,2025-02-02T05:59:37,Clicked email to unsubscribe,0
1846,2025-01-15T08:09:08,SMS Delivered,0
508,2025-01-31T22:17:35,SMS Sent,0
2909,2025-04-12T09:10:10,Unsubscribed,0
2256,2025-03-24T04:50:29,Octane: Quiz Completed: Find The Perfect Eye Shadow   .,0
1363,2025-03-23T22:53:47,Clicked Email,0
2431,2025-03-23T07:02:05,Black Crow Identified,1
1077,2025-04-13T08:33:38,Viewed Product.,0
2359,2025-02-26T10:10:27,Clicked Email,0
120,2025-04-12T05:57:13,Opened Email,0
2642,2025-01-21T01:05:35,SMS Delivered,0
1514,2025-02-14T11:17:35,SMS Sent,0
631,2025-02-07T16:44:08,Active on Site,0
2440,2025-04-22T18:01:41,Unsubscribed,0
2761,2025-04-22T23:56:53,Order Placed,1
524,2025-02-20T00:45:00,SMS Sent,0
2703,2025-01-15T13:30:44,Clicked email to unsubscribe,0
2115,2025-04-26T02:21:34,Unsubscribed,0
1227,2025-03-18T02:49:12,Viewed Product.,0
1881,2025-01-05T23:32:58,Placed Order,1
517,2025-03-01T15:08:58,Order Placed,1
1238,2025-01-19T12:57:57,Active on Site,0
2841,2025-03-22T15:27:04,Opened Email,0
792,2025-01-14T05:44:41,Active on Site,0
1274,2025-04-18T07:56:01,SMS Delivered,0
1631,2025-03-09T04:01:31,SMS Delivered,0
1440,2025-04-15T08:27:07,Black Crow Identified,0
1150,2025-01-06T00:29:37,Order Placed,1
1868,2025-01-09T18:55:49,Unsubscribed,0
2601,2025-04-03T01:42:50,Email Open,0
1470,2025-01-27T14:25:36,SMS Delivered,0
181,2025-02-10T18:05:22,SMS Sent,0
33,2025-01-24T16:02:18,Order Placed,1
1150,2025-01-30T00:34:30,Opened Email,0
906,2025-01-06T15:12:20,SMS Delivered,0
221,2025-01-08T21:57:58,Viewed Product XYZ   ,0
2786,2025-03-23T06:04:54,Black Crow Identified,0
2087,2025-01-26T09:32:42,SMS Sent,0
359,2025-01-25T23:08:34,Order Placed,1
1426,2025-04-09T01:55:35,Blotout Viewed Product Xyz,0
1212,2025-03-27T00:45:16,SMS Delivered,0
780,2025-01-06T15:48:10,Blotout Viewed Product Xyz,0
1796,2025-02-21T17:23:07,Clicked Email,0
2675,2025-03-27T11:17:03,Placed Order,1
593,2025-03-31T03:32:43,Clicked email to unsubscribe,0
136,2025-01-04T07:48:02,Opened Email,0
2954,2025-02-22T17:47:26,Black Crow Identified,0
63,2025-02-17T16:10:41,Active on Site,0
1844,2025-01-31T05:55:09,Placed Order,1
1874,2025-04-22T14:01:11,SMS Delivered,0
2602,2025-02-07T07:42:50,Octane: Quiz Completed: Find The Perfect Eye Shadow   .,0
595,2025-02-02T09:16:17,Placed Order,1
1455,2025-03-28T11:52:16,SMS Sent,0
2532,2025-01-06T11:37:35,Order Placed,1
2198,2025-04-26T17:06:39,Email Open,0
1342,2025-03-05T11:31:47,Email Open,0
666,2025-03-01T05:22:17,Black Crow Identified,0
888,2025-01-16T23:05:05,Octane: Quiz Completed: Find The Perfect Eye Shadow   .,0
2203,2025-04-01T12:52:18,Clicked email to unsubscribe,0
535,2025-04-03T19:27:33,Black Crow Identified,0
1227,2025-02-26T11:27:47,SMS Delivered,0
2928,2025-04-15T10:29:47,Clicked email link,0
653,2025-02-27T15:23:39,Viewed Product XYZ   ,0
1694,2025-01-09T03:12:50,Opened Email,0
1003,2025-01-08T16:58:46,Viewed Product.,0
1030,2025-01-26T02:48:17,Order Placed,1
2767,2025-04-06T08:26:57,Clicked Email,0
842,2025-04-06T04:26:28,Clicked email to unsubscribe,0
408,2025-04-07T17:18:21,SMS Sent,0
2678,2025-04-15T02:58:17,SMS Delivered,0
1568,2025-03-06T02:01:21,Email Open,0
650,2025-04-10T10:25:34,Viewed Product.,0
230,2025-01-14T04:33:04,Placed Order,1
1426,2025-02-22T02:51:57,Placed Order,1
2924,2025-03-05T13:15:28,Blotout Viewed Product Xyz,0
2651,2025-04-22T21:58:59,Viewed Product XYZ   ,0
1698,2025-03-02T21:53:13,Active on Site,0
222,2025-04-13T15:47:30,Black Crow Identified,0
1919,2025-01-14T10:50:18,Unsubscribed,0
1737,2025-04-08T23:38:19,Viewed Product XYZ   ,0
978,2025-01-14T08:45:47,Email Open,0
1998,2025-03-06T19:53:21,Clicked Email,0
1062,2025-04-16T19:16:31,Clicked Email,0
1605,2025-03-06T00:34:47,Viewed Product XYZ   ,0
448,2025-04-11T07:35:19,Blotout Viewed Product Xyz,0
1979,2025-03-03T13:31:26,Clicked email to unsubscribe,0
2040,2025-02-19T00:58:29,Opened Email,0
88,2025-04-24T14:41:59,Viewed Product.,0
2871,2025-04-20T09:04:54,Active on Site,0
1370,2025-03-15T19:46:05,SMS Sent,0
2680,2025-02-21T06:13:33,Clicked email link,0
134,2025-03-29T21:57:03,Placed Order,1
524,2025-02-17T21:10:56,Black Crow Identified,0
1274,2025-03-18T16:05:00,SMS Sent,0
1959,2025-01-31T03:38:49,Clicked email to unsubscribe,0
1899,2025-01-01T06:15:28,Opened Email,0
797,2025-01-26T14:35:34,SMS Delivered,0
2740,2025-01-22T14:00:18,SMS Sent,0
2119,2025-04-02T13:11:25,Clicked email to unsubscribe,0
2742,2025-03-13T19:14:20,SMS Sent,0
804,2025-04-29T08:31:13,SMS Sent,0
833,2025-02-02T03:03:49,Viewed Product XYZ   ,0
133,2025-03-30T05:30:51,Active on Site,0
2991,2025-04-24T12:28:10,Blotout Viewed Product Xyz,0
1035,2025-02-27T00:55:05,Clicked email link,0
2847,2025-04-10T21:59:17,Blotout Viewed Product Xyz,0
2213,2025-02-18T01:57:59,Clicked email link,0
2090,2025-01-25T14:23:19,Placed Order,1
1299,2025-01-20T02:47:34,Clicked Email,0
2382,2025-03-23T00:14:11,Order Placed,1
1314,2025-01-06T06:44:25,Black Crow Identified,0
376,2025-02-28T09:44:25,Placed Order,1
1300,2025-03-20T05:25:00,Unsubscribed,0
102,2025-03-15T23:56:06,Order Placed,1
1419,2025-01-05T21:45:11,Opened Email,0
1271,2025-02-08T03:26:03,Clicked Email,0
676,2025-04-10T04:14:18,SMS Delivered,0
344,2025-03-29T13:19:18,Opened Email,0
369,2025-02-21T03:06:52,Octane: Quiz Completed: Find The Perfect Eye Shadow   .,0
2671,2025-01-11T13:19:34,Octane: Quiz Completed: Find The Perfect Eye Shadow   .,0
93,2025-03-06T03:30:53,Placed Order,1
2630,2025-03-11T18:27:38,Placed Order,1
263,2025-04-17T07:08:13,Order Placed,1
2854,2025-03-21T04:15:35,Viewed Product.,0
739,2025-01-01T05:40:12,SMS Sent,0
2700,2025-02-17T14:15:06,Clicked email to unsubscribe,0
1969,2025-01-15T10:55:52,Viewed Product XYZ   ,0
1805,2025-01-12T02:15:48,Black Crow Identified,0
1173,2025-02-10T08:21:53,Email Open,0
2158,2025-04-05T03:19:01,Order Placed,1
687,2025-01-28T17:42:18,Octane: Quiz Completed: Find The Perfect Eye Shadow   .,0
128,2025-04-21T10:12:13,Black Crow Identified,0
1878,2025-04-12T08:56:45,Clicked email to unsubscribe,0
1835,2025-03-02T23:19:03,Viewed Product XYZ   ,0
1007,2025-04-06T03:43:17,Viewed Product XYZ   ,0
399,2025-03-19T17:39:25,Blotout Viewed Product Xyz,0
2959,2025-02-13T08:31:36,Blotout Viewed Product Xyz,0
2221,2025-02-14T17:43:39,Email Open,0
1415,2025-04-20T11:58:28,Viewed Product.,0
140,2025-02-28T02:52:06,SMS Delivered,0
2227,2025-01-24T07:17:56,Unsubscribed,0
2092,2025-03-24T10:05:45,Viewed Product.,0
2361,2025-02-01T05:09:54,Email Open,0
875,2025-01-05T20:55:12,Active on Site,0
1316,2025-01-20T19:57:29,Opened Email,0
1493,2025-03-19T00:36:14,Blotout Viewed Product Xyz,0
2693,2025-03-02T19:12:42,SMS Sent,0
2946,2025-03-13T07:34:52,Unsubscribed,0
1716,2025-03-14T04:24:05,Blotout Viewed Product Xyz,0
86,2025-04-02T10:32:38,Order Placed,1
325,2025-03-20T00:17:41,Active on Site,0
2403,2025-03-05T23:25:55,Clicked email to unsubscribe,0
70,2025-01-29T07:20:01,SMS Delivered,0
305,2025-03-31T21:18:34,SMS Sent,0
1966,2025-03-11T20:33:25,Viewed Product.,0
1457,2025-03-11T16:53:45,Opened Email,0
706,2025-03-08T04:55:27,Email Open,0
2768,2025-01-17T11:35:01,SMS Delivered,0
399,2025-04-07T13:45:37,Placed Order,1
1111,2025-02-04T07:34:09,Octane: Quiz Completed: Find The Perfect Eye Shadow   .,0
2716,2025-01-03T14:08:42,Viewed Product XYZ   ,0
1470,2025-04-05T13:52:55,Clicked email link,0
258,2025-02-16T07:15:38,Opened Email,0
792,2025-03-13T12:58:06,Viewed Product.,0
2811,2025-02-14T09:23:37,Opened Email,0
1384,2025-02-08T21:24:07,Order Placed,1
2578,2025-04-17T18:09:32,Blotout Viewed Product Xyz,0
525,2025-03-12T20:04:47,Viewed Product.,0
1710,2025-03-07T19:59:10,Clicked email link,1
1201,2025-01-03T23:14:27,Placed Order,1
2422,2025-03-13T19:40:11,Blotout Viewed Product Xyz,0
1733,2025-01-14T01:05:32,Clicked email link,0
17,2025-04-13T07:48:26,Viewed Product.,0
1229,2025-04-30T13:22:46,Email Open,0
999,2025-03-15T07:43:51,Octane: Quiz Completed: Find The Perfect Eye Shadow   .,0
594,2025-04-25T02:10:01,Blotout Viewed Product Xyz,0
755,2025-03-16T08:15:48,Unsubscribed,0
2161,2025-02-10T08:47:45,Order Placed,1
2234,2025-03-16T00:06:56,SMS Sent,0
1131,2025-01-17T16:07:49,Clicked email to unsubscribe,0
2341,2025-01-29T07:49:29,SMS Sent,0
1822,2025-01-07T16:05:34,Black Crow Identified,0
844,2025-04-18T05:55:35,SMS Delivered,0
911,2025-03-16T06:15:58,Order Placed,1
2760,2025-01-18T07:48:52,Order Placed,1
1926,2025-02-04T15:59:29,SMS Sent,0
1971,2025-02-23T12:01:38,SMS Delivered,0
2149,2025-04-20T09:16:58,Clicked Email,0
1516,2025-03-26T13:07:26,Clicked email to unsubscribe,1
789,2025-04-19T10:49:37,Placed Order,1
1439,2025-02-07T13:25:00,Octane: Quiz Completed: Find The Perfect Eye Shadow   .,0
33,2025-04-13T01:14:11,Clicked email link,0
587,2025-01-03T13:32:05,Unsubscribed,0
645,2025-02-16T14:14:47,Unsubscribed,0
1997,2025-03-31T17:45:24,Clicked email to unsubscribe,0
2733,2025-04-18T15:19:02,Placed Order,1
2911,2025-01-28T06:44:11,SMS Delivered,0
746,2025-04-14T17:30:04,SMS Delivered,1
325,2025-03-18T04:07:55,Unsubscribed,0
2620,2025-01-12T16:33:04,Clicked email link,0
2076,2025-03-04T07:06:59,Clicked email link,0
668,2025-02-25T23:42:44,Placed Order,1
2815,2025-02-03T02:52:14,Opened Email,0
283,2025-04-10T07:23:59,Viewed Product XYZ   ,1
700,2025-04-17T02:23:24,Order Placed,1
2144,2025-02-21T13:49:29,Octane: Quiz Completed: Find The Perfect Eye Shadow   .,0
2314,2025-03-10T13:27:31,Black Crow Identified,0
522,2025-02-03T10:22:10,Order Placed,1
1332,2025-01-16T08:59:42,Blotout Viewed Product Xyz,0
425,2025-03-07T07:03:44,Opened Email,0
1212,2025-04-14T08:26:47,Clicked Email,0
792,2025-01-17T03:02:22,Unsubscribed,0
131,2025-02-06T13:59:40,Clicked email link,0
1447,2025-01-06T18:22:00,SMS Sent,0
455,2025-02-07T20:25:41,Viewed Product.,0
998,2025-04-29T04:38:20,Blotout Viewed Product Xyz,0
162,2025-04-16T19:53:43,Order Placed,1
1630,2025-03-25T06:50:47,SMS Delivered,0
1059,2025-04-28T01:35:07,Clicked email to unsubscribe,0
705,2025-03-28T12:32:17,Email Open,0
2983,2025-04-24T22:10:08,Order Placed,1
2434,2025-03-08T23:02:30,Viewed Product.,0
1275,2025-04-03T11:48:40,Order Placed,1
2028,2025-02-13T11:20:03,Opened Email,0
2976,2025-04-14T07:43:31,Clicked email link,1
287,2025-04-19T06:05:33,Clicked Email,0
1986,2025-01-19T12:50:57,Order Placed,1
1012,2025-02-12T04:52:45,SMS Sent,0
292,2025-04-09T01:27:23,Unsubscribed,0
1559,2025-01-12T18:54:20,Opened Email,0
630,2025-04-14T05:35:06,Order Placed,1
2010,2025-02-04T06:34:13,Placed Order,1
1856,2025-02-10T21:56:59,Clicked email to unsubscribe,0
277,2025-04-14T01:22:45,Order Placed,1
1743,2025-01-27T15:12:19,Unsubscribed,0
374,2025-01-15T11:52:15,Black Crow Identified,0
1806,2025-01-08T21:49:42,Black Crow Identified,0
2313,2025-03-05T21:06:46,SMS Sent,0
612,2025-03-26T07:18:16,Email Open,0
1490,2025-03-28T00:04:19,SMS Delivered,0
791,2025-01-27T09:29:27,Clicked Email,0
997,2025-03-05T05:29:58,Blotout Viewed Product Xyz,0
359,2025-04-27T15:01:28,Email Open,0
2103,2025-02-02T22:23:35,Active on Site,0
150,2025-03-15T13:16:31,Black Crow Identified,0
1087,2025-02-24T10:23:42,Blotout Viewed Product Xyz,0
1227,2025-03-22T14:44:47,Clicked email link,1
2745,2025-03-14T11:18:29,Opened Email,0
1876,2025-01-29T19:41:59,Active on Site,0
2016,2025-02-27T05:49:26,Viewed Product XYZ   ,1
2836,2025-02-09T16:15:37,Placed Order,1
1044,2025-02-21T09:56:09,Opened Email,0
591,2025-02-14T13:48:55,Viewed Product.,0
2037,2025-03-23T05:20:02,Order Placed,1
2010,2025-03-04T23:42:41,Viewed Product XYZ   ,0
1707,2025-04-24T14:44:20,Viewed Product XYZ   ,0
2643,2025-04-19T17:40:23,Clicked email link,0
220,2025-04-27T12:57:10,Order Placed,1
2198,2025-04-10T13:42:25,Blotout Viewed Product Xyz,0
2225,2025-04-21T01:08:58,Clicked Email,0
2211,2025-02-27T23:43:27,Clicked email to unsubscribe,0
2692,2025-02-01T08:45:58,Order Placed,1
480,2025-03-21T16:06:57,Clicked Email,0
93,2025-01-27T23:49:41,Viewed Product.,0
349,2025-04-12T03:23:37,Octane: Quiz Completed: Find The Perfect Eye Shadow   .,0
1173,2025-02-08T17:53:10,Blotout Viewed Product Xyz,0
754,2025-03-05T23:09:09,Blotout Viewed Product Xyz,0
1592,2025-04-20T05:27:38,Email Open,0
1443,2025-04-17T23:40:27,Active on Site,0
2860,2025-04-20T15:20:01,SMS Sent,0
2740,2025-03-27T14:27:02,Placed Order,1
915,2025-01-21T21:09:07,Clicked email to unsubscribe,0
1926,2025-01-12T15:25:05,Octane: Quiz Completed: Find The Perfect Eye Shadow   .,0
2368,2025-01-08T22:14:03,Clicked email link,0
379,2025-01-23T10:11:41,Clicked email to unsubscribe,0
2025,2025-04-26T17:22:36,Clicked email to unsubscribe,0
885,2025-01-27T17:36:02,Blotout Viewed Product Xyz,0
696,2025-03-06T10:02:40,Clicked email to unsubscribe,0
2019,2025-01-10T12:17:03,Clicked email to unsubscribe,0
1486,2025-01-28T10:24:39,Clicked Email,0
302,2025-04-22T19:34:00,Octane: Quiz Completed: Find The Perfect Eye Shadow   .,0
2500,2025-03-02T03:21:39,Clicked email to unsubscribe,0
2566,2025-02-10T00:57:41,Placed Order,1
2513,2025-03-11T23:07:44,Order Placed,1
2456,2025-02-20T15:05:57,Blotout Viewed Product Xyz,0
2413,2025-04-11T00:28:50,Order Placed,1
697,2025-01-01T02:30:28,Clicked email link,0
2154,2025-04-29T11:57:45,Octane: Quiz Completed: Find The Perfect Eye Shadow   .,0
1800,2025-02-20T22:11:13,Email Open,0
1161,2025-04-02T16:19:43,Opened Email,1
1327,2025-04-24T18:48:00,Unsubscribed,0
1453,2025-03-16T08:50:29,Viewed Product XYZ   ,0
2748,2025-03-28T11:32:35,Opened Email,0
2681,2025-04-28T10:15:28,Viewed Product XYZ   ,0
729,2025-01-30T12:15:53,Email Open,0
2193,2025-01-06T13:02:20,Clicked email to unsubscribe,0
2512,2025-04-24T08:21:06,Order Placed,1
374,2025-02-24T12:57:41,Unsubscribed,0
1424,2025-03-07T07:41:56,Viewed Product XYZ   ,0
1474,2025-03-07T04:59:55,Clicked email link,0
2512,2025-04-19T14:38:18,Email Open,0
1817,2025-02-14T05:01:03,Unsubscribed,0
2540,2025-03-10T12:14:55,Opened Email,0
2169,2025-02-17T05:41:24,Clicked Email,0
401,2025-01-10T04:15:47,Clicked email link,0
1454,2025-03-21T21:28:32,Email Open,0
2153,2025-01-17T19:32:57,SMS Delivered,0
995,2025-02-23T03:03:41,Order Placed,1
2206,2025-02-18T15:12:46,Viewed Product.,0
2584,2025-04-15T07:38:52,Email Open,0
2838,2025-02-12T18:11:53,Order Placed,1
812,2025-01-22T00:08:51,Viewed Product XYZ   ,0
1117,2025-01-25T06:34:17,Active on Site,0
938,2025-04-06T10:35:23,Opened Email,0
2398,2025-02-28T07:05:39,Placed Order,1
1363,2025-04-24T02:05:00,Email Open,0
26,2025-02-22T10:04:53,Unsubscribed,1
1696,2025-03-27T17:25:41,Active on Site,0
2518,2025-01-27T04:35:34,Clicked Email,0
1344,2025-01-16T10:25:01,Clicked Email,0
2885,2025-03-27T00:15:30,Viewed Product.,0
442,2025-03-09T07:19:00,SMS Delivered,0
784,2025-03-05T14:20:52,Octane: Quiz Completed: Find The Perfect Eye Shadow   .,0
1877,2025-01-11T08:31:03,SMS Delivered,1
273,2025-04-17T09:09:28,Black Crow Identified,0
518,2025-01-06T17:31:58,Email Open,0
837,2025-01-18T04:18:33,Black Crow Identified,0
594,2025-01-24T18:52:53,Black Crow Identified,0
877,2025-03-23T02:52:56,Black Crow Identified,0
2009,2025-01-12T10:30:13,Clicked Email,0
160,2025-02-04T20:16:38,Placed Order,1
2338,2025-03-11T20:51:40,SMS Delivered,0
1093,2025-02-23T06:01:38,Email Open,0
890,2025-02-17T08:37:14,Viewed Product XYZ   ,0
947,2025-01-17T12:24:03,Viewed Product XYZ   ,0
1584,2025-01-17T21:10:02,Email Open,0
755,2025-03-16T21:17:30,Viewed Product XYZ   ,0
1547,2025-01-20T04:27:07,SMS Sent,0
2048,2025-02-27T19:34:16,Unsubscribed,0
173,2025-02-24T00:19:28,Opened Email,0
2095,2025-01-06T19:03:30,Octane: Quiz Completed: Find The Perfect Eye Shadow   .,0
1443,2025-03-10T21:13:25,Clicked Email,0
2436,2025-02-01T05:28:00,Blotout Viewed Product Xyz,0
1854,2025-02-23T23:18:42,Octane: Quiz Completed: Find The Perfect Eye Shadow   .,0
2305,2025-02-01T11:59:22,Black Crow Identified,0
539,2025-04-25T00:29:10,Octane: Quiz Completed: Find The Perfect Eye Shadow   .,0
